-- MySQL dump 10.13  Distrib 5.7.13, for Win64 (x86_64)
--
-- Host: localhost    Database: p2p21_piaojuke_czbank
-- ------------------------------------------------------
-- Server version	5.6.21-log

/*!40101 SET @OLD_CHARACTER_SET_CLIENT=@@CHARACTER_SET_CLIENT */;
/*!40101 SET @OLD_CHARACTER_SET_RESULTS=@@CHARACTER_SET_RESULTS */;
/*!40101 SET @OLD_COLLATION_CONNECTION=@@COLLATION_CONNECTION */;
/*!40101 SET NAMES utf8 */;
/*!40103 SET @OLD_TIME_ZONE=@@TIME_ZONE */;
/*!40103 SET TIME_ZONE='+00:00' */;
/*!40014 SET @OLD_UNIQUE_CHECKS=@@UNIQUE_CHECKS, UNIQUE_CHECKS=0 */;
/*!40014 SET @OLD_FOREIGN_KEY_CHECKS=@@FOREIGN_KEY_CHECKS, FOREIGN_KEY_CHECKS=0 */;
/*!40101 SET @OLD_SQL_MODE=@@SQL_MODE, SQL_MODE='NO_AUTO_VALUE_ON_ZERO' */;
/*!40111 SET @OLD_SQL_NOTES=@@SQL_NOTES, SQL_NOTES=0 */;

--
-- Table structure for table `aa`
--

DROP TABLE IF EXISTS `aa`;
/*!40101 SET @saved_cs_client     = @@character_set_client */;
/*!40101 SET character_set_client = utf8 */;
CREATE TABLE `aa` (
  `productId` char(40) NOT NULL,
  PRIMARY KEY (`productId`)
) ENGINE=InnoDB DEFAULT CHARSET=utf8;
/*!40101 SET character_set_client = @saved_cs_client */;

--
-- Dumping data for table `aa`
--

LOCK TABLES `aa` WRITE;
/*!40000 ALTER TABLE `aa` DISABLE KEYS */;
INSERT INTO `aa` VALUES ('4028b88162278ed301622791bce00000');
INSERT INTO `aa` VALUES ('ff8080816229aa1f016229f1135e0000');
INSERT INTO `aa` VALUES ('ff808081622c88a701622cbbc0330004');
INSERT INTO `aa` VALUES ('ff808081622c88a701622e2417c100b9');
INSERT INTO `aa` VALUES ('ff808081622e4fdb01622e535b4d0001');
INSERT INTO `aa` VALUES ('ff808081623bdb3601623c086834000d');
INSERT INTO `aa` VALUES ('ff808081623ce4ae01623ceca4cf0003');
INSERT INTO `aa` VALUES ('ff80808162474dfb0162477ecdf9001a');
/*!40000 ALTER TABLE `aa` ENABLE KEYS */;
UNLOCK TABLES;

--
-- Table structure for table `account`
--

DROP TABLE IF EXISTS `account`;
/*!40101 SET @saved_cs_client     = @@character_set_client */;
/*!40101 SET character_set_client = utf8 */;
CREATE TABLE `account` (
  `accountId` varchar(32) NOT NULL,
  `createBy` varchar(32) DEFAULT NULL,
  `createTime` datetime DEFAULT NULL,
  `version` int(11) DEFAULT NULL,
  `accountCd` varchar(64) DEFAULT NULL,
  `accountNm` varchar(64) DEFAULT NULL,
  `amountFronze` decimal(19,4) DEFAULT NULL,
  `amountTotal` decimal(19,4) DEFAULT NULL,
  `amountVerify` decimal(19,4) DEFAULT NULL,
  `authorize` int(11) DEFAULT NULL,
  `defaultAccount` bit(1) DEFAULT NULL,
  `payPwd` varchar(255) DEFAULT NULL,
  `memberId` varchar(32) NOT NULL,
  `statusCode` varchar(255) DEFAULT NULL,
  `statusDesc` varchar(255) DEFAULT NULL,
  `trxId` varchar(255) DEFAULT NULL,
  `accountPhone` varchar(20) DEFAULT NULL,
  `accountPayAgreementNo` varchar(32) DEFAULT NULL,
  `autoBidAgreementNo` varchar(32) DEFAULT NULL,
  PRIMARY KEY (`accountId`),
  KEY `FK_ci5pvj3yv5odknv5612qv7v9l` (`memberId`),
  CONSTRAINT `FK_ci5pvj3yv5odknv5612qv7v9l` FOREIGN KEY (`memberId`) REFERENCES `member` (`memberId`)
) ENGINE=InnoDB DEFAULT CHARSET=utf8;
/*!40101 SET character_set_client = @saved_cs_client */;

--
-- Dumping data for table `account`
--

LOCK TABLES `account` WRITE;
/*!40000 ALTER TABLE `account` DISABLE KEYS */;
INSERT INTO `account` VALUES ('00000000571c120301571da945720005','system','2016-09-12 17:10:15',0,'PP201609121706180009962999','pFXz7Iz7',0.0000,0.0000,0.0000,0,'','','00000000571c120301571da1b8410002',NULL,NULL,NULL,'15310402797',NULL,NULL);
INSERT INTO `account` VALUES ('00000000571c120301571da956360007','system','2016-09-12 17:10:19',0,'PP201609121706000009962993','uBKZ827r',0.0000,0.0000,0.0000,0,'','','5d4c74a956d69fc40156d6e2fc8b0004',NULL,NULL,NULL,'15900001111',NULL,NULL);
INSERT INTO `account` VALUES ('00000000571c120301571db7f823001a','system','2016-09-12 17:26:18',0,'PP201609121724320009963025','dEgoE3gl',0.0000,0.0000,0.0000,0,'','','00000000571c120301571db35fa30017',NULL,NULL,NULL,'15900002222',NULL,NULL);
INSERT INTO `account` VALUES ('00000000572213f90157222e7dd40005','system','2016-09-13 14:14:14',0,'PP201609131412290009963369','0ySTUbkt',0.0000,0.0000,0.0000,0,'','','00000000572213f90157222261da0002',NULL,NULL,NULL,'13900000011',NULL,NULL);
INSERT INTO `account` VALUES ('00000000572213f901572239f09d000f','system','2016-09-13 14:26:45',0,'PP201609131424590009963380','O6X23yiX',0.0000,0.0000,0.0000,0,'','','00000000572213f90157223469b8000c',NULL,NULL,NULL,'17700000771',NULL,NULL);
INSERT INTO `account` VALUES ('000000005722562501572266e58e000a','system','2016-09-13 15:15:51',0,'PP201609131514050009963482','gWNd4G4D',0.0000,0.0000,0.0000,0,'','','00000000572256250157226425320007',NULL,NULL,NULL,'18200000991',NULL,NULL);
INSERT INTO `account` VALUES ('000000005722b2c801572648575b0006','system','2016-09-14 09:20:57',0,'PP201609140919120009963722','2xpp8xUk',0.0000,0.0000,0.0000,0,'','','000000005722b2c80157264465090003',NULL,NULL,NULL,'17700000772',NULL,NULL);
INSERT INTO `account` VALUES ('000000005722b2c80157266aa6c40046','system','2016-09-14 09:58:26',0,'PP201609140956380009963755','71D3DXEg',0.0000,0.0000,0.0000,0,'','','000000005722b2c80157264bf082001f',NULL,NULL,NULL,'13290000001',NULL,NULL);
INSERT INTO `account` VALUES ('000000005722b2c8015726796a8c0057','system','2016-09-14 10:14:33',0,'PP201609141012490009963767','KiNdTmeq',0.0000,0.0000,0.0000,0,'','','000000005722b2c80157267574220054',NULL,NULL,NULL,'13290000002',NULL,NULL);
INSERT INTO `account` VALUES ('000000005722b2c80157267ef20a0063','system','2016-09-14 10:20:36',0,'PP201609141018500009963777','gHcav5lf',0.0000,0.0000,0.0000,0,'','','000000005722b2c80157267d25230060',NULL,NULL,NULL,'15900003333',NULL,NULL);
INSERT INTO `account` VALUES ('00000000572681cd01572681efca0000','system','2016-09-14 10:23:52',0,'PP201609141022070009963782','HskfrZ7Q',0.0000,0.0000,0.0000,0,'','','000000005722b2c80157267abceb005b',NULL,NULL,NULL,'13290000003',NULL,NULL);
INSERT INTO `account` VALUES ('00000000572681cd01572683fdca0007','system','2016-09-14 10:26:06',0,'PP201609141024220009963786','zuxmz2Ep',0.0000,0.0000,0.0000,0,'','','00000000572681cd01572682dec60004',NULL,NULL,NULL,'13290000004',NULL,NULL);
INSERT INTO `account` VALUES ('0000000057405baf015740641bbd0000','system','2016-09-19 11:01:25',0,'PP201609191059440009969598','OGqVkH15',0.0000,0.0000,0.0000,0,'','','00000000573fe2a001574056c95d0011',NULL,NULL,NULL,'15123306826',NULL,NULL);
INSERT INTO `account` VALUES ('0000000057416bad0157416cb2800000','system','2016-09-19 15:50:25',0,'PP201609191548440009969996','4SwtuFfW',0.0000,0.0000,0.0000,0,'','','00000000574146300157415ad6a5000f',NULL,NULL,NULL,'18725702750',NULL,NULL);
INSERT INTO `account` VALUES ('0000000057416bad015741752fed0035','system','2016-09-19 15:59:41',0,'PP201609191558010009970034','5bZ7j5NG',0.0000,0.0000,0.0000,0,'','','0000000057416bad0157417205930027',NULL,NULL,NULL,'18700000000',NULL,NULL);
INSERT INTO `account` VALUES ('0000000057416bad0157418d4380003c','system','2016-09-19 16:25:59',0,'PP201609191624190009970053','E9aK1kj5',0.0000,0.0000,0.0000,0,'','','00000000574081e70157408dd6c30004',NULL,NULL,NULL,'18725727801',NULL,NULL);
INSERT INTO `account` VALUES ('0000000057416bad015741cbcb2b0057','system','2016-09-19 17:34:17',0,'PP201609191732370009970111','Ux2fC3Az',0.0000,0.0000,0.0000,0,'','','0000000057416bad015741b2ab6f004b',NULL,NULL,NULL,'18725727805',NULL,NULL);
INSERT INTO `account` VALUES ('000000005741eb76015741f69c2e0000','system','2016-09-19 18:21:03',0,'PP201609191819230009970153','0p0v2NMI',0.0000,0.0000,0.0000,0,'','','0000000057416bad015741d0a1a9005b',NULL,NULL,NULL,'18725727806',NULL,NULL);
INSERT INTO `account` VALUES ('0000000057d61e960157d682f6010005','system','2016-10-18 14:38:09',0,'PP201610181435390009983509','T3qG8eKW',0.0000,0.0000,0.0000,0,'','','0000000057d61e960157d666155f0002',NULL,NULL,NULL,'18982283449',NULL,NULL);
INSERT INTO `account` VALUES ('0000000057fe92a30157feb8edb10000','system','2016-10-26 10:01:54',0,'PP201610260959320009985585','CIWpptsc',0.0000,0.0000,0.0000,0,'','','0000000057fadcac0157faec74630002',NULL,NULL,NULL,'18651868943',NULL,NULL);
INSERT INTO `account` VALUES ('000000005a462c2f015a4699d105003d','system','2017-02-16 19:06:10',0,'PP201702161111280010051430','kq3x5h8V',0.0000,0.0000,0.0000,0,'','','000000005a462c2f015a46995a060038',NULL,NULL,NULL,'15511163798',NULL,NULL);
INSERT INTO `account` VALUES ('000000005a462c2f015a469b56700046','system','2017-02-16 19:07:49',0,'PP201702161133130010051456','m6YC1Qg7',0.0000,0.0000,0.0000,0,'','','000000005a462c2f015a469b28e90041',NULL,NULL,NULL,'15875948021',NULL,NULL);
INSERT INTO `account` VALUES ('000000005a54f54b015a55337086000a','system','2017-02-19 15:08:38',0,'PP201702171511390010052063','YnMcKxf2',0.0000,0.0000,0.0000,0,'','','000000005a1c6732015a20cfb7c90033',NULL,NULL,NULL,'15823408402',NULL,NULL);
INSERT INTO `account` VALUES ('000000005a841db0015a87c806040012','system','2017-03-01 10:51:57',0,'PP201703011028350010062299','kDYi0szF',0.0000,0.0000,0.0000,0,'','','000000005a59a59c015a59a7af6f0004',NULL,NULL,NULL,'18602327769',NULL,NULL);
INSERT INTO `account` VALUES ('000000005a841db0015a87dd54db0015','system','2017-03-01 11:15:13',0,'PP201703011057520010062346','4Sqqts8U',0.0000,0.0000,0.0000,0,'','','000000005a7dab5a015a7e6646ec0026',NULL,NULL,NULL,'18982283448',NULL,NULL);
INSERT INTO `account` VALUES ('000000005a841db0015a87ee51400017','system','2017-03-01 11:33:46',0,'PP201703011126270010062394','6uUzOMTI',0.0000,0.0000,0.0000,0,'','','000000005a7dab5a015a7e61f582001b',NULL,NULL,NULL,'18200000996',NULL,NULL);
INSERT INTO `account` VALUES ('000000005a841db0015a87fd7441001c','system','2017-03-01 11:50:18',0,'PP201703011146530010062415','a2EnFIf3',0.0000,0.0000,0.0000,0,'','','000000005a7dab5a015a7e5d25110014',NULL,NULL,NULL,'13900000034',NULL,NULL);
INSERT INTO `account` VALUES ('000000005a841db0015a88bde5ff003f','system','2017-03-01 15:20:30',0,'PP201703011518330010062507','Dk13P3JS',0.0000,0.0000,0.0000,0,'','','000000005a841db0015a886755450033',NULL,NULL,NULL,'15823408463',NULL,NULL);
INSERT INTO `account` VALUES ('000000005a8e78e6015a8e8224f60000','system','2017-03-02 18:12:58',0,'PP201703011552560010062601','zOlkriN3',0.0000,0.0000,0.0000,0,'','','000000005a841db0015a88d5a3b00059',NULL,NULL,NULL,'15823408465',NULL,NULL);
INSERT INTO `account` VALUES ('000000005a8e78e6015a8e834ba70002','system','2017-03-02 18:14:13',0,'PP201703011956110010062818','pbe7XREx',0.0000,0.0000,0.0000,0,'','','00000000588a2ad701588b19bd6f000e',NULL,NULL,NULL,'13524554089',NULL,NULL);
INSERT INTO `account` VALUES ('000000005a8f2ba2015a91ce738d0000','system','2017-03-03 09:35:10',0,'PP201703021732220010063685','BrbEWHFb',0.0000,0.0000,0.0000,0,'','','000000005a8ca480015a8cc5ebe30002',NULL,NULL,NULL,'15823408467',NULL,NULL);
INSERT INTO `account` VALUES ('000000005a8f2ba2015a91d22f060006','system','2017-03-03 09:39:15',0,'PP201703021528210010063437','qZjqV8B0',0.0000,0.0000,0.0000,0,'','','000000005a841db0015a88da5ce40060',NULL,NULL,NULL,'15823408466',NULL,NULL);
INSERT INTO `account` VALUES ('000000005a922279015a92299c950009','system','2017-03-03 11:14:45',0,'PP201703031112490010063922','tNaX5ZG1',0.0000,0.0000,0.0000,0,'','','000000005a4781bd015a49b221490011',NULL,NULL,NULL,'13600000016',NULL,NULL);
INSERT INTO `account` VALUES ('000000005a922279015a922b6a74000f','system','2017-03-03 11:16:43',0,'PP201703031114480010063930','pQExuNKe',0.0000,0.0000,0.0000,0,'','','000000005a922279015a922919970004',NULL,NULL,NULL,'15823408402',NULL,NULL);
INSERT INTO `account` VALUES ('000000005a922279015a922e40070013','system','2017-03-03 11:19:48',0,'PP201703031117530010063934','GlIP0Zlh',0.0000,0.0000,0.0000,0,'','','000000005a841db0015a88cb2ffd0052',NULL,NULL,NULL,'15900001111',NULL,NULL);
INSERT INTO `account` VALUES ('000000005a922279015a92307413001e','system','2017-03-03 11:22:13',0,'PP201703011014190010062272','r7WgZQUO',0.0000,0.0000,0.0000,0,'','','000000005a7d7efe015a7d8046f20004',NULL,NULL,NULL,'15823408462',NULL,NULL);
INSERT INTO `account` VALUES ('000000005a922279015a92319a000020','system','2017-03-03 11:23:28',0,'PP201703031121330010063939','r7gb65ZD',0.0000,0.0000,0.0000,0,'','','000000005a922279015a922fb22b0019',NULL,NULL,NULL,'15823408401',NULL,NULL);
INSERT INTO `account` VALUES ('ff8080814faaed76014fabcbf1a40030','system','2015-01-01 09:00:00',0,'p1350','PTZH',0.0000,0.0000,0.0000,0,'','','ff8080814faaed76014fabcbf1a40030',NULL,NULL,NULL,NULL,NULL,NULL);
INSERT INTO `account` VALUES ('ff8080815a92b3f1015a92d405c10008','system','2017-03-03 14:20:53',0,'PP201703031418570010064618','3WwGl8DH',0.0000,0.0000,0.0000,0,'','','ff8080815a92b3f1015a92cc48da0003',NULL,NULL,NULL,'15823408472',NULL,NULL);
INSERT INTO `account` VALUES ('ff8080815a92f7b9015a9319bd2e0012','system','2017-03-03 15:37:01',0,'PP201703031535070010064685','220O4iRC',0.0000,0.0000,0.0000,0,'','','ff8080815a92f7b9015a93139af2000b',NULL,NULL,NULL,'15823408402',NULL,NULL);
INSERT INTO `account` VALUES ('ff8080815aad168a015aadec895d0001','system','2017-03-08 20:37:24',0,'PP201703082037070010072398','PdKiVbPM',0.0000,0.0000,0.0000,0,'','','0000000059055c380159055d64c10002',NULL,NULL,NULL,'13900000033',NULL,NULL);
INSERT INTO `account` VALUES ('ff8080815aad168a015aadfabd300005','system','2017-03-08 20:52:55',0,'PP201703082052380010072408','LgiHhTVr',0.0000,0.0000,0.0000,0,'','','0000000059055f170159056a0fc90002',NULL,NULL,NULL,'13900000044',NULL,NULL);
INSERT INTO `account` VALUES ('ff8080815aad168a015ab0bed39d0016','system','2017-03-09 09:46:20',0,'PP201703090946040010072759','NfULfZJV',0.0000,0.0000,0.0000,0,'','','0000000059055f17015905955657000b',NULL,NULL,NULL,'13900000055',NULL,NULL);
INSERT INTO `account` VALUES ('ff8080815ab12858015ab1c6b0d90020','system','2017-03-09 14:34:33',0,'PP201703091434170010077889','BxHcezjI',0.0000,0.0000,0.0000,0,'','','000000005a8ca480015a8cdfb04c0026',NULL,NULL,NULL,'15900001112',NULL,NULL);
INSERT INTO `account` VALUES ('ff8080815ab64a75015ab65c43250000','system','2017-03-10 11:56:24',0,'PP201703101156080010079040','NMMdlWQz',0.0000,0.0000,0.0000,0,'','','ff8080815aa721ca015aa759df780004',NULL,NULL,NULL,'12345678901',NULL,NULL);
INSERT INTO `account` VALUES ('ff8080815ac5bedd015ac6471b720006','system','2017-03-13 14:07:13',0,'PP201703131407000010080163','xNZwiLQj',0.0000,0.0000,0.0000,0,'','','be1adb806d364f7bbcab974f9a16eca8',NULL,NULL,NULL,'18369351315',NULL,NULL);
INSERT INTO `account` VALUES ('ff8080815ac5bedd015ac665f70d0008','system','2017-03-13 14:40:55',0,'PP201703131440420010080175','uvweJF2u',0.0000,0.0000,0.0000,0,'','','32722461686f420da592f8a655d7fb7f',NULL,NULL,NULL,'13965100585',NULL,NULL);
INSERT INTO `account` VALUES ('ff8080815ac5bedd015ac66cee3b000a','system','2017-03-13 14:48:32',0,'PP201703131448190010080186','edFsIMaF',0.0000,0.0000,0.0000,0,'','','fd4d7a9c6a4441799135e38ac8d96933',NULL,NULL,NULL,'15201510944',NULL,NULL);
INSERT INTO `account` VALUES ('ff8080815ac5bedd015ac675c97c000c','system','2017-03-13 14:58:12',0,'PP201703131457590010080196','ODiDIxWu',0.0000,0.0000,0.0000,0,'','','d21ee028e83b48638c6ebfd1741195ca',NULL,NULL,NULL,'13809027356',NULL,NULL);
INSERT INTO `account` VALUES ('ff8080815ac67ab8015ac67ea20e0000','system','2017-03-13 15:07:52',0,'PP201703131507390010080209','0nUos0Ez',0.0000,0.0000,0.0000,0,'','','0c10d8e2e01b4308a50722f07dbbf72a',NULL,NULL,NULL,'13901640315',NULL,NULL);
INSERT INTO `account` VALUES ('ff8080815ac67ab8015ac68e05a70006','system','2017-03-13 15:24:40',0,'PP201703131524270010080228','XdrDb9W1',0.0000,0.0000,0.0000,0,'','','dfc4c0b6b44e4797bdff4081f979d591',NULL,NULL,NULL,'18930352770',NULL,NULL);
INSERT INTO `account` VALUES ('ff8080815ac67ab8015ac6994e4b0014','system','2017-03-13 15:37:00',0,'PP201703131536470010080267','S1raPrPN',0.0000,0.0000,0.0000,0,'','','a2491a1cccec4fa69ea89cfe5f233cf9',NULL,NULL,NULL,'13407056009',NULL,NULL);
INSERT INTO `account` VALUES ('ff8080815acdc9ee015ad0aae8b8002c','system','2017-03-15 14:32:26',0,'PP201703021110160010063093','A6IxhrX6',0.0000,0.0000,0.0000,0,'','','1e127118779d47eba82b015320c1717d',NULL,NULL,NULL,'18982283449',NULL,NULL);
INSERT INTO `account` VALUES ('ff8080815ad65ef2015ad66cb13f0001','system','2017-03-16 17:22:11',0,'PP201703161722010010084149','gNb9ddsl',0.0000,0.0000,0.0000,0,'','','49d45881ec564b84a86f28323d458386',NULL,NULL,NULL,'13776653551',NULL,NULL);
INSERT INTO `account` VALUES ('ff8080815ad65ef2015ad6b73e18000e','system','2017-03-16 18:43:37',0,'PP201703161843270010084605','JdHyzyeI',0.0000,0.0000,0.0000,0,'','','ff8080815ad1493c015ad162a52b001a',NULL,NULL,NULL,'15823408485',NULL,NULL);
INSERT INTO `account` VALUES ('ff8080815adc11b9015adc1e2665000f','system','2017-03-17 19:54:07',0,'PP201703171951530010086804','JB3aEqqt',0.0000,0.0000,0.0000,0,'','','ff8080815adc11b9015adc17e38f0006',NULL,NULL,NULL,'15823408488',NULL,NULL);
INSERT INTO `account` VALUES ('ff8080815adc513f015adc5c76350004','system','2017-03-17 21:02:11',0,'PP201703172059570010086808','YAzpaDh4',0.0000,0.0000,0.0000,0,'','','ff8080815adc11b9015adc3af4660015',NULL,NULL,NULL,'15823408487',NULL,NULL);
INSERT INTO `account` VALUES ('ff8080815adc8bdb015adc9ae0590009','system','2017-03-17 22:10:21',0,'PP201703172208070010086813','nUU5wqbB',0.0000,0.0000,0.0000,0,'','','ff8080815adc8bdb015adc942fd20002',NULL,NULL,NULL,'15823408493',NULL,NULL);
INSERT INTO `account` VALUES ('ff8080815ae99eab015ae9afe8290011','system','2017-03-20 11:08:23',0,'PP201703201106110010088138','ShHNp0XN',0.0000,0.0000,0.0000,0,'','','ff8080815ae99eab015ae9aab707000c',NULL,NULL,NULL,'15823408420',NULL,NULL);
INSERT INTO `account` VALUES ('ff8080815ae99eab015ae9b8bc96001a','system','2017-03-20 11:18:02',0,'PP201703201115500010088162','x6waB2FG',0.0000,0.0000,0.0000,0,'','','ff8080815ae99eab015ae9b7535c0015',NULL,NULL,NULL,'15823408421',NULL,NULL);
INSERT INTO `account` VALUES ('ff8080815aea77f0015aea8324880007','system','2017-03-20 14:59:07',0,'PP201703201456550010088399','Z7mmvL29',0.0000,0.0000,0.0000,0,'','','ff8080815aea77f0015aea7d54f80002',NULL,NULL,NULL,'15823408426',NULL,NULL);
INSERT INTO `account` VALUES ('ff8080815aea77f0015aea8ef8160013','system','2017-03-20 15:12:02',0,'PP201703201509500010088414','pzClikc0',0.0000,0.0000,0.0000,0,'','','ff8080815ae99eab015ae9c76edd0022',NULL,NULL,NULL,'15823408422',NULL,NULL);
INSERT INTO `account` VALUES ('ff8080815aea991a015aeaa214930014','system','2017-03-20 15:32:55',0,'PP201703201530420010089546','UYx3HT7d',0.0000,0.0000,0.0000,0,'','','ff8080815aea991a015aea9bd4300002',NULL,NULL,NULL,'15823408428',NULL,NULL);
INSERT INTO `account` VALUES ('ff8080815aeab089015aeab500500004','system','2017-03-20 15:53:35',0,'PP201703201551220010089602','Sy6DGrZD',0.0000,0.0000,0.0000,0,'','','ff8080815aeaa562015aeaaa46310002',NULL,NULL,NULL,'15823408440',NULL,NULL);
INSERT INTO `account` VALUES ('ff8080815aeab089015aeacbfefd0028','system','2017-03-20 16:18:42',0,'PP201703201616290010089678','Bsm12jtC',0.0000,0.0000,0.0000,0,'','','ff8080815aeaa562015aeaad9b510011',NULL,NULL,NULL,'15823408441',NULL,NULL);
INSERT INTO `account` VALUES ('ff8080815aeb0399015aee6f5d080005','system','2017-03-21 09:16:00',0,'PP201703210913480010090538','q1PCrNvl',0.0000,0.0000,0.0000,0,'','','ff8080815aeab089015aeab7cf40000a',NULL,NULL,NULL,'15823408445',NULL,NULL);
INSERT INTO `account` VALUES ('ff8080815aee7f3e015aee86d6600000','system','2017-03-21 09:41:38',0,'PP201703210939270010090619','bFH1CDTA',0.0000,0.0000,0.0000,0,'','','ff8080815aeab089015aeaba6fcc0013',NULL,NULL,NULL,'15823408443',NULL,NULL);
INSERT INTO `account` VALUES ('ff8080815aee909c015aee98958b0000','system','2017-03-21 10:01:01',0,'PP201703210958500010090647','bbE2wV4O',0.0000,0.0000,0.0000,0,'','','ff8080815aee7f3e015aee8f20d70004',NULL,NULL,NULL,'15823408442',NULL,NULL);
INSERT INTO `account` VALUES ('ff8080815aeead00015aeeb2d3d30000','system','2017-03-21 10:29:41',0,'PP201703211027300010090728','SYLmJIUw',0.0000,0.0000,0.0000,0,'','','ff8080815aeab089015aeabc11cc001c',NULL,NULL,NULL,'15823408444',NULL,NULL);
INSERT INTO `account` VALUES ('ff8080815aeebd4b015aeec0e1cd0009','system','2017-03-21 10:45:02',0,'PP201703211042510010090774','PkSW52TR',0.0000,0.0000,0.0000,0,'','','ff8080815aeebd4b015aeebf47d40005',NULL,NULL,NULL,'15900006666',NULL,NULL);
INSERT INTO `account` VALUES ('ff8080815aeecbb8015aeecd6c4c0005','system','2017-03-21 10:58:44',0,'PP201703211056330010090881','r79p7hL1',0.0000,0.0000,0.0000,0,'','','ff8080815aeecbb8015aeecccbbd0002',NULL,NULL,NULL,'15900007777',NULL,NULL);
INSERT INTO `account` VALUES ('ff8080815aeed9db015aeedd91f30007','system','2017-03-21 11:16:22',0,'PP201703211114110010090916','K5z2THlJ',0.0000,0.0000,0.0000,0,'','','ff8080815aeed9db015aeedcae940002',NULL,NULL,NULL,'15900008888',NULL,NULL);
INSERT INTO `account` VALUES ('ff8080815aeee4ad015aeee9e213000b','system','2017-03-21 11:29:49',0,'PP201703211127380010090936','jOTDhEGe',0.0000,0.0000,0.0000,0,'','','ff8080815aeee4ad015aeee629be0002',NULL,NULL,NULL,'15823406403',NULL,NULL);
INSERT INTO `account` VALUES ('ff8080815aeeeecf015aef013c1b0013','system','2017-03-21 11:55:19',0,'PP201703211153080010090998','HNldvcfy',0.0000,0.0000,0.0000,0,'','','ff8080815aeeeecf015aeefd7395000a',NULL,NULL,NULL,'15823406404',NULL,NULL);
INSERT INTO `account` VALUES ('ff8080815af02ee0015af04f27ca001c','system','2017-03-21 18:00:03',0,'PP201703211757520010095003','CVDqfdBH',0.0000,0.0000,0.0000,0,'','','ff8080815aeeeecf015aef194d02002b',NULL,NULL,NULL,'15823406406',NULL,NULL);
INSERT INTO `account` VALUES ('ff8080815af0630f015af065955c0002','system','2017-03-21 18:24:33',0,'PP201703211822220010095308','oPaDS8u6',0.0000,0.0000,0.0000,0,'','','ff8080815aeeeecf015aef1ffa240038',NULL,NULL,NULL,'15823406405',NULL,NULL);
INSERT INTO `account` VALUES ('ff8080815af3d90a015af400f1720015','system','2017-03-22 11:13:06',0,'PP201703221110560010097089','ZUZPEzJZ',0.0000,0.0000,0.0000,0,'','','ff8080815af3d90a015af3ff0666000e',NULL,NULL,NULL,'15823406409',NULL,NULL);
INSERT INTO `account` VALUES ('ff8080815afeee6a015aff64c66f0008','system','2017-03-24 16:17:58',0,'PP201703241615500010114192','VLcBlk6y',0.0000,0.0000,0.0000,0,'','','ff8080815afed3f1015afee1bdd50002',NULL,NULL,NULL,'15823406421',NULL,NULL);
INSERT INTO `account` VALUES ('ff8080815afeee6a015aff6731780011','system','2017-03-24 16:20:37',0,'PP201703241618170010114200','Jqz4vLV8',0.0000,0.0000,0.0000,0,'','','ff8080815afeee6a015aff65b7ee000c',NULL,NULL,NULL,'15823406422',NULL,NULL);
INSERT INTO `account` VALUES ('ff8080815b1436fe015b17c855760016','system','2017-03-29 09:57:36',0,'PP201703290955310010123773','n33qLmZm',0.0000,0.0000,0.0000,0,'','','ff8080815b1436fe015b17c5243f0013',NULL,NULL,NULL,'13900000053',NULL,NULL);
INSERT INTO `account` VALUES ('ff8080815b28b3d1015b28cb51520000','system','2017-04-01 17:14:24',0,'PP201704011712440010131501','brejhAtg',0.0000,0.0000,0.0000,0,'','','ff8080815af3d90a015af49b8d4a001d',NULL,NULL,NULL,'13900000051',NULL,NULL);
INSERT INTO `account` VALUES ('ff8080815b28d03e015b28d3bfa60000','system','2017-04-01 17:23:37',0,'PP201703241346090010113051','NwkKyTMW',0.0000,0.0000,0.0000,0,'','','ff8080815afdfdab015afed369630002',NULL,NULL,NULL,'15823406420',NULL,NULL);
INSERT INTO `account` VALUES ('ff8080815b28d03e015b28e1c11d0002','system','2017-04-01 17:38:55',0,'PP201704011737140010131740','XSyaqW7Q',0.0000,0.0000,0.0000,0,'','','ff8080815aea991a015aeaa041a6000d',NULL,NULL,NULL,'15823408429',NULL,NULL);
INSERT INTO `account` VALUES ('ff8080815b65442a015b6551e9ae000a','system','2017-04-13 11:18:38',0,'PP201704131117080010154006','tf3A5EL9',0.0000,0.0000,0.0000,0,'','','ff8080815b65442a015b654c864a0002',NULL,NULL,NULL,'15923408403',NULL,NULL);
INSERT INTO `account` VALUES ('ff8080815bc4b9e6015bc4d24b8d0000','system','2017-05-02 00:22:47',0,'PP201704011553200010131280','XxATrkry',0.0000,0.0000,0.0000,0,'','','ff8080815af3d90a015af4a3bc790024',NULL,NULL,NULL,'13900000052',NULL,NULL);
INSERT INTO `account` VALUES ('ff8080815bd20382015bd6622452003d','system','2017-05-05 10:13:27',0,'PP201705051011290010177115','QWwRhf1H',0.0000,0.0000,0.0000,0,'','','ff8080815bd20382015bd660e29c0034',NULL,NULL,NULL,'15823406601',NULL,NULL);
INSERT INTO `account` VALUES ('ff8080815bd20382015bd672e79d0058','system','2017-05-05 10:31:46',0,'PP201705051029480010177221','ltn49ZPu',0.0000,0.0000,0.0000,0,'','','ff8080815bd20382015bd671968d004f',NULL,NULL,NULL,'15823406602',NULL,NULL);
INSERT INTO `account` VALUES ('ff8080815beaebac015beb5572910000','system','2017-05-09 11:51:37',0,'PP201705091149470010193369','AquWm10F',0.0000,0.0000,0.0000,0,'','','00da21071d654571a8d311a227b29a0e',NULL,NULL,NULL,'15821240929',NULL,NULL);
INSERT INTO `account` VALUES ('ff8080815c15099e015c1989b3d10004','system','2017-05-18 11:11:13',0,'PP201705181109320010235598','ysYGQOBW',0.0000,0.0000,0.0000,0,'','','ff8080815bfc21fd015c0b4730b300a5',NULL,NULL,NULL,'15523446632',NULL,NULL);
INSERT INTO `account` VALUES ('ff8080815c1acf21015c1ad36ead0000','system','2017-05-18 17:11:23',0,'PP201705181709410010237892','f1uJ7skG',0.0000,0.0000,0.0000,0,'','','ff8080815bfc21fd015c0b3759c60092',NULL,NULL,NULL,'15523446631',NULL,NULL);
INSERT INTO `account` VALUES ('ff8080815c426364015c4264d0180000','system','2017-05-26 09:35:22',0,'PP201705260933470010314393','MkWBlYCS',0.0000,0.0000,0.0000,0,'','','ff8080815bfc21fd015bfc260ccd000b',NULL,NULL,NULL,'15310606468',NULL,NULL);
INSERT INTO `account` VALUES ('ff8080815c426364015c426a81ac0007','system','2017-05-26 09:41:35',0,'PP201705260940010010314411','28raM4Ti',0.0000,0.0000,0.0000,0,'','','ff8080815bfc21fd015c0b49997b00bd',NULL,NULL,NULL,'15532344664',NULL,NULL);
INSERT INTO `account` VALUES ('ff8080815c426364015c42a4f814000e','system','2017-05-26 10:45:26',0,'PP201705261043520010314590','FO6k5u7W',0.0000,0.0000,0.0000,0,'','','ff8080815bfc21fd015c0b47c68100b0',NULL,NULL,NULL,'15532344663',NULL,NULL);
INSERT INTO `account` VALUES ('ff8080815c426364015c42a92db50015','system','2017-05-26 10:50:02',0,'PP201705261048280010314601','2ZyKF0jn',0.0000,0.0000,0.0000,0,'','','ff8080815bfc21fd015c0b099281007c',NULL,NULL,NULL,'15523441235',NULL,NULL);
INSERT INTO `account` VALUES ('ff8080815c426364015c42acdb77001c','system','2017-05-26 10:54:03',0,'PP201705261052290010314621','pSRN0KJJ',0.0000,0.0000,0.0000,0,'','','ff8080815bfc21fd015c0b0bb0390087',NULL,NULL,NULL,'15523441236',NULL,NULL);
INSERT INTO `account` VALUES ('ff8080815c426364015c42c5268e0023','system','2017-05-26 11:20:35',0,'PP201705261119010010314683','Tbnq2l2O',0.0000,0.0000,0.0000,0,'','','ff8080815bfc21fd015c0afc27f10071',NULL,NULL,NULL,'15523441234',NULL,NULL);
INSERT INTO `account` VALUES ('ff8080815c426364015c42cfce5c002a','system','2017-05-26 11:32:14',0,'PP201705261130390010314708','zAMzYTUa',0.0000,0.0000,0.0000,0,'','','ff8080815bfc21fd015bfc42e3b80018',NULL,NULL,NULL,'13333333333',NULL,NULL);
INSERT INTO `account` VALUES ('ff8080815c426364015c43597d530031','system','2017-05-26 14:02:37',0,'PP201705261401030010314904','YG5f4dsw',0.0000,0.0000,0.0000,0,'','','ff8080815acdc9ee015ad0d8c2160047',NULL,NULL,NULL,'15823408482',NULL,NULL);
INSERT INTO `account` VALUES ('ff8080815da19d1b015da6ecf21e0012','system','2017-08-03 15:08:52',0,'PP201708031507540010691807','ZsEf4Zl7',0.0000,0.0000,0.0000,0,'','','ff8080815da19d1b015da6d77127000b',NULL,NULL,NULL,'15523886600',NULL,NULL);
INSERT INTO `account` VALUES ('ff80808162272ed10162273cdfaa0005','system','2018-03-15 09:18:43',0,'PP201803150920300012000053','ogjHRqk5',0.0000,0.0000,0.0000,0,'','','ff80808162272ed1016227340b250002',NULL,NULL,NULL,'15310405001',NULL,NULL);
INSERT INTO `account` VALUES ('ff80808162272ed10162274266710019','system','2018-03-15 09:24:45',0,'PP201803150926320012000071','2RqZCIAg',0.0000,0.0000,0.0000,0,'','','ff80808162272ed10162273faf320016',NULL,NULL,NULL,'15310405002',NULL,NULL);
INSERT INTO `account` VALUES ('ff808081622c87a601622cb6a37e0002','system','2018-03-16 10:49:49',0,'PP201803161051350012005862','MXGtZgwl',0.0000,0.0000,0.0000,0,'','','ff8080816229a91901622c7458bd0006',NULL,NULL,NULL,'15310405003',NULL,NULL);
INSERT INTO `account` VALUES ('ff808081622c87a601622d5852df001d','system','2018-03-16 13:46:25',0,'PP201803161348110012006819','dPgQAvgk',0.0000,0.0000,0.0000,0,'','','ff808081622c87a601622d0fff6f001a',NULL,NULL,NULL,'15310405004',NULL,NULL);
INSERT INTO `account` VALUES ('ff808081622e4ed701622e56fb630005','system','2018-03-16 18:24:35',0,'PP201803161826200012008790','jubJAIQR',0.0000,0.0000,0.0000,0,'','','ff808081622e4ed701622e55b2220002',NULL,NULL,NULL,'15310405005',NULL,NULL);
INSERT INTO `account` VALUES ('ff808081622ec25501622ed228e50005','system','2018-03-16 20:39:07',0,'PP201803162040530012009220','MMy5tGip',0.0000,0.0000,0.0000,0,'','','ff808081622ec25501622ed0b5560002',NULL,NULL,NULL,'15310405006',NULL,NULL);
INSERT INTO `account` VALUES ('ff808081623bd97d01623bfac5810009','system','2018-03-19 09:58:33',0,'PP201803191000160012014991','kGFpSOJw',0.0000,0.0000,0.0000,0,'','','ff808081623bd97d01623bf966910006',NULL,NULL,NULL,'15310406001',NULL,NULL);
INSERT INTO `account` VALUES ('ff808081623bd97d01623bfe4f450019','system','2018-03-19 10:02:24',0,'PP201803191004000012014995','mO07uSgo',0.0000,0.0000,0.0000,0,'','','ff808081623bd97d01623bfcc4930016',NULL,NULL,NULL,'15310406002',NULL,NULL);
INSERT INTO `account` VALUES ('ff808081623ce31101623cf0eb300006','system','2018-03-19 14:27:24',0,'PP201803191429080012015590','bmWpkpix',0.0000,0.0000,0.0000,0,'','','ff808081623ce31101623cefba560002',NULL,NULL,NULL,'15310406003',NULL,NULL);
INSERT INTO `account` VALUES ('ff80808162474c6c0162478501ae000f','system','2018-03-21 15:45:21',0,'PP201803211547030012028832','AYan2CeC',0.0000,0.0000,0.0000,0,'','','ff80808162474c6c01624782f366000c',NULL,NULL,NULL,'15310406004',NULL,NULL);
INSERT INTO `account` VALUES ('ff80808162474c6c01624789fb190022','system','2018-03-21 15:50:47',0,'PP201803211552290012028858','QRysWjYw',0.0000,0.0000,0.0000,0,'','','ff80808162474c6c016247891104001f',NULL,NULL,NULL,'15310406005',NULL,NULL);
/*!40000 ALTER TABLE `account` ENABLE KEYS */;
UNLOCK TABLES;

--
-- Table structure for table `account_client`
--

DROP TABLE IF EXISTS `account_client`;
/*!40101 SET @saved_cs_client     = @@character_set_client */;
/*!40101 SET character_set_client = utf8 */;
CREATE TABLE `account_client` (
  `accountClientId` varchar(32) NOT NULL,
  `createBy` varchar(32) DEFAULT NULL,
  `createTime` datetime DEFAULT NULL,
  `version` int(11) DEFAULT NULL,
  `deleted` int(11) DEFAULT NULL,
  `updateBy` varchar(255) NOT NULL,
  `updateTime` datetime NOT NULL,
  `fastCode` varchar(128) DEFAULT NULL,
  `fullName` varchar(128) DEFAULT NULL,
  `shorterName` varchar(128) DEFAULT NULL,
  PRIMARY KEY (`accountClientId`)
) ENGINE=InnoDB DEFAULT CHARSET=utf8;
/*!40101 SET character_set_client = @saved_cs_client */;

--
-- Dumping data for table `account_client`
--

LOCK TABLES `account_client` WRITE;
/*!40000 ALTER TABLE `account_client` DISABLE KEYS */;
INSERT INTO `account_client` VALUES ('000000005901a8700159026b1f57002d','admin','2016-12-15 20:18:11',0,0,'admin','2016-12-15 20:18:11','shanghaifushangjinrongxinxifuwuyouxiangongsi,SHFSJRXXFWYXGS','上海富商金融信息服务有限公司','上海富商金融信息服务有限公司');
INSERT INTO `account_client` VALUES ('0000000059627d1e0159628a6c340003','admin','2017-01-03 12:15:55',0,0,'admin','2017-01-03 12:15:55','zheshangyinxing,ZSYX','浙商银行','浙商银行');
/*!40000 ALTER TABLE `account_client` ENABLE KEYS */;
UNLOCK TABLES;

--
-- Table structure for table `account_detail`
--

DROP TABLE IF EXISTS `account_detail`;
/*!40101 SET @saved_cs_client     = @@character_set_client */;
/*!40101 SET character_set_client = utf8 */;
CREATE TABLE `account_detail` (
  `accountDetailId` varchar(32) NOT NULL,
  `createBy` varchar(32) DEFAULT NULL,
  `createTime` datetime DEFAULT NULL,
  `version` int(11) DEFAULT NULL,
  `deleted` int(11) DEFAULT NULL,
  `updateBy` varchar(255) NOT NULL,
  `updateTime` datetime NOT NULL,
  `balance` decimal(19,2) DEFAULT NULL,
  `clientNm` varchar(128) DEFAULT NULL,
  `clientSNm` varchar(128) DEFAULT NULL,
  `credit` decimal(19,2) DEFAULT NULL,
  `debit` decimal(19,2) DEFAULT NULL,
  `no` int(11) DEFAULT NULL,
  `productCd` varchar(255) DEFAULT NULL,
  `productId` varchar(255) DEFAULT NULL,
  `productNm` varchar(255) DEFAULT NULL,
  `pzh` varchar(32) DEFAULT NULL,
  `summary` varchar(128) DEFAULT NULL,
  `accountId` varchar(32) NOT NULL,
  PRIMARY KEY (`accountDetailId`),
  KEY `FK_aiuc8rywb8exotav1xgyf2yhe` (`accountId`),
  CONSTRAINT `FK_aiuc8rywb8exotav1xgyf2yhe` FOREIGN KEY (`accountId`) REFERENCES `account_subject` (`accountId`)
) ENGINE=InnoDB DEFAULT CHARSET=utf8;
/*!40101 SET character_set_client = @saved_cs_client */;

--
-- Dumping data for table `account_detail`
--

LOCK TABLES `account_detail` WRITE;
/*!40000 ALTER TABLE `account_detail` DISABLE KEYS */;
/*!40000 ALTER TABLE `account_detail` ENABLE KEYS */;
UNLOCK TABLES;

--
-- Table structure for table `account_recharge`
--

DROP TABLE IF EXISTS `account_recharge`;
/*!40101 SET @saved_cs_client     = @@character_set_client */;
/*!40101 SET character_set_client = utf8 */;
CREATE TABLE `account_recharge` (
  `rechargeId` varchar(32) NOT NULL,
  `createBy` varchar(32) DEFAULT NULL,
  `createTime` datetime DEFAULT NULL,
  `version` int(11) DEFAULT NULL,
  `accountId` varchar(255) DEFAULT NULL,
  `accountStatementNo` varchar(50) DEFAULT NULL,
  `addip` varchar(64) DEFAULT NULL,
  `amount` decimal(19,4) DEFAULT NULL,
  `bankCardId` varchar(255) DEFAULT NULL,
  `collected` decimal(19,2) DEFAULT NULL,
  `fee` decimal(19,4) DEFAULT NULL,
  `orderCd` varchar(50) DEFAULT NULL,
  `platCardno` varchar(50) DEFAULT NULL,
  `remark` varchar(150) DEFAULT NULL,
  `resultCode` varchar(50) DEFAULT NULL,
  `status` int(11) DEFAULT NULL,
  `transferKind` int(11) DEFAULT NULL,
  `type` int(11) DEFAULT NULL,
  `userCardno` varchar(50) DEFAULT NULL,
  `verifyManager` varchar(50) DEFAULT NULL,
  `verifyReason` varchar(512) DEFAULT NULL,
  `verifyRemark` varchar(150) DEFAULT NULL,
  `verifyResult` int(11) DEFAULT NULL,
  `verifyTime` datetime DEFAULT NULL,
  `memberId` varchar(32) DEFAULT NULL,
  PRIMARY KEY (`rechargeId`),
  KEY `FK_qaxxcx7ugdmo7570yso2enkle` (`memberId`),
  CONSTRAINT `FK_qaxxcx7ugdmo7570yso2enkle` FOREIGN KEY (`memberId`) REFERENCES `member` (`memberId`)
) ENGINE=InnoDB DEFAULT CHARSET=utf8;
/*!40101 SET character_set_client = @saved_cs_client */;

--
-- Dumping data for table `account_recharge`
--

LOCK TABLES `account_recharge` WRITE;
/*!40000 ALTER TABLE `account_recharge` DISABLE KEYS */;
/*!40000 ALTER TABLE `account_recharge` ENABLE KEYS */;
UNLOCK TABLES;

--
-- Table structure for table `account_subject`
--

DROP TABLE IF EXISTS `account_subject`;
/*!40101 SET @saved_cs_client     = @@character_set_client */;
/*!40101 SET character_set_client = utf8 */;
CREATE TABLE `account_subject` (
  `accountId` varchar(32) NOT NULL,
  `createBy` varchar(32) DEFAULT NULL,
  `createTime` datetime DEFAULT NULL,
  `version` int(11) DEFAULT NULL,
  `deleted` int(11) DEFAULT NULL,
  `updateBy` varchar(255) NOT NULL,
  `updateTime` datetime NOT NULL,
  `accountCd` varchar(16) DEFAULT NULL,
  `accountNm` varchar(128) DEFAULT NULL,
  `balance` decimal(19,2) DEFAULT NULL,
  `beginBalance` decimal(19,2) DEFAULT NULL,
  `creditAmount` decimal(19,2) DEFAULT NULL,
  `debitAmount` decimal(19,2) DEFAULT NULL,
  `fastCode` varchar(128) DEFAULT NULL,
  `flag` int(11) DEFAULT NULL,
  `hasChild` int(11) DEFAULT NULL,
  `level` int(11) DEFAULT NULL,
  `accountPid` varchar(32) DEFAULT NULL,
  PRIMARY KEY (`accountId`),
  UNIQUE KEY `UK_oxm0ilqltubila6pt75o9h2bc` (`accountCd`),
  KEY `FK_hr2niv26nqwt6i63khqi3xxn8` (`accountPid`),
  CONSTRAINT `FK_hr2niv26nqwt6i63khqi3xxn8` FOREIGN KEY (`accountPid`) REFERENCES `account_subject` (`accountId`)
) ENGINE=InnoDB DEFAULT CHARSET=utf8;
/*!40101 SET character_set_client = @saved_cs_client */;

--
-- Dumping data for table `account_subject`
--

LOCK TABLES `account_subject` WRITE;
/*!40000 ALTER TABLE `account_subject` DISABLE KEYS */;
INSERT INTO `account_subject` VALUES ('000000005901a87001590246c1410002','admin','2016-12-15 19:38:28',75,0,'sys','2018-10-01 00:01:00','999903','已使用提现红包',-85997.20,-85997.20,0.00,0.00,'1',1,0,2,'3001');
INSERT INTO `account_subject` VALUES ('000000005901a870015902476a180003','admin','2016-12-15 19:39:11',63644,0,'sys','2018-10-01 00:01:00','999902','已过期提现红包',7901476.00,7901476.00,0.00,0.00,'111',1,0,2,'3001');
INSERT INTO `account_subject` VALUES ('000000005901a8700159024821250004','admin','2016-12-15 19:39:58',21,0,'sys','2018-10-01 00:01:00','660101','前置补贴',0.00,0.00,0.00,0.00,'111',1,0,2,'5002');
INSERT INTO `account_subject` VALUES ('000000005901a87001590248d4eb0006','admin','2016-12-15 19:40:44',56,0,'sys','2018-10-01 00:01:00','660102','后置补贴',23308.91,23308.91,0.00,0.00,'111111',1,0,2,'5002');
INSERT INTO `account_subject` VALUES ('000000005901a87001590249761c0007','admin','2016-12-15 19:41:25',19,0,'sys','2018-10-01 00:01:00','660301','手续费',0.00,0.00,0.00,0.00,'11111',2,0,2,'5001');
INSERT INTO `account_subject` VALUES ('000000005901a87001590249b2740008','admin','2016-12-15 19:41:41',20,0,'sys','2018-10-01 00:01:00','660302','利息收入',5000.00,5000.00,0.00,0.00,'111111',2,0,2,'5001');
INSERT INTO `account_subject` VALUES ('000000005901a8700159024b9a080009','admin','2016-12-15 19:43:46',71,0,'sys','2018-10-01 00:01:00','500103','债权转让收入',-6985.30,-6985.30,0.00,0.00,'11111',1,0,2,'4001');
INSERT INTO `account_subject` VALUES ('000000005901a8700159025a0de30011','admin','2016-12-15 19:59:33',58,0,'sys','2018-10-01 00:01:00','660103','提现红包提现',-86729.20,-86729.20,0.00,0.00,'1111111',1,0,2,'5002');
INSERT INTO `account_subject` VALUES ('000000005901a8700159025a4e7a0012','admin','2016-12-15 19:59:49',36,0,'sys','2018-10-01 00:01:00','660199','结转',732.00,732.00,0.00,0.00,'111111',1,0,2,'5002');
INSERT INTO `account_subject` VALUES ('000000005901a87001590276e853002f','admin','2016-12-15 20:31:04',22,0,'sys','2018-10-01 00:01:00','1225','内部往来',1000000.00,1000000.00,0.00,0.00,'111111',2,1,1,NULL);
INSERT INTO `account_subject` VALUES ('000000005901a8700159027750160030','admin','2016-12-15 20:31:30',24,0,'sys','2018-10-01 00:01:00','122501','母公司往来',1000000.00,1000000.00,0.00,0.00,'1111111',2,0,2,'000000005901a87001590276e853002f');
INSERT INTO `account_subject` VALUES ('00000000591b45e701591b76ad120000','admin','2016-12-20 17:01:19',19,0,'sys','2018-10-01 00:01:00','660399','结转',0.00,0.00,0.00,0.00,'111111',2,0,2,'5001');
INSERT INTO `account_subject` VALUES ('00000000591b45e701591b79e6f60001','admin','2016-12-20 17:04:50',18,0,'sys','2018-10-01 00:01:00','500104','汇入服务费收入',0.00,0.00,0.00,0.00,'hrfff',1,0,2,'4001');
INSERT INTO `account_subject` VALUES ('00000000591b45e701591b7a39e50002','admin','2016-12-20 17:05:12',18,0,'sys','2018-10-01 00:01:00','550199','结转',0.00,0.00,0.00,0.00,'111111',1,0,2,'4001');
INSERT INTO `account_subject` VALUES ('00000000591b45e701591b7c56c00003','admin','2016-12-20 17:07:30',18,0,'sys','2018-10-01 00:01:00','999904','已发放抵用券',0.00,0.00,0.00,0.00,'111',2,0,2,'3001');
INSERT INTO `account_subject` VALUES ('00000000591b45e701591b7ca0d00004','admin','2016-12-20 17:07:49',18,0,'sys','2018-10-01 00:01:00','999905','已发放抵用券',0.00,0.00,0.00,0.00,'111',2,0,2,'3001');
INSERT INTO `account_subject` VALUES ('00000000591b45e701591b7ce06d0005','admin','2016-12-20 17:08:05',18,0,'sys','2018-10-01 00:01:00','999906','已使用抵用券',0.00,0.00,0.00,0.00,'1111',2,0,2,'3001');
INSERT INTO `account_subject` VALUES ('1001','admin','2016-11-09 11:39:47',149,0,'sys','2018-10-01 00:01:00','1001','现金',-22458.66,-22458.66,0.00,0.00,'xj',1,1,1,NULL);
INSERT INTO `account_subject` VALUES ('100102','admin','2016-11-09 11:40:49',28,0,'sys','2018-10-01 00:01:00','100102','现金-美元',-9.66,-9.66,0.00,0.00,'xjmy',1,0,2,'1001');
INSERT INTO `account_subject` VALUES ('100103','admin','2016-11-09 11:41:33',138,0,'sys','2018-10-01 00:01:00','100103','现金-欧元',-22449.00,-22449.00,0.00,0.00,'xhoy',1,0,2,'1001');
INSERT INTO `account_subject` VALUES ('1002','admin','2016-11-09 11:42:53',520,0,'admin','2018-11-01 16:51:27','1002','银行存款',3050104.86,3048685.55,0.00,1419.31,'yhck',1,1,1,NULL);
INSERT INTO `account_subject` VALUES ('100201','admin','2016-11-09 11:43:39',367,0,'admin','2018-11-01 16:51:27','100201','银行存款-浙商银行损益账户',3006540.86,3005121.55,0.00,1419.31,'jbh',1,0,2,'1002');
INSERT INTO `account_subject` VALUES ('100202','admin','2016-11-09 11:44:33',178,0,'sys','2018-10-01 00:01:00','100202','银行存款-托管户',43564.00,43564.00,0.00,0.00,'tgh',1,0,2,'1002');
INSERT INTO `account_subject` VALUES ('3001','admin','2016-11-09 11:46:53',130848,0,'system','2018-10-13 15:27:13','9999','或有费用预计',49217933.75,49217927.75,6.00,0.00,'yfk',2,1,1,NULL);
INSERT INTO `account_subject` VALUES ('300101','admin','2016-11-09 11:47:25',67170,0,'system','2018-10-13 15:27:13','999901','已发放提现红包',41402454.95,41402448.95,6.00,0.00,'hbjl',2,0,2,'3001');
INSERT INTO `account_subject` VALUES ('4001','admin','2016-11-09 11:53:06',234,0,'admin','2018-11-01 16:51:27','5001','服务费收入',-1036579.18,-1035159.87,1419.31,0.00,'fwfy',1,1,1,NULL);
INSERT INTO `account_subject` VALUES ('400101','admin','2016-11-09 11:53:48',158,0,'admin','2018-11-01 16:51:27','500101','前置服务费收入',-1022925.00,-1021519.00,1406.00,0.00,'qzfwf',1,0,2,'4001');
INSERT INTO `account_subject` VALUES ('400102','admin','2016-11-09 11:54:34',45,0,'admin','2018-10-15 17:51:45','500102','后置服务费收入',-6668.88,-6655.57,13.31,0.00,'hzfwf',1,0,2,'4001');
INSERT INTO `account_subject` VALUES ('5001','admin','2016-11-09 11:55:26',25,0,'sys','2018-10-01 00:01:00','6603','财务费用',5000.00,5000.00,0.00,0.00,'cwfy',2,1,1,NULL);
INSERT INTO `account_subject` VALUES ('5002','admin','2016-11-09 11:56:17',131,0,'sys','2018-10-01 00:01:00','6601','销售费用',-61488.29,-61488.29,0.00,0.00,'xsfy',2,1,1,NULL);
/*!40000 ALTER TABLE `account_subject` ENABLE KEYS */;
UNLOCK TABLES;

--
-- Table structure for table `account_subject_over_dtl`
--

DROP TABLE IF EXISTS `account_subject_over_dtl`;
/*!40101 SET @saved_cs_client     = @@character_set_client */;
/*!40101 SET character_set_client = utf8 */;
CREATE TABLE `account_subject_over_dtl` (
  `accountSubjectOverDtlId` varchar(32) NOT NULL,
  `createBy` varchar(32) DEFAULT NULL,
  `createTime` datetime DEFAULT NULL,
  `version` int(11) DEFAULT NULL,
  `deleted` int(11) DEFAULT NULL,
  `updateBy` varchar(255) NOT NULL,
  `updateTime` datetime NOT NULL,
  `accountCd` varchar(16) DEFAULT NULL,
  `accountId` varchar(32) DEFAULT NULL,
  `accountNm` varchar(128) DEFAULT NULL,
  `accountSubjectOverMstId` varchar(32) DEFAULT NULL,
  `balance` decimal(19,2) DEFAULT NULL,
  `beginBalance` decimal(19,2) DEFAULT NULL,
  `creditAmount` decimal(19,2) DEFAULT NULL,
  `debitAmount` decimal(19,2) DEFAULT NULL,
  `flag` int(11) DEFAULT NULL,
  PRIMARY KEY (`accountSubjectOverDtlId`)
) ENGINE=InnoDB DEFAULT CHARSET=utf8;
/*!40101 SET character_set_client = @saved_cs_client */;

--
-- Dumping data for table `account_subject_over_dtl`
--

LOCK TABLES `account_subject_over_dtl` WRITE;
/*!40000 ALTER TABLE `account_subject_over_dtl` DISABLE KEYS */;
/*!40000 ALTER TABLE `account_subject_over_dtl` ENABLE KEYS */;
UNLOCK TABLES;

--
-- Table structure for table `account_subject_over_mst`
--

DROP TABLE IF EXISTS `account_subject_over_mst`;
/*!40101 SET @saved_cs_client     = @@character_set_client */;
/*!40101 SET character_set_client = utf8 */;
CREATE TABLE `account_subject_over_mst` (
  `accountSubjectOverMstId` varchar(32) NOT NULL,
  `createBy` varchar(32) DEFAULT NULL,
  `createTime` datetime DEFAULT NULL,
  `version` int(11) DEFAULT NULL,
  `deleted` int(11) DEFAULT NULL,
  `updateBy` varchar(255) NOT NULL,
  `updateTime` datetime NOT NULL,
  `curMonth` varchar(2) DEFAULT NULL,
  `curYear` varchar(4) DEFAULT NULL,
  PRIMARY KEY (`accountSubjectOverMstId`)
) ENGINE=InnoDB DEFAULT CHARSET=utf8;
/*!40101 SET character_set_client = @saved_cs_client */;

--
-- Dumping data for table `account_subject_over_mst`
--

LOCK TABLES `account_subject_over_mst` WRITE;
/*!40000 ALTER TABLE `account_subject_over_mst` DISABLE KEYS */;
INSERT INTO `account_subject_over_mst` VALUES ('000000005894e78a0158951fca690039','admin','2016-11-24 14:57:18',0,0,'admin','2016-11-24 14:57:18','10','2016');
INSERT INTO `account_subject_over_mst` VALUES ('000000005900dabe0159016ccb02000e','admin','2016-12-15 15:40:24',0,0,'admin','2016-12-15 15:40:24','12','2016');
INSERT INTO `account_subject_over_mst` VALUES ('0000000059cf80320159f541fe6602a6','sys','2017-02-01 00:01:00',0,0,'sys','2017-02-01 00:01:00','01','2017');
INSERT INTO `account_subject_over_mst` VALUES ('000000005a84316e015a85740e6e0241','sys','2017-03-01 00:01:00',0,0,'sys','2017-03-01 00:01:00','02','2017');
INSERT INTO `account_subject_over_mst` VALUES ('ff8080815b23e6f6015b2519326a0001','sys','2017-04-01 00:01:00',0,0,'sys','2017-04-01 00:01:00','03','2017');
INSERT INTO `account_subject_over_mst` VALUES ('ff8080815bb3e741015bbf97fa6a001f','sys','2017-05-01 00:01:00',0,0,'sys','2017-05-01 00:01:00','04','2017');
INSERT INTO `account_subject_over_mst` VALUES ('ff8080815c5dac2a015c5f3d1e6a0001','sys','2017-06-01 00:01:00',0,0,'sys','2017-06-01 00:01:00','05','2017');
INSERT INTO `account_subject_over_mst` VALUES ('ff8080815cf83c86015cf9bbe6740000','sys','2017-07-01 00:01:00',0,0,'sys','2017-07-01 00:01:00','06','2017');
INSERT INTO `account_subject_over_mst` VALUES ('ff8080815e378cdf015e39062e690000','sys','2017-09-01 00:01:00',0,0,'sys','2017-09-01 00:01:00','08','2017');
INSERT INTO `account_subject_over_mst` VALUES ('ff8080815ecccad4015ed384f6660030','sys','2017-10-01 00:01:00',0,0,'sys','2017-10-01 00:01:00','09','2017');
INSERT INTO `account_subject_over_mst` VALUES ('ff8080815f71d954015f732a1a6d0000','sys','2017-11-01 00:01:00',0,0,'sys','2017-11-01 00:01:00','10','2017');
INSERT INTO `account_subject_over_mst` VALUES ('ff808081600163bd015ff90eff06000d','sys','2017-11-27 00:00:30',0,0,'sys','2017-11-27 00:00:30','11','2017');
INSERT INTO `account_subject_over_mst` VALUES ('ff808081613fe4d701614cf36d820012','sys','2018-02-01 00:01:17',0,0,'sys','2018-02-01 00:01:17','01','2018');
INSERT INTO `account_subject_over_mst` VALUES ('ff808081618d343c0161dd253a650043','sys','2018-03-01 00:01:00',0,0,'sys','2018-03-01 00:01:00','02','2018');
INSERT INTO `account_subject_over_mst` VALUES ('ff8080816271553a01627cca5e660002','sys','2018-04-01 00:01:00',0,0,'sys','2018-04-01 00:01:00','03','2018');
INSERT INTO `account_subject_over_mst` VALUES ('ff808081630a0a7f016317492665000c','sys','2018-05-01 00:01:00',0,0,'sys','2018-05-01 00:01:00','04','2018');
INSERT INTO `account_subject_over_mst` VALUES ('ff808081635c44830163b6ee4a620100','sys','2018-06-01 00:01:00',0,0,'sys','2018-06-01 00:01:00','05','2018');
INSERT INTO `account_subject_over_mst` VALUES ('ff80808164496ae80164516d126a0001','sys','2018-07-01 00:01:00',0,0,'sys','2018-07-01 00:01:00','06','2018');
INSERT INTO `account_subject_over_mst` VALUES ('ff808081656ab4d7016590b75a680009','sys','2018-09-01 00:01:00',0,0,'sys','2018-09-01 00:01:00','08','2018');
INSERT INTO `account_subject_over_mst` VALUES ('ff80808165e629cf01662b3622660088','sys','2018-10-01 00:01:00',0,0,'sys','2018-10-01 00:01:00','09','2018');
/*!40000 ALTER TABLE `account_subject_over_mst` ENABLE KEYS */;
UNLOCK TABLES;

--
-- Table structure for table `account_summary`
--

DROP TABLE IF EXISTS `account_summary`;
/*!40101 SET @saved_cs_client     = @@character_set_client */;
/*!40101 SET character_set_client = utf8 */;
CREATE TABLE `account_summary` (
  `accountSummaryId` varchar(32) NOT NULL,
  `createBy` varchar(32) DEFAULT NULL,
  `createTime` datetime DEFAULT NULL,
  `version` int(11) DEFAULT NULL,
  `deleted` int(11) DEFAULT NULL,
  `updateBy` varchar(255) NOT NULL,
  `updateTime` datetime NOT NULL,
  `fastCode` varchar(128) DEFAULT NULL,
  `summary` varchar(128) DEFAULT NULL,
  PRIMARY KEY (`accountSummaryId`)
) ENGINE=InnoDB DEFAULT CHARSET=utf8;
/*!40101 SET character_set_client = @saved_cs_client */;

--
-- Dumping data for table `account_summary`
--

LOCK TABLES `account_summary` WRITE;
/*!40000 ALTER TABLE `account_summary` DISABLE KEYS */;
INSERT INTO `account_summary` VALUES ('000000005901a8700159026b1f59002e','admin','2016-12-15 20:18:11',0,0,'admin','2016-12-15 20:18:11','huaruwanglaikuan,HRWLK','划入往来款');
INSERT INTO `account_summary` VALUES ('0000000059627d1e0159628a6c360004','admin','2017-01-03 12:15:55',0,0,'admin','2017-01-03 12:15:55','4jidulixishouru,4JDLXSR','4季度利息收入');
/*!40000 ALTER TABLE `account_summary` ENABLE KEYS */;
UNLOCK TABLES;

--
-- Table structure for table `account_sys_voucher_dtl`
--

DROP TABLE IF EXISTS `account_sys_voucher_dtl`;
/*!40101 SET @saved_cs_client     = @@character_set_client */;
/*!40101 SET character_set_client = utf8 */;
CREATE TABLE `account_sys_voucher_dtl` (
  `accountSysVoucherDtlId` varchar(32) NOT NULL,
  `createBy` varchar(32) DEFAULT NULL,
  `createTime` datetime DEFAULT NULL,
  `version` int(11) DEFAULT NULL,
  `deleted` int(11) DEFAULT NULL,
  `updateBy` varchar(255) NOT NULL,
  `updateTime` datetime NOT NULL,
  `accountSysVoucherMstId` varchar(32) DEFAULT NULL,
  `flag` int(11) DEFAULT NULL,
  `no` int(11) DEFAULT NULL,
  `summary` varchar(128) DEFAULT NULL,
  `accountId` varchar(32) NOT NULL,
  PRIMARY KEY (`accountSysVoucherDtlId`),
  KEY `FK_gcd295f0aekruyr4b9h4ansls` (`accountId`),
  CONSTRAINT `FK_gcd295f0aekruyr4b9h4ansls` FOREIGN KEY (`accountId`) REFERENCES `account_subject` (`accountId`)
) ENGINE=InnoDB DEFAULT CHARSET=utf8;
/*!40101 SET character_set_client = @saved_cs_client */;

--
-- Dumping data for table `account_sys_voucher_dtl`
--

LOCK TABLES `account_sys_voucher_dtl` WRITE;
/*!40000 ALTER TABLE `account_sys_voucher_dtl` DISABLE KEYS */;
INSERT INTO `account_sys_voucher_dtl` VALUES ('000000005901a87001590254ae76000d','admin','2016-12-15 19:53:41',0,0,'admin','2016-12-15 19:53:41','0c0fdd348eb84b678a5af41e608a8185',2,1,'','300101');
INSERT INTO `account_sys_voucher_dtl` VALUES ('000000005901a8700159025c11350019','admin','2016-12-15 20:01:45',0,0,'admin','2016-12-15 20:01:45','75c124dfa8a14885920c0b070148c12d',1,1,'','000000005901a870015902476a180003');
INSERT INTO `account_sys_voucher_dtl` VALUES ('000000005901a87001590265fe03001c','admin','2016-12-15 20:12:35',0,0,'admin','2016-12-15 20:12:35','1eb1723c913b432b89970fc04ba696d9',1,1,'','000000005901a87001590246c1410002');
INSERT INTO `account_sys_voucher_dtl` VALUES ('000000005901a87001590265fe04001d','admin','2016-12-15 20:12:35',0,0,'admin','2016-12-15 20:12:35','1eb1723c913b432b89970fc04ba696d9',2,2,'','100202');
INSERT INTO `account_sys_voucher_dtl` VALUES ('000000005901a87001590265fe05001e','admin','2016-12-15 20:12:35',0,0,'admin','2016-12-15 20:12:35','1eb1723c913b432b89970fc04ba696d9',1,3,'','000000005901a8700159025a4e7a0012');
INSERT INTO `account_sys_voucher_dtl` VALUES ('000000005901a87001590268008d001f','admin','2016-12-15 20:14:47',0,0,'admin','2016-12-15 20:14:47','770467e56a984a68b3b2427f7180c1c0',1,1,'','000000005901a87001590246c1410002');
INSERT INTO `account_sys_voucher_dtl` VALUES ('000000005901a87001590268008d0020','admin','2016-12-15 20:14:47',0,0,'admin','2016-12-15 20:14:47','770467e56a984a68b3b2427f7180c1c0',2,2,'','100202');
INSERT INTO `account_sys_voucher_dtl` VALUES ('000000005901a87001590268008e0021','admin','2016-12-15 20:14:47',0,0,'admin','2016-12-15 20:14:47','770467e56a984a68b3b2427f7180c1c0',1,3,'','000000005901a8700159025a0de30011');
INSERT INTO `account_sys_voucher_dtl` VALUES ('000000005901a87001590268d2720024','admin','2016-12-15 20:15:41',0,0,'admin','2016-12-15 20:15:41','135de37c197f4714886d2751c231debe',2,1,'','400101');
INSERT INTO `account_sys_voucher_dtl` VALUES ('000000005901a87001590268d2730025','admin','2016-12-15 20:15:41',0,0,'admin','2016-12-15 20:15:41','135de37c197f4714886d2751c231debe',1,2,'','100201');
INSERT INTO `account_sys_voucher_dtl` VALUES ('000000005901a87001590269119c0026','admin','2016-12-15 20:15:57',0,0,'admin','2016-12-15 20:15:57','d64fd23895774392ae9d715a5a361888',2,1,'','400102');
INSERT INTO `account_sys_voucher_dtl` VALUES ('000000005901a87001590269119e0027','admin','2016-12-15 20:15:57',0,0,'admin','2016-12-15 20:15:57','d64fd23895774392ae9d715a5a361888',1,2,'','100201');
INSERT INTO `account_sys_voucher_dtl` VALUES ('000000005901a870015902695f770028','admin','2016-12-15 20:16:17',0,0,'admin','2016-12-15 20:16:17','e44980b8955a4b5699e62976fa1cdd51',2,1,'','000000005901a8700159024b9a080009');
INSERT INTO `account_sys_voucher_dtl` VALUES ('000000005901a870015902695f780029','admin','2016-12-15 20:16:17',0,0,'admin','2016-12-15 20:16:17','e44980b8955a4b5699e62976fa1cdd51',1,2,'','100201');
INSERT INTO `account_sys_voucher_dtl` VALUES ('000000005901a87001590269fe88002a','admin','2016-12-15 20:16:57',0,0,'admin','2016-12-15 20:16:57','6d46c63fd6a44b15a59631734ef9de58',1,1,'','000000005901a87001590248d4eb0006');
INSERT INTO `account_sys_voucher_dtl` VALUES ('000000005901a87001590269fe88002b','admin','2016-12-15 20:16:57',0,0,'admin','2016-12-15 20:16:57','6d46c63fd6a44b15a59631734ef9de58',2,2,'','100202');
/*!40000 ALTER TABLE `account_sys_voucher_dtl` ENABLE KEYS */;
UNLOCK TABLES;

--
-- Table structure for table `account_sys_voucher_mst`
--

DROP TABLE IF EXISTS `account_sys_voucher_mst`;
/*!40101 SET @saved_cs_client     = @@character_set_client */;
/*!40101 SET character_set_client = utf8 */;
CREATE TABLE `account_sys_voucher_mst` (
  `accountSysVoucherMstId` varchar(32) NOT NULL,
  `createBy` varchar(32) DEFAULT NULL,
  `createTime` datetime DEFAULT NULL,
  `version` int(11) DEFAULT NULL,
  `deleted` int(11) DEFAULT NULL,
  `updateBy` varchar(255) NOT NULL,
  `updateTime` datetime NOT NULL,
  `description` varchar(1024) DEFAULT NULL,
  `node` int(11) DEFAULT NULL,
  `title` varchar(128) DEFAULT NULL,
  PRIMARY KEY (`accountSysVoucherMstId`)
) ENGINE=InnoDB DEFAULT CHARSET=utf8;
/*!40101 SET character_set_client = @saved_cs_client */;

--
-- Dumping data for table `account_sys_voucher_mst`
--

LOCK TABLES `account_sys_voucher_mst` WRITE;
/*!40000 ALTER TABLE `account_sys_voucher_mst` DISABLE KEYS */;
INSERT INTO `account_sys_voucher_mst` VALUES ('0c0fdd348eb84b678a5af41e608a8185','admin','2016-11-24 14:26:22',2,0,'admin','2016-12-15 19:53:41','1、应付款-红包在借方增加相应金额\r\n2、销售费用在贷方增加相应金额\r\n3、按比例的优惠券按最大比率计提准备金，在使用时再根据实际情况进行冲红',11,'红包发放');
INSERT INTO `account_sys_voucher_mst` VALUES ('135de37c197f4714886d2751c231debe','admin','2016-11-24 14:27:50',5,0,'admin','2016-12-15 20:15:41','前置服务费在贷方增加相应金额',21,'前置服务费');
INSERT INTO `account_sys_voucher_mst` VALUES ('1eb1723c913b432b89970fc04ba696d9','admin','2016-11-24 14:26:03',3,0,'admin','2016-12-15 20:12:35','1、应付款-红包在贷方增加相应金额\r\n2、银行存款-托管账户在贷方增加相应金额',12,'红包提现');
INSERT INTO `account_sys_voucher_mst` VALUES ('6d46c63fd6a44b15a59631734ef9de58','admin','2016-11-24 14:27:38',3,0,'admin','2016-12-15 20:16:57','1、项目还款时，票面金额不足本息金额的，定义为标的贴息\r\n2、银行存款-托管在贷方增加相应金额\r\n3、销售费用在贷方增加相应金额',31,'标的贴息');
INSERT INTO `account_sys_voucher_mst` VALUES ('75c124dfa8a14885920c0b070148c12d','admin','2016-11-24 14:26:41',3,0,'admin','2016-12-15 20:01:45','应付款-红包在贷方增加相应金额',14,'红包作废');
INSERT INTO `account_sys_voucher_mst` VALUES ('770467e56a984a68b3b2427f7180c1c0','admin','2016-11-25 16:43:08',5,0,'admin','2016-12-15 20:14:47','1、应付款-红包在贷方增加相应金额\r\n2、银行存款-托管账户在贷方增加相应金额',13,'红包投资');
INSERT INTO `account_sys_voucher_mst` VALUES ('d64fd23895774392ae9d715a5a361888','admin','2016-11-24 14:28:03',2,0,'admin','2016-12-15 20:15:57','后置服务费在贷方增加相应金额',22,'后置服务费');
INSERT INTO `account_sys_voucher_mst` VALUES ('e44980b8955a4b5699e62976fa1cdd51','admin','2016-11-24 14:27:24',4,0,'admin','2016-12-15 20:16:17','债权转让手续费在贷方增加相应金额',23,'债权转让手续费');
/*!40000 ALTER TABLE `account_sys_voucher_mst` ENABLE KEYS */;
UNLOCK TABLES;

--
-- Table structure for table `addr_idcard`
--

DROP TABLE IF EXISTS `addr_idcard`;
/*!40101 SET @saved_cs_client     = @@character_set_client */;
/*!40101 SET character_set_client = utf8 */;
CREATE TABLE `addr_idcard` (
  `addridcardId` int(11) NOT NULL,
  `addridcardCd` varchar(6) DEFAULT NULL,
  `addridcardNm` varchar(45) DEFAULT NULL,
  `provinceCd` varchar(4) DEFAULT NULL,
  `provinceNm` varchar(45) DEFAULT NULL,
  `createBy` varchar(32) DEFAULT NULL,
  `createTime` datetime DEFAULT NULL,
  `version` int(11) DEFAULT NULL,
  `deleted` int(11) DEFAULT NULL,
  `updateBy` varchar(255) NOT NULL,
  `updateTime` datetime NOT NULL,
  PRIMARY KEY (`addridcardId`)
) ENGINE=InnoDB DEFAULT CHARSET=utf8 COMMENT='身份证号与地区对照表';
/*!40101 SET character_set_client = @saved_cs_client */;

--
-- Dumping data for table `addr_idcard`
--

LOCK TABLES `addr_idcard` WRITE;
/*!40000 ALTER TABLE `addr_idcard` DISABLE KEYS */;
/*!40000 ALTER TABLE `addr_idcard` ENABLE KEYS */;
UNLOCK TABLES;

--
-- Table structure for table `agreement`
--

DROP TABLE IF EXISTS `agreement`;
/*!40101 SET @saved_cs_client     = @@character_set_client */;
/*!40101 SET character_set_client = utf8 */;
CREATE TABLE `agreement` (
  `agreementId` varchar(32) NOT NULL,
  `createBy` varchar(32) DEFAULT NULL,
  `createTime` datetime DEFAULT NULL,
  `version` int(11) DEFAULT NULL,
  `agreementCd` varchar(255) DEFAULT NULL,
  `agreementKind` int(11) DEFAULT NULL,
  `agreementUrl` varchar(255) DEFAULT NULL,
  `productCreditId` varchar(32) DEFAULT NULL,
  `seqNumber` int(11) DEFAULT NULL,
  `status` int(11) DEFAULT NULL,
  `productId` varchar(32) DEFAULT NULL,
  `orderId` varchar(32) DEFAULT NULL,
  `signed` int(11) DEFAULT NULL,
  PRIMARY KEY (`agreementId`),
  KEY `FK_bs84kt3fuv8sgnu7kgmst1cfp` (`productId`)
) ENGINE=InnoDB DEFAULT CHARSET=utf8;
/*!40101 SET character_set_client = @saved_cs_client */;

--
-- Dumping data for table `agreement`
--

LOCK TABLES `agreement` WRITE;
/*!40000 ALTER TABLE `agreement` DISABLE KEYS */;
INSERT INTO `agreement` VALUES ('4028218166dcfd5d0166de3fe3d50008','system','2018-11-04 18:23:41',0,'JK-181104182341',0,'\\investor\\4028218166da2a890166dcc0fcd100b0\\4028218166dcfcf40166dcff7d140000.pdf',NULL,NULL,1,'4028218166da2a890166dcc0fcd100b0','4028218166dcfcf40166dcff7d140000',0);
INSERT INTO `agreement` VALUES ('4028218166dcfd5d0166de3fe3ea0009','system','2018-11-04 18:23:41',0,'JK-181104182341',0,'\\investor\\4028218166da2a890166dcc0fcd100b0\\4028218166dcfcf40166dcffd21d0006.pdf',NULL,NULL,1,'4028218166da2a890166dcc0fcd100b0','4028218166dcfcf40166dcffd21d0006',0);
/*!40000 ALTER TABLE `agreement` ENABLE KEYS */;
UNLOCK TABLES;

--
-- Table structure for table `asset`
--

DROP TABLE IF EXISTS `asset`;
/*!40101 SET @saved_cs_client     = @@character_set_client */;
/*!40101 SET character_set_client = utf8 */;
CREATE TABLE `asset` (
  `id` varchar(32) NOT NULL,
  `createBy` varchar(32) DEFAULT NULL,
  `createTime` datetime DEFAULT NULL,
  `version` int(11) DEFAULT NULL,
  `acceptedCompany` varchar(50) DEFAULT NULL,
  `acceptedNo` varchar(50) DEFAULT NULL,
  `assetType` varchar(30) DEFAULT NULL,
  `borrowAmt` decimal(19,4) DEFAULT NULL,
  `borrowCompany` varchar(50) DEFAULT NULL,
  `outTicketPerson` varchar(50) DEFAULT NULL,
  `properties` varchar(30) DEFAULT NULL,
  `receivablesPerson` varchar(50) DEFAULT NULL,
  `spv` varchar(50) DEFAULT NULL,
  `ticketAmt` decimal(19,4) DEFAULT NULL,
  `ticketCode` varchar(50) DEFAULT NULL,
  `ticketDueDate` datetime DEFAULT NULL,
  `ticketIssueDate` datetime DEFAULT NULL,
  `assetCd` varchar(32) DEFAULT NULL,
  `attachmentDirId` varchar(32) DEFAULT NULL,
  `borrowerCardName` varchar(50) DEFAULT NULL,
  `borrowerCardNumber` varchar(30) DEFAULT NULL,
  `idCard` varchar(20) DEFAULT NULL,
  `isCurrentBankFlag` int(11) DEFAULT NULL,
  `isPersonFlag` int(11) DEFAULT NULL,
  `productNm` varchar(128) DEFAULT NULL,
  `productContent` varchar(2000) DEFAULT NULL,
  `groundTime` varchar(50) DEFAULT NULL,
  `memberKind` int(11) DEFAULT NULL,
  `phoneOrCompanyCd` varchar(60) DEFAULT NULL,
  `productBusinessTypeNm` varchar(64) DEFAULT NULL,
  `productTypeName` varchar(255) DEFAULT NULL,
  `tenderEnd` varchar(50) DEFAULT NULL,
  `tenderStart` varchar(50) DEFAULT NULL,
  `bankBranchNo` varchar(20) DEFAULT NULL,
  `businessType` varchar(1) DEFAULT NULL,
  `safeguardWay` varchar(100) DEFAULT NULL,
  `borrowerName` varchar(50) DEFAULT NULL,
  `borrowerPhone` varchar(50) DEFAULT NULL,
  `registerNameOrCompanyNm` varchar(50) DEFAULT NULL,
  `registerPhoneOrCompanyCd` varchar(50) DEFAULT NULL,
  `productBusinessTypeId` varchar(50) DEFAULT NULL,
  `productTypeRuleId` varchar(50) DEFAULT NULL,
  `invalidBid` varchar(100) DEFAULT NULL,
  `borrowerCd` varchar(11) DEFAULT NULL,
  `receiverCd` varchar(11) DEFAULT NULL,
  `spvCd` varchar(11) DEFAULT NULL,
  PRIMARY KEY (`id`)
) ENGINE=InnoDB DEFAULT CHARSET=utf8;
/*!40101 SET character_set_client = @saved_cs_client */;

--
-- Dumping data for table `asset`
--

LOCK TABLES `asset` WRITE;
/*!40000 ALTER TABLE `asset` DISABLE KEYS */;
INSERT INTO `asset` VALUES ('4028218166da2a890166da2b432b009b','system','2018-11-03 23:22:40',0,'重庆农商行北碚支行',NULL,NULL,9000.0000,NULL,NULL,NULL,NULL,'上海车辆公司',10000.0000,'3140005129698671','2018-12-03 00:00:00','2017-12-17 00:00:00','ZC1811032322402856331',NULL,'上海车辆公司','586994536100010','91310115MA1H7F3J8W',1,1,NULL,NULL,'1m',1,NULL,'银行承兑汇票质押借款','纸质银票','2m','1m','011465215024','1','重庆农商行北碚支行','上海车辆公司','91310115MA1H7F3J8W','上海富商金融信息服务有限公司','17717554963','0000000058d7fd3d0158d85b4d480032','0000000058d7fd3d0158d86a06140041',NULL,'99009','99009','99009');
INSERT INTO `asset` VALUES ('4028218166da2a890166da2b4339009c','system','2018-11-03 23:22:40',0,'重庆农商行北碚支行',NULL,NULL,9000.0000,NULL,NULL,NULL,NULL,'上海车辆公司',10000.0000,'3140005129698672','2018-12-03 00:00:00','2017-12-17 00:00:00','ZC1811032322402856332',NULL,'上海车辆公司','586994536100010','91310115MA1H7F3J8W',1,1,NULL,NULL,'1m',1,NULL,'银行承兑汇票质押借款','纸质银票','2m','1m','011465215024','1','重庆农商行北碚支行','上海车辆公司','91310115MA1H7F3J8W','上海富商金融信息服务有限公司','17717554963','0000000058d7fd3d0158d85b4d480032','0000000058d7fd3d0158d86a06140041',NULL,'99009','99009','99009');
INSERT INTO `asset` VALUES ('4028218166da2a890166da2b4347009d','system','2018-11-03 23:22:40',0,'重庆农商行北碚支行',NULL,NULL,9000.0000,NULL,NULL,NULL,NULL,'上海车辆公司',10000.0000,'3140005129698673','2018-12-03 00:00:00','2017-12-17 00:00:00','ZC1811032322402856333',NULL,'上海车辆公司','586994536100010','91310115MA1H7F3J8W',1,1,NULL,NULL,'1m',1,NULL,'银行承兑汇票质押借款','纸质银票','2m','1m','011465215024','1','重庆农商行北碚支行','上海车辆公司','91310115MA1H7F3J8W','上海富商金融信息服务有限公司','17717554963','0000000058d7fd3d0158d85b4d480032','0000000058d7fd3d0158d86a06140041',NULL,'99009','99009','99009');
INSERT INTO `asset` VALUES ('4028218166da2a890166da2b434d009e','system','2018-11-03 23:22:40',0,'重庆农商行北碚支行',NULL,NULL,9000.0000,NULL,NULL,NULL,NULL,'上海车辆公司',10000.0000,'3140005129698674','2018-12-03 00:00:00','2017-12-17 00:00:00','ZC1811032322402856334',NULL,'上海车辆公司','586994536100010','91310115MA1H7F3J8W',1,1,NULL,NULL,'1m',1,NULL,'银行承兑汇票质押借款','纸质银票','2m','1m','011465215024','1','重庆农商行北碚支行','上海车辆公司','91310115MA1H7F3J8W','上海富商金融信息服务有限公司','17717554963','0000000058d7fd3d0158d85b4d480032','0000000058d7fd3d0158d86a06140041',NULL,'99009','99009','99009');
INSERT INTO `asset` VALUES ('4028218166da2a890166da2b4355009f','system','2018-11-03 23:22:40',0,'重庆农商行北碚支行',NULL,NULL,9000.0000,NULL,NULL,NULL,NULL,'上海车辆公司',10000.0000,'3140005129698675','2018-12-03 00:00:00','2017-12-17 00:00:00','ZC1811032322402856335',NULL,'上海车辆公司','586994536100010','91310115MA1H7F3J8W',1,1,NULL,NULL,'1m',1,NULL,'银行承兑汇票质押借款','纸质银票','2m','1m','011465215024','1','重庆农商行北碚支行','上海车辆公司','91310115MA1H7F3J8W','上海富商金融信息服务有限公司','17717554963','0000000058d7fd3d0158d85b4d480032','0000000058d7fd3d0158d86a06140041',NULL,'99009','99009','99009');
INSERT INTO `asset` VALUES ('4028218166da2a890166da2b435c00a0','system','2018-11-03 23:22:40',0,'重庆农商行北碚支行',NULL,NULL,9000.0000,NULL,NULL,NULL,NULL,'上海车辆公司',10000.0000,'3140005129698676','2018-12-03 00:00:00','2017-12-17 00:00:00','ZC1811032322402856336',NULL,'上海车辆公司','586994536100010','91310115MA1H7F3J8W',1,1,NULL,NULL,'1m',1,NULL,'银行承兑汇票质押借款','纸质银票','2m','1m','011465215024','1','重庆农商行北碚支行','上海车辆公司','91310115MA1H7F3J8W','上海富商金融信息服务有限公司','17717554963','0000000058d7fd3d0158d85b4d480032','0000000058d7fd3d0158d86a06140041',NULL,'99009','99009','99009');
INSERT INTO `asset` VALUES ('4028218166da2a890166da2b436600a1','system','2018-11-03 23:22:40',0,'重庆农商行北碚支行',NULL,NULL,9000.0000,NULL,NULL,NULL,NULL,'上海车辆公司',10000.0000,'3140005129698677','2018-12-03 00:00:00','2017-12-17 00:00:00','ZC1811032322402856337',NULL,'上海车辆公司','586994536100010','91310115MA1H7F3J8W',1,1,NULL,NULL,'1m',1,NULL,'银行承兑汇票质押借款','纸质银票','2m','1m','011465215024','1','重庆农商行北碚支行','上海车辆公司','91310115MA1H7F3J8W','上海富商金融信息服务有限公司','17717554963','0000000058d7fd3d0158d85b4d480032','0000000058d7fd3d0158d86a06140041',NULL,'99009','99009','99009');
INSERT INTO `asset` VALUES ('4028218166da2a890166da2b436d00a2','system','2018-11-03 23:22:40',0,'重庆农商行北碚支行',NULL,NULL,9000.0000,NULL,NULL,NULL,NULL,'上海车辆公司',10000.0000,'3140005129698678','2018-12-03 00:00:00','2017-12-17 00:00:00','ZC1811032322402856338',NULL,'上海车辆公司','586994536100010','91310115MA1H7F3J8W',1,1,NULL,NULL,'1m',1,NULL,'银行承兑汇票质押借款','纸质银票','2m','1m','011465215024','1','重庆农商行北碚支行','上海车辆公司','91310115MA1H7F3J8W','上海富商金融信息服务有限公司','17717554963','0000000058d7fd3d0158d85b4d480032','0000000058d7fd3d0158d86a06140041',NULL,'99009','99009','99009');
INSERT INTO `asset` VALUES ('4028218166da2a890166da2b437400a3','system','2018-11-03 23:22:40',0,'重庆农商行北碚支行',NULL,NULL,9000.0000,NULL,NULL,NULL,NULL,'上海车辆公司',10000.0000,'3140005129698679','2018-12-03 00:00:00','2017-12-17 00:00:00','ZC1811032322402856339',NULL,'上海车辆公司','586994536100010','91310115MA1H7F3J8W',1,1,NULL,NULL,'1m',1,NULL,'银行承兑汇票质押借款','纸质银票','2m','1m','011465215024','1','重庆农商行北碚支行','上海车辆公司','91310115MA1H7F3J8W','上海富商金融信息服务有限公司','17717554963','0000000058d7fd3d0158d85b4d480032','0000000058d7fd3d0158d86a06140041',NULL,'99009','99009','99009');
/*!40000 ALTER TABLE `asset` ENABLE KEYS */;
UNLOCK TABLES;

--
-- Table structure for table `asset_attachment`
--

DROP TABLE IF EXISTS `asset_attachment`;
/*!40101 SET @saved_cs_client     = @@character_set_client */;
/*!40101 SET character_set_client = utf8 */;
CREATE TABLE `asset_attachment` (
  `assetId` varchar(32) NOT NULL,
  `attachmentId` varchar(32) NOT NULL,
  UNIQUE KEY `UK_5vjdigwwudpesak1vw3fxfl6l` (`attachmentId`),
  KEY `FK_b7hildkg2ql3w5sangt184fjr` (`assetId`),
  CONSTRAINT `FK_5vjdigwwudpesak1vw3fxfl6l` FOREIGN KEY (`attachmentId`) REFERENCES `attachment` (`attachmentId`),
  CONSTRAINT `FK_b7hildkg2ql3w5sangt184fjr` FOREIGN KEY (`assetId`) REFERENCES `asset` (`id`)
) ENGINE=InnoDB DEFAULT CHARSET=utf8;
/*!40101 SET character_set_client = @saved_cs_client */;

--
-- Dumping data for table `asset_attachment`
--

LOCK TABLES `asset_attachment` WRITE;
/*!40000 ALTER TABLE `asset_attachment` DISABLE KEYS */;
INSERT INTO `asset_attachment` VALUES ('ff8080815affca95015b0dc4a8c11499','ff8080815affca95015b0dc4a8c01498');
INSERT INTO `asset_attachment` VALUES ('ff8080815affca95015b0dc4a8c2149c','ff8080815affca95015b0dc4a8c2149b');
INSERT INTO `asset_attachment` VALUES ('ff8080815b0de54b015b0e369a18341c','ff8080815b0de54b015b0e369a18341b');
INSERT INTO `asset_attachment` VALUES ('ff8080815b0de54b015b0e369a1b341f','ff8080815b0de54b015b0e369a1a341e');
INSERT INTO `asset_attachment` VALUES ('ff8080815b0f0198015b0f0eeabf0012','ff8080815b0f0198015b0f0eeabd0011');
INSERT INTO `asset_attachment` VALUES ('ff8080815b0f0198015b0f0eeac40015','ff8080815b0f0198015b0f0eeac30014');
INSERT INTO `asset_attachment` VALUES ('ff8080815b143812015b1448ff8765f8','ff8080815b143812015b1448ff8665f7');
INSERT INTO `asset_attachment` VALUES ('ff8080815b143812015b1448ff8765f8','ff8080815b18e5be015b19081da018f7');
INSERT INTO `asset_attachment` VALUES ('ff8080815b143812015b1448ff8965fb','ff8080815b143812015b1448ff8865fa');
INSERT INTO `asset_attachment` VALUES ('ff8080815b143812015b1448ff8965fc','ff8080815b18e5be015b1908c56f1fb0');
INSERT INTO `asset_attachment` VALUES ('ff8080815b143812015b1448ff8965fc','ff8080815b18e5be015b1908e5271fbc');
INSERT INTO `asset_attachment` VALUES ('ff8080815b143812015b1448ff8965fc','ff8080815b18e5be015b1908f58a20d8');
INSERT INTO `asset_attachment` VALUES ('ff8080815b143812015b14492bee65fe','ff8080815b143812015b14492bee65fd');
INSERT INTO `asset_attachment` VALUES ('ff8080815b143812015b14492bef6601','ff8080815b143812015b14492bef6600');
INSERT INTO `asset_attachment` VALUES ('ff8080815b191283015b1948849565e9','ff8080815b191283015b1948849465e8');
INSERT INTO `asset_attachment` VALUES ('ff8080815b191283015b1948849665ec','ff8080815b191283015b1948849665eb');
INSERT INTO `asset_attachment` VALUES ('ff8080815b191283015b1948849765ed','ff8080815b19b413015b1cf67b010019');
INSERT INTO `asset_attachment` VALUES ('ff8080815b191283015b1948849765ed','ff8080815b19b413015b1cf69625001a');
INSERT INTO `asset_attachment` VALUES ('ff8080815b191283015b1948849765ed','ff8080815b19b413015b1cf6af9b001d');
INSERT INTO `asset_attachment` VALUES ('ff8080815b191283015b1948849765ed','ff8080815b19b413015b1cf6dcb4001e');
INSERT INTO `asset_attachment` VALUES ('ff8080815b191283015b1948849765ed','ff8080815b19b413015b1cf6faa2001f');
INSERT INTO `asset_attachment` VALUES ('ff8080815b19b413015b1d0b0f41330b','ff8080815b19b413015b1d0b0f40330a');
INSERT INTO `asset_attachment` VALUES ('ff8080815b19b413015b1d0b0f43330e','ff8080815b19b413015b1d0b0f42330d');
INSERT INTO `asset_attachment` VALUES ('ff8080815b1e3a28015b1e4d163332f1','ff8080815b1e3a28015b1e4d163232f0');
INSERT INTO `asset_attachment` VALUES ('ff8080815b1e65d3015b1e7867cc60a2','ff8080815b1e65d3015b1e7867cc60a1');
INSERT INTO `asset_attachment` VALUES ('ff8080815b1e65d3015b1e822b6a4bf3','ff8080815b1e65d3015b1e822b6a4bf2');
INSERT INTO `asset_attachment` VALUES ('ff8080815b1e99d4015b1e9d97c30004','ff8080815b1e99d4015b1e9d97c20003');
INSERT INTO `asset_attachment` VALUES ('ff8080815b1e99d4015b1eca349132fb','ff8080815b1e99d4015b1eca349132fa');
INSERT INTO `asset_attachment` VALUES ('ff8080815b22e336015b22f2ed550004','ff8080815b22e336015b22f2ed540003');
INSERT INTO `asset_attachment` VALUES ('ff8080815b2378b1015b237b7bd40004','ff8080815b2378b1015b237b7bd30003');
INSERT INTO `asset_attachment` VALUES ('ff8080815b2845df015b285d046836e5','ff8080815b2845df015b285d046736e4');
INSERT INTO `asset_attachment` VALUES ('ff8080815b426f22015b461c2dd30012','ff8080815b426f22015b461c2dd20011');
INSERT INTO `asset_attachment` VALUES ('ff8080815b426f22015b4658d7e70047','ff8080815b426f22015b4658d7e70046');
INSERT INTO `asset_attachment` VALUES ('ff8080815b426f22015b46e93ebb007d','ff8080815b426f22015b46e93ebb007c');
INSERT INTO `asset_attachment` VALUES ('ff8080815b426f22015b47004c4f009c','ff8080815b426f22015b47004c4e009b');
INSERT INTO `asset_attachment` VALUES ('ff8080815b47780e015b47a5158f0018','ff8080815b47780e015b47a5158e0017');
INSERT INTO `asset_attachment` VALUES ('ff8080815b55c045015b55c28a530004','ff8080815b55c045015b55c28a520003');
INSERT INTO `asset_attachment` VALUES ('ff8080815b55c045015b55f2126b00a8','ff8080815b55c045015b55f2126b00a7');
INSERT INTO `asset_attachment` VALUES ('ff8080815b55c045015b55f2126d00ab','ff8080815b55c045015b55f2126d00aa');
INSERT INTO `asset_attachment` VALUES ('ff8080815b55c045015b56d3c438011d','ff8080815b55c045015b56d3c438011c');
INSERT INTO `asset_attachment` VALUES ('ff8080815b67c264015b6a099c6966e2','ff8080815b67c264015b6a099c6866e1');
INSERT INTO `asset_attachment` VALUES ('ff8080815bc4baaa015bc4d2399a4d10','ff8080815bc4baaa015bc4d239954d0f');
INSERT INTO `asset_attachment` VALUES ('ff8080815bc4baaa015bc4d2399d4d13','ff8080815bc4baaa015bc4d2399c4d12');
INSERT INTO `asset_attachment` VALUES ('ff8080815bc727eb015bcc0307f00009','ff8080815bc727eb015bcc0307f00008');
INSERT INTO `asset_attachment` VALUES ('ff8080815bccacaa015bcce1748e000e','ff8080815bccacaa015bcce1748c000d');
INSERT INTO `asset_attachment` VALUES ('ff8080815bcce194015bcce2b0f20004','ff8080815bcce194015bcce2b0ef0003');
INSERT INTO `asset_attachment` VALUES ('ff8080815bcd7707015bcd78ca2d0001','ff8080815bcd7707015bcd78ca1e0000');
INSERT INTO `asset_attachment` VALUES ('ff8080815bcd7707015bcd78ca390004','ff8080815bcd7707015bcd78ca350003');
INSERT INTO `asset_attachment` VALUES ('ff8080815bcd7707015bcd792a3d000e','ff8080815bcd7707015bcd792a3a000d');
INSERT INTO `asset_attachment` VALUES ('ff8080815bcd7707015bcd79f6c60018','ff8080815bcd7707015bcd79f6c30017');
INSERT INTO `asset_attachment` VALUES ('ff8080815bd204b6015bd37dcd806655','ff8080815bd204b6015bd37dcd7e6654');
INSERT INTO `asset_attachment` VALUES ('ff8080815bd204b6015bd37dcd816657','ff8080815bd204b6015bd37dcd806656');
INSERT INTO `asset_attachment` VALUES ('ff8080815d9b96a2015d9bb0625a6495','ff8080815d9b96a2015d9bb062586494');
INSERT INTO `asset_attachment` VALUES ('ff8080815d9b96a2015d9bb0625e6498','ff8080815d9b96a2015d9bb0625c6497');
INSERT INTO `asset_attachment` VALUES ('ff808081651dab90016521b38f860015','ff808081651dab90016521b37cc60014');
INSERT INTO `asset_attachment` VALUES ('ff808081651dab9001652305f488004b','ff808081651dab90016523058e14004a');
INSERT INTO `asset_attachment` VALUES ('ff808081651dab900165415475680107','ff808081651dab90016541543bbf0106');
INSERT INTO `asset_attachment` VALUES ('ff808081651dab90016545b50b61014b','ff808081651dab90016545b49873014a');
INSERT INTO `asset_attachment` VALUES ('ff8080816659395801666106f45d002b','ff8080816659395801666107ff77002f');
INSERT INTO `asset_attachment` VALUES ('ff8080816659395801666106f780002c','ff8080816659395801666107a142002e');
/*!40000 ALTER TABLE `asset_attachment` ENABLE KEYS */;
UNLOCK TABLES;

--
-- Table structure for table `attachment`
--

DROP TABLE IF EXISTS `attachment`;
/*!40101 SET @saved_cs_client     = @@character_set_client */;
/*!40101 SET character_set_client = utf8 */;
CREATE TABLE `attachment` (
  `attachmentId` varchar(32) NOT NULL,
  `createBy` varchar(32) DEFAULT NULL,
  `createTime` datetime DEFAULT NULL,
  `version` int(11) DEFAULT NULL,
  `attachmentExt` varchar(16) DEFAULT NULL,
  `attachmentGroup` varchar(64) DEFAULT NULL,
  `attachmentHash` varchar(32) DEFAULT NULL,
  `attachmentNm` varchar(128) DEFAULT NULL,
  `attachmentPath` varchar(255) DEFAULT NULL,
  `attachmentSize` bigint(20) DEFAULT NULL,
  `attachmentTitle` varchar(64) DEFAULT NULL,
  `isTemp` int(11) DEFAULT NULL,
  `uploadip` varchar(255) DEFAULT NULL,
  PRIMARY KEY (`attachmentId`)
) ENGINE=InnoDB DEFAULT CHARSET=utf8;
/*!40101 SET character_set_client = @saved_cs_client */;

--
-- Dumping data for table `attachment`
--

LOCK TABLES `attachment` WRITE;
/*!40000 ALTER TABLE `attachment` DISABLE KEYS */;
/*!40000 ALTER TABLE `attachment` ENABLE KEYS */;
UNLOCK TABLES;

--
-- Table structure for table `autobidset`
--

DROP TABLE IF EXISTS `autobidset`;
/*!40101 SET @saved_cs_client     = @@character_set_client */;
/*!40101 SET character_set_client = utf8 */;
CREATE TABLE `autobidset` (
  `autoBidSetId` varchar(255) NOT NULL,
  `createBy` varchar(32) DEFAULT NULL,
  `createTime` datetime DEFAULT NULL,
  `version` int(11) DEFAULT NULL,
  `flag` int(11) DEFAULT NULL,
  `freqFlag` int(11) DEFAULT NULL,
  `orderNo` bigint(20) DEFAULT NULL,
  `periodRangFrom` int(11) DEFAULT NULL,
  `periodRangTo` int(11) DEFAULT NULL,
  `productTypeRang` varchar(128) DEFAULT NULL,
  `rateRangFrom` decimal(19,4) DEFAULT NULL,
  `rateRangTo` decimal(19,4) DEFAULT NULL,
  `singleBidRangFrom` int(11) DEFAULT NULL,
  `singleBidRangTo` int(11) DEFAULT NULL,
  `memberId` varchar(32) DEFAULT NULL,
  `amount` decimal(19,2) DEFAULT NULL,
  PRIMARY KEY (`autoBidSetId`),
  KEY `FK_6wt8n2qd5bwc9rsw0je2r0k09` (`memberId`),
  CONSTRAINT `FK_6wt8n2qd5bwc9rsw0je2r0k09` FOREIGN KEY (`memberId`) REFERENCES `member` (`memberId`)
) ENGINE=InnoDB DEFAULT CHARSET=utf8;
/*!40101 SET character_set_client = @saved_cs_client */;

--
-- Dumping data for table `autobidset`
--

LOCK TABLES `autobidset` WRITE;
/*!40000 ALTER TABLE `autobidset` DISABLE KEYS */;
INSERT INTO `autobidset` VALUES ('ff8080815b0f01ed015b0fb4f2440000','system','2017-03-27 20:19:28',1,0,1,1490617168,1,12,'银行承兑汇票',0.0100,0.1200,1,12,'5d4c74a956d69fc40156d6e2fc8b0004',0.00);
INSERT INTO `autobidset` VALUES ('ff8080815b19b2f9015b1e19bb070009','system','2017-03-30 15:24:14',1,0,1,1490858654,1,500,'银行承兑汇票,商业承兑汇票,车辆质押借款,债权质押借款,个人信用借款',0.0100,0.2000,1,2000,'ff8080815a92f7b9015a93139af2000b',2000.00);
INSERT INTO `autobidset` VALUES ('ff8080815b19b2f9015b1e1af928000b','system','2017-03-30 15:25:35',1,0,1,1490858735,1,500,'银行承兑汇票,商业承兑汇票,车辆质押借款,债权质押借款,个人信用借款',0.0100,0.2000,1,1000,'0000000057416bad015741b2ab6f004b',0.00);
INSERT INTO `autobidset` VALUES ('ff8080815b1e3956015b1e41164c0001','system','2017-03-30 16:07:13',1,0,1,1490861233,1,500,'银行承兑汇票,商业承兑汇票,车辆质押借款,债权质押借款,个人信用借款',0.0100,0.2000,1,5000,'0000000057416bad015741b2ab6f004b',5000.00);
INSERT INTO `autobidset` VALUES ('ff8080815b1e64bc015b1e73a6440001','system','2017-03-30 17:02:27',1,0,1,1490864547,1,500,'银行承兑汇票,商业承兑汇票,车辆质押借款,债权质押借款,个人信用借款',0.0100,0.2000,1,3000,'000000005a841db0015a886755450033',3000.00);
INSERT INTO `autobidset` VALUES ('ff8080815b1e8e2c015b1e9839b30000','system','2017-03-30 17:42:24',1,0,1,1490866944,1,500,'银行承兑汇票,商业承兑汇票,车辆质押借款,债权质押借款,个人信用借款',0.0100,0.2000,1,600,'ff8080815aea77f0015aea7d54f80002',600.00);
INSERT INTO `autobidset` VALUES ('ff8080815b1e98bd015b1e9c94e10000','system','2017-03-30 17:47:09',1,0,1,1490867229,1,550,'银行承兑汇票,商业承兑汇票,车辆质押借款,债权质押借款,个人信用借款',0.0100,0.2000,1,1000,'ff8080815ae99eab015ae9c76edd0022',1000.00);
INSERT INTO `autobidset` VALUES ('ff8080815b1e98bd015b1e9d436d0002','system','2017-03-30 17:47:54',1,0,1,1490867274,1,500,'银行承兑汇票,商业承兑汇票,车辆质押借款,债权质押借款,个人信用借款',0.0100,0.2000,1,2000,'0000000057416bad015741b2ab6f004b',0.00);
INSERT INTO `autobidset` VALUES ('ff8080815b1e98bd015b1e9eef2e0004','system','2017-03-30 17:49:44',1,0,1,1490867384,1,500,'银行承兑汇票,商业承兑汇票,车辆质押借款,债权质押借款,个人信用借款',0.0100,0.2200,1,3050,'5d4c74a956d69fc40156d6e2fc8b0004',0.00);
INSERT INTO `autobidset` VALUES ('ff8080815b1e98bd015b1ea483310006','system','2017-03-30 17:55:49',2,0,1,1490869339,1,505,'银行承兑汇票,商业承兑汇票,车辆质押借款,债权质押借款,个人信用借款',0.0100,0.2000,1,3000,'5d4c74a956d69fc40156d6e2fc8b0004',0.00);
INSERT INTO `autobidset` VALUES ('ff8080815b1e98bd015b1ebe983f000c','system','2017-03-30 18:24:19',2,0,1,1490869502,10,365,'银行承兑汇票,商业承兑汇票',0.0100,0.1100,100,100000,'5d4c74a956d69fc40156d6e2fc8b0004',0.00);
INSERT INTO `autobidset` VALUES ('ff8080815b1e98bd015b1ebf03ce000e','system','2017-03-30 18:24:46',2,0,1,1490869518,1,10,'车辆质押借款',0.0400,0.1200,100,200000,'5d4c74a956d69fc40156d6e2fc8b0004',0.00);
INSERT INTO `autobidset` VALUES ('ff8080815b22e25f015b22f1fdf00000','system','2017-03-31 13:58:56',1,0,1,1490939936,1,500,'银行承兑汇票,商业承兑汇票,车辆质押借款,债权质押借款,个人信用借款',0.0100,0.2000,1,800,'5d4c74a956d69fc40156d6e2fc8b0004',800.00);
INSERT INTO `autobidset` VALUES ('ff8080815b22e25f015b232c819f0002','system','2017-03-31 15:02:51',1,0,1,1490943771,1,506,'银行承兑汇票,商业承兑汇票,车辆质押借款,债权质押借款,个人信用借款',0.0100,0.2000,1,503,'ff8080815a92f7b9015a93139af2000b',502.00);
INSERT INTO `autobidset` VALUES ('ff8080815b23636b015b2364ab2f0000','system','2017-03-31 16:04:11',1,0,1,1490947451,1,2000,'银行承兑汇票,商业承兑汇票,车辆质押借款,债权质押借款,个人信用借款',0.0100,0.2000,1,505,'ff8080815a92f7b9015a93139af2000b',504.00);
INSERT INTO `autobidset` VALUES ('ff8080815b23636b015b2365666c0002','system','2017-03-31 16:04:59',1,0,1,1490947499,1,200,'银行承兑汇票,商业承兑汇票,车辆质押借款,债权质押借款,个人信用借款',0.0100,0.2000,1,1001,'5d4c74a956d69fc40156d6e2fc8b0004',1000.00);
INSERT INTO `autobidset` VALUES ('ff8080815b2377e0015b237a93aa0000','system','2017-03-31 16:28:07',1,0,1,1490948887,1,500,'银行承兑汇票,商业承兑汇票,车辆质押借款,债权质押借款,个人信用借款',0.0100,0.2000,1,505,'0000000057416bad015741b2ab6f004b',505.00);
INSERT INTO `autobidset` VALUES ('ff8080815b2377e0015b237b24b30002','system','2017-03-31 16:28:44',1,0,1,1490948924,1,500,'银行承兑汇票,商业承兑汇票,车辆质押借款,债权质押借款,个人信用借款',0.0100,0.2500,2,600,'5d4c74a956d69fc40156d6e2fc8b0004',600.00);
INSERT INTO `autobidset` VALUES ('ff8080815b2377e0015b238d1c110004','system','2017-03-31 16:48:22',1,0,1,1490950102,1,500,'银行承兑汇票,商业承兑汇票,车辆质押借款,债权质押借款,个人信用借款',0.0100,0.2500,1,500,'0000000057416bad015741b2ab6f004b',500.00);
INSERT INTO `autobidset` VALUES ('ff8080815b2377e0015b239d58b70006','system','2017-03-31 17:06:06',1,0,1,1490951166,1,100,'银行承兑汇票,商业承兑汇票,车辆质押借款,债权质押借款,个人信用借款',0.0100,3.0000,1,9001,'0000000057416bad015741b2ab6f004b',9001.00);
INSERT INTO `autobidset` VALUES ('ff8080815b2377e0015b23b158e60008','system','2017-03-31 17:27:56',1,0,1,1490952476,1,500,'银行承兑汇票',0.0100,0.2000,1,500,'0000000057416bad015741b2ab6f004b',500.00);
INSERT INTO `autobidset` VALUES ('ff8080815c1f9aa1015c1fefabab0001','system','2017-05-19 17:00:19',1,0,0,1495184419,10,10,'债权质押借款',0.1000,0.1100,100,1000,'5d4c74a956d69fc40156d6e2fc8b0004',0.00);
INSERT INTO `autobidset` VALUES ('ff8080815cd3a17f015ce31458940003','system','2017-06-26 14:26:20',0,1,0,1498458380,30,300,'银行承兑汇票,商业承兑汇票,车辆质押借款,债权质押借款,个人信用借款',0.0500,0.1500,1000,2000,'5d4c74a956d69fc40156d6e2fc8b0004',0.00);
INSERT INTO `autobidset` VALUES ('ff80808162fbf0950163050c87ae0004','system','2018-04-27 11:01:37',1,0,0,1524798097,30,90,'银行承兑汇票质押借款',0.0600,0.0700,1,100,'ff8080815aea77f0015aea7d54f80002',0.00);
/*!40000 ALTER TABLE `autobidset` ENABLE KEYS */;
UNLOCK TABLES;

--
-- Table structure for table `autobidsetlog`
--

DROP TABLE IF EXISTS `autobidsetlog`;
/*!40101 SET @saved_cs_client     = @@character_set_client */;
/*!40101 SET character_set_client = utf8 */;
CREATE TABLE `autobidsetlog` (
  `autoBidSetLogId` varchar(32) NOT NULL,
  `createBy` varchar(32) DEFAULT NULL,
  `createTime` datetime DEFAULT NULL,
  `version` int(11) DEFAULT NULL,
  `flag` int(11) DEFAULT NULL,
  `freqFlag` int(11) DEFAULT NULL,
  `memberId` varchar(32) DEFAULT NULL,
  `operationSrc` int(11) DEFAULT NULL,
  `orderNo` int(11) DEFAULT NULL,
  `periodRangFrom` int(11) DEFAULT NULL,
  `periodRangTo` int(11) DEFAULT NULL,
  `productTypeRang` varchar(128) DEFAULT NULL,
  `rateRangFrom` decimal(19,4) DEFAULT NULL,
  `rateRangTo` decimal(19,4) DEFAULT NULL,
  `resultStr` varchar(255) DEFAULT NULL,
  `singleBidRangFrom` int(11) DEFAULT NULL,
  `singleBidRangTo` int(11) DEFAULT NULL,
  `vCode` varchar(10) DEFAULT NULL,
  `autoBidSetId` varchar(32) DEFAULT NULL,
  PRIMARY KEY (`autoBidSetLogId`)
) ENGINE=InnoDB DEFAULT CHARSET=utf8;
/*!40101 SET character_set_client = @saved_cs_client */;

--
-- Dumping data for table `autobidsetlog`
--

LOCK TABLES `autobidsetlog` WRITE;
/*!40000 ALTER TABLE `autobidsetlog` DISABLE KEYS */;
INSERT INTO `autobidsetlog` VALUES ('ff8080815b0f01ed015b0fb4f2940001','system','2017-03-27 20:19:28',0,1,1,'5d4c74a956d69fc40156d6e2fc8b0004',3,1490617168,1,12,'银行承兑汇票',0.0100,0.1200,NULL,1,12,NULL,'ff8080815b0f01ed015b0fb4f2440000');
INSERT INTO `autobidsetlog` VALUES ('ff8080815b19b2f9015b1e19bb30000a','system','2017-03-30 15:24:14',0,1,1,'ff8080815a92f7b9015a93139af2000b',2,1490858654,1,500,'银行承兑汇票,商业承兑汇票,车辆质押借款,债权质押借款,个人信用借款',0.0100,0.2000,NULL,1,2000,NULL,'ff8080815b19b2f9015b1e19bb070009');
INSERT INTO `autobidsetlog` VALUES ('ff8080815b19b2f9015b1e1af942000c','system','2017-03-30 15:25:35',0,1,1,'0000000057416bad015741b2ab6f004b',0,1490858735,1,500,'银行承兑汇票,商业承兑汇票,车辆质押借款,债权质押借款,个人信用借款',0.0100,0.2000,NULL,1,1000,NULL,'ff8080815b19b2f9015b1e1af928000b');
INSERT INTO `autobidsetlog` VALUES ('ff8080815b19b413015b1e2880454bee','system','2017-03-30 15:40:22',0,0,1,'ff8080815a92f7b9015a93139af2000b',0,1490858654,1,500,'银行承兑汇票,商业承兑汇票,车辆质押借款,债权质押借款,个人信用借款',0.0100,0.2000,'仅运行一次，智能投资之后，系统关闭',1,2000,'','ff8080815b19b2f9015b1e19bb070009');
INSERT INTO `autobidsetlog` VALUES ('ff8080815b19b413015b1e2880474bef','system','2017-03-30 15:40:22',0,0,1,'0000000057416bad015741b2ab6f004b',0,1490858735,1,500,'银行承兑汇票,商业承兑汇票,车辆质押借款,债权质押借款,个人信用借款',0.0100,0.2000,'会员关闭智能投资授权，系统关闭',1,1000,'','ff8080815b19b2f9015b1e1af928000b');
INSERT INTO `autobidsetlog` VALUES ('ff8080815b1e3956015b1e4116670002','system','2017-03-30 16:07:13',0,1,1,'0000000057416bad015741b2ab6f004b',0,1490861233,1,500,'银行承兑汇票,商业承兑汇票,车辆质押借款,债权质押借款,个人信用借款',0.0100,0.2000,NULL,1,5000,NULL,'ff8080815b1e3956015b1e41164c0001');
INSERT INTO `autobidsetlog` VALUES ('ff8080815b1e3a28015b1e43f96f1dbc','system','2017-03-30 16:10:22',0,0,1,'0000000057416bad015741b2ab6f004b',0,1490861233,1,500,'银行承兑汇票,商业承兑汇票,车辆质押借款,债权质押借款,个人信用借款',0.0100,0.2000,'仅运行一次，智能投资之后，系统关闭',1,5000,'','ff8080815b1e3956015b1e41164c0001');
INSERT INTO `autobidsetlog` VALUES ('ff8080815b1e64bc015b1e73a6600002','system','2017-03-30 17:02:27',0,1,1,'000000005a841db0015a886755450033',0,1490864547,1,500,'银行承兑汇票,商业承兑汇票,车辆质押借款,债权质押借款,个人信用借款',0.0100,0.2000,NULL,1,3000,NULL,'ff8080815b1e64bc015b1e73a6440001');
INSERT INTO `autobidsetlog` VALUES ('ff8080815b1e65d3015b1e7ae5c47338','system','2017-03-30 17:10:22',0,0,1,'000000005a841db0015a886755450033',0,1490864547,1,500,'银行承兑汇票,商业承兑汇票,车辆质押借款,债权质押借款,个人信用借款',0.0100,0.2000,'仅运行一次，智能投资之后，系统关闭',1,3000,'','ff8080815b1e64bc015b1e73a6440001');
INSERT INTO `autobidsetlog` VALUES ('ff8080815b1e8e2c015b1e9839e90001','system','2017-03-30 17:42:24',0,1,1,'ff8080815aea77f0015aea7d54f80002',3,1490866944,1,500,'银行承兑汇票,商业承兑汇票,车辆质押借款,债权质押借款,个人信用借款',0.0100,0.2000,NULL,1,600,NULL,'ff8080815b1e8e2c015b1e9839b30000');
INSERT INTO `autobidsetlog` VALUES ('ff8080815b1e98bd015b1e9c95070001','system','2017-03-30 17:47:09',0,1,1,'ff8080815ae99eab015ae9c76edd0022',2,1490867229,1,550,'银行承兑汇票,商业承兑汇票,车辆质押借款,债权质押借款,个人信用借款',0.0100,0.2000,NULL,1,1000,NULL,'ff8080815b1e98bd015b1e9c94e10000');
INSERT INTO `autobidsetlog` VALUES ('ff8080815b1e98bd015b1e9d438d0003','system','2017-03-30 17:47:54',0,1,1,'0000000057416bad015741b2ab6f004b',0,1490867274,1,500,'银行承兑汇票,商业承兑汇票,车辆质押借款,债权质押借款,个人信用借款',0.0100,0.2000,NULL,1,2000,NULL,'ff8080815b1e98bd015b1e9d436d0002');
INSERT INTO `autobidsetlog` VALUES ('ff8080815b1e98bd015b1e9eef4b0005','system','2017-03-30 17:49:44',0,1,1,'5d4c74a956d69fc40156d6e2fc8b0004',0,1490867384,1,500,'银行承兑汇票,商业承兑汇票,车辆质押借款,债权质押借款,个人信用借款',0.0100,0.2200,NULL,1,3050,NULL,'ff8080815b1e98bd015b1e9eef2e0004');
INSERT INTO `autobidsetlog` VALUES ('ff8080815b1e98bd015b1ea4834d0007','system','2017-03-30 17:55:49',0,1,1,'5d4c74a956d69fc40156d6e2fc8b0004',0,1490867749,1,505,'银行承兑汇票,商业承兑汇票,车辆质押借款,债权质押借款,个人信用借款',0.0100,0.2000,NULL,1,3000,NULL,'ff8080815b1e98bd015b1ea483310006');
INSERT INTO `autobidsetlog` VALUES ('ff8080815b1e98bd015b1ebcc525000b','system','2017-03-30 18:22:19',0,0,1,'5d4c74a956d69fc40156d6e2fc8b0004',0,1490869339,1,505,'银行承兑汇票,商业承兑汇票,车辆质押借款,债权质押借款,个人信用借款',0.0100,0.2000,NULL,1,3000,NULL,'ff8080815b1e98bd015b1ea483310006');
INSERT INTO `autobidsetlog` VALUES ('ff8080815b1e98bd015b1ebe985d000d','system','2017-03-30 18:24:19',0,1,1,'5d4c74a956d69fc40156d6e2fc8b0004',0,1490869459,10,365,'银行承兑汇票,商业承兑汇票',0.0100,0.1100,NULL,100,100000,NULL,'ff8080815b1e98bd015b1ebe983f000c');
INSERT INTO `autobidsetlog` VALUES ('ff8080815b1e98bd015b1ebf03fe000f','system','2017-03-30 18:24:46',0,1,1,'5d4c74a956d69fc40156d6e2fc8b0004',0,1490869486,1,10,'车辆质押借款',0.0400,0.1200,NULL,100,200000,NULL,'ff8080815b1e98bd015b1ebf03ce000e');
INSERT INTO `autobidsetlog` VALUES ('ff8080815b1e98bd015b1ebf42400010','system','2017-03-30 18:25:02',0,0,1,'5d4c74a956d69fc40156d6e2fc8b0004',0,1490869502,10,365,'银行承兑汇票,商业承兑汇票',0.0100,0.1100,NULL,100,100000,NULL,'ff8080815b1e98bd015b1ebe983f000c');
INSERT INTO `autobidsetlog` VALUES ('ff8080815b1e98bd015b1ebf7f1d0011','system','2017-03-30 18:25:18',0,0,1,'5d4c74a956d69fc40156d6e2fc8b0004',0,1490869518,1,10,'车辆质押借款',0.0400,0.1200,NULL,100,200000,NULL,'ff8080815b1e98bd015b1ebf03ce000e');
INSERT INTO `autobidsetlog` VALUES ('ff8080815b1e99d4015b1e9f178b0008','system','2017-03-30 17:49:54',0,0,1,'0000000057416bad015741b2ab6f004b',0,1490867274,1,500,'银行承兑汇票,商业承兑汇票,车辆质押借款,债权质押借款,个人信用借款',0.0100,0.2000,'会员关闭智能投资授权，系统关闭',1,2000,'','ff8080815b1e98bd015b1e9d436d0002');
INSERT INTO `autobidsetlog` VALUES ('ff8080815b1e99d4015b1e9f178f0009','system','2017-03-30 17:49:54',0,0,1,'5d4c74a956d69fc40156d6e2fc8b0004',0,1490867384,1,500,'银行承兑汇票,商业承兑汇票,车辆质押借款,债权质押借款,个人信用借款',0.0100,0.2200,'会员关闭智能投资授权，系统关闭',1,3050,'','ff8080815b1e98bd015b1e9eef2e0004');
INSERT INTO `autobidsetlog` VALUES ('ff8080815b1ed0b9015b1eddc65508e8','system','2017-03-30 18:58:22',0,0,1,'ff8080815aea77f0015aea7d54f80002',0,1490866944,1,500,'银行承兑汇票,商业承兑汇票,车辆质押借款,债权质押借款,个人信用借款',0.0100,0.2000,'仅运行一次，智能投资之后，系统关闭',1,600,'','ff8080815b1e8e2c015b1e9839b30000');
INSERT INTO `autobidsetlog` VALUES ('ff8080815b1ed0b9015b1eddc7b60910','system','2017-03-30 18:58:22',0,0,1,'ff8080815ae99eab015ae9c76edd0022',0,1490867229,1,550,'银行承兑汇票,商业承兑汇票,车辆质押借款,债权质押借款,个人信用借款',0.0100,0.2000,'仅运行一次，智能投资之后，系统关闭',1,1000,'','ff8080815b1e98bd015b1e9c94e10000');
INSERT INTO `autobidsetlog` VALUES ('ff8080815b22e25f015b22f1fe180001','system','2017-03-31 13:58:56',0,1,1,'5d4c74a956d69fc40156d6e2fc8b0004',0,1490939936,1,500,'银行承兑汇票,商业承兑汇票,车辆质押借款,债权质押借款,个人信用借款',0.0100,0.2000,NULL,1,800,NULL,'ff8080815b22e25f015b22f1fdf00000');
INSERT INTO `autobidsetlog` VALUES ('ff8080815b22e25f015b232c81cb0003','system','2017-03-31 15:02:51',0,1,1,'ff8080815a92f7b9015a93139af2000b',3,1490943771,1,506,'银行承兑汇票,商业承兑汇票,车辆质押借款,债权质押借款,个人信用借款',0.0100,0.2000,NULL,1,503,NULL,'ff8080815b22e25f015b232c819f0002');
INSERT INTO `autobidsetlog` VALUES ('ff8080815b22e336015b22f8cdfd32f4','system','2017-03-31 14:06:22',0,0,1,'5d4c74a956d69fc40156d6e2fc8b0004',0,1490939936,1,500,'银行承兑汇票,商业承兑汇票,车辆质押借款,债权质押借款,个人信用借款',0.0100,0.2000,'仅运行一次，智能投资之后，系统关闭',1,800,'','ff8080815b22e25f015b22f1fdf00000');
INSERT INTO `autobidsetlog` VALUES ('ff8080815b22e336015b233364c665e1','system','2017-03-31 15:10:22',0,0,1,'ff8080815a92f7b9015a93139af2000b',0,1490943771,1,506,'银行承兑汇票,商业承兑汇票,车辆质押借款,债权质押借款,个人信用借款',0.0100,0.2000,'仅运行一次，智能投资之后，系统关闭',1,503,'','ff8080815b22e25f015b232c819f0002');
INSERT INTO `autobidsetlog` VALUES ('ff8080815b23636b015b2364adfd0001','system','2017-03-31 16:04:11',0,1,1,'ff8080815a92f7b9015a93139af2000b',2,1490947451,1,2000,'银行承兑汇票,商业承兑汇票,车辆质押借款,债权质押借款,个人信用借款',0.0100,0.2000,NULL,1,505,NULL,'ff8080815b23636b015b2364ab2f0000');
INSERT INTO `autobidsetlog` VALUES ('ff8080815b23636b015b236566cb0003','system','2017-03-31 16:04:59',0,1,1,'5d4c74a956d69fc40156d6e2fc8b0004',2,1490947499,1,200,'银行承兑汇票,商业承兑汇票,车辆质押借款,债权质押借款,个人信用借款',0.0100,0.2000,NULL,1,1001,NULL,'ff8080815b23636b015b2365666c0002');
INSERT INTO `autobidsetlog` VALUES ('ff8080815b23642c015b236a53530009','system','2017-03-31 16:10:22',0,0,1,'ff8080815a92f7b9015a93139af2000b',0,1490947451,1,2000,'银行承兑汇票,商业承兑汇票,车辆质押借款,债权质押借款,个人信用借款',0.0100,0.2000,'仅运行一次，智能投资之后，系统关闭',1,505,'','ff8080815b23636b015b2364ab2f0000');
INSERT INTO `autobidsetlog` VALUES ('ff8080815b23642c015b236a54c4000b','system','2017-03-31 16:10:22',0,0,1,'5d4c74a956d69fc40156d6e2fc8b0004',0,1490947499,1,200,'银行承兑汇票,商业承兑汇票,车辆质押借款,债权质押借款,个人信用借款',0.0100,0.2000,'仅运行一次，智能投资之后，系统关闭',1,1001,'','ff8080815b23636b015b2365666c0002');
INSERT INTO `autobidsetlog` VALUES ('ff8080815b2377e0015b237a93f20001','system','2017-03-31 16:28:07',0,1,1,'0000000057416bad015741b2ab6f004b',0,1490948887,1,500,'银行承兑汇票,商业承兑汇票,车辆质押借款,债权质押借款,个人信用借款',0.0100,0.2000,NULL,1,505,NULL,'ff8080815b2377e0015b237a93aa0000');
INSERT INTO `autobidsetlog` VALUES ('ff8080815b2377e0015b237b24e00003','system','2017-03-31 16:28:44',0,1,1,'5d4c74a956d69fc40156d6e2fc8b0004',0,1490948924,1,500,'银行承兑汇票,商业承兑汇票,车辆质押借款,债权质押借款,个人信用借款',0.0100,0.2500,NULL,2,600,NULL,'ff8080815b2377e0015b237b24b30002');
INSERT INTO `autobidsetlog` VALUES ('ff8080815b2377e0015b238d1c4b0005','system','2017-03-31 16:48:22',0,1,1,'0000000057416bad015741b2ab6f004b',3,1490950102,1,500,'银行承兑汇票,商业承兑汇票,车辆质押借款,债权质押借款,个人信用借款',0.0100,0.2500,NULL,1,500,NULL,'ff8080815b2377e0015b238d1c110004');
INSERT INTO `autobidsetlog` VALUES ('ff8080815b2377e0015b239d58d40007','system','2017-03-31 17:06:06',0,1,1,'0000000057416bad015741b2ab6f004b',0,1490951166,1,100,'银行承兑汇票,商业承兑汇票,车辆质押借款,债权质押借款,个人信用借款',0.0100,3.0000,NULL,1,9001,NULL,'ff8080815b2377e0015b239d58b70006');
INSERT INTO `autobidsetlog` VALUES ('ff8080815b2377e0015b23b159150009','system','2017-03-31 17:27:56',0,1,1,'0000000057416bad015741b2ab6f004b',0,1490952476,1,500,'银行承兑汇票',0.0100,0.2000,NULL,1,500,NULL,'ff8080815b2377e0015b23b158e60008');
INSERT INTO `autobidsetlog` VALUES ('ff8080815b2378b1015b2382212f0012','system','2017-03-31 16:36:22',0,0,1,'0000000057416bad015741b2ab6f004b',0,1490948887,1,500,'银行承兑汇票,商业承兑汇票,车辆质押借款,债权质押借款,个人信用借款',0.0100,0.2000,'仅运行一次，智能投资之后，系统关闭',1,505,'','ff8080815b2377e0015b237a93aa0000');
INSERT INTO `autobidsetlog` VALUES ('ff8080815b2378b1015b238222b10014','system','2017-03-31 16:36:22',0,0,1,'5d4c74a956d69fc40156d6e2fc8b0004',0,1490948924,1,500,'银行承兑汇票,商业承兑汇票,车辆质押借款,债权质押借款,个人信用借款',0.0100,0.2500,'仅运行一次，智能投资之后，系统关闭',2,600,'','ff8080815b2377e0015b237b24b30002');
INSERT INTO `autobidsetlog` VALUES ('ff8080815b2378b1015b239470b10022','system','2017-03-31 16:56:22',0,0,1,'0000000057416bad015741b2ab6f004b',0,1490950102,1,500,'银行承兑汇票,商业承兑汇票,车辆质押借款,债权质押借款,个人信用借款',0.0100,0.2500,'仅运行一次，智能投资之后，系统关闭',1,500,'','ff8080815b2377e0015b238d1c110004');
INSERT INTO `autobidsetlog` VALUES ('ff8080815b2378b1015b23a4eb51002d','system','2017-03-31 17:14:22',0,0,1,'0000000057416bad015741b2ab6f004b',0,1490951166,1,100,'银行承兑汇票,商业承兑汇票,车辆质押借款,债权质押借款,个人信用借款',0.0100,3.0000,'仅运行一次，智能投资之后，系统关闭',1,9001,'','ff8080815b2377e0015b239d58b70006');
INSERT INTO `autobidsetlog` VALUES ('ff8080815b2378b1015b23b90f850039','system','2017-03-31 17:36:22',0,0,1,'0000000057416bad015741b2ab6f004b',0,1490952476,1,500,'银行承兑汇票',0.0100,0.2000,'仅运行一次，智能投资之后，系统关闭',1,500,'','ff8080815b2377e0015b23b158e60008');
INSERT INTO `autobidsetlog` VALUES ('ff8080815c1f9aa1015c1fefabfb0002','system','2017-05-19 17:00:19',0,1,0,'5d4c74a956d69fc40156d6e2fc8b0004',3,1495184419,10,10,'债权质押借款',0.1000,0.1100,NULL,100,1000,NULL,'ff8080815c1f9aa1015c1fefabab0001');
INSERT INTO `autobidsetlog` VALUES ('ff8080815cd3a17f015ce31458b40004','system','2017-06-26 14:26:20',0,1,0,'5d4c74a956d69fc40156d6e2fc8b0004',0,1498458380,30,300,'银行承兑汇票,商业承兑汇票,车辆质押借款,债权质押借款,个人信用借款',0.0500,0.1500,NULL,1000,2000,NULL,'ff8080815cd3a17f015ce31458940003');
INSERT INTO `autobidsetlog` VALUES ('ff80808162fbf0950163050c87d50005','system','2018-04-27 11:01:37',0,1,0,'ff8080815aea77f0015aea7d54f80002',2,1524798097,30,90,'银行承兑汇票质押借款',0.0600,0.0700,NULL,1,100,NULL,'ff80808162fbf0950163050c87ae0004');
/*!40000 ALTER TABLE `autobidsetlog` ENABLE KEYS */;
UNLOCK TABLES;

--
-- Table structure for table `bank`
--

DROP TABLE IF EXISTS `bank`;
/*!40101 SET @saved_cs_client     = @@character_set_client */;
/*!40101 SET character_set_client = utf8 */;
CREATE TABLE `bank` (
  `bankId` varchar(32) NOT NULL,
  `createBy` varchar(32) DEFAULT NULL,
  `createTime` datetime DEFAULT NULL,
  `version` int(11) DEFAULT NULL,
  `bankCd` varchar(32) DEFAULT NULL,
  `bankNm` varchar(128) DEFAULT NULL,
  `isValid` int(11) DEFAULT NULL,
  `logoUrl` varchar(128) DEFAULT NULL,
  `withdraw` int(11) DEFAULT NULL,
  PRIMARY KEY (`bankId`),
  UNIQUE KEY `UK_s8npfc5mm03os5lyqwbfbktd8` (`bankCd`)
) ENGINE=InnoDB DEFAULT CHARSET=utf8;
/*!40101 SET character_set_client = @saved_cs_client */;

--
-- Dumping data for table `bank`
--

LOCK TABLES `bank` WRITE;
/*!40000 ALTER TABLE `bank` DISABLE KEYS */;
INSERT INTO `bank` VALUES ('c7f1fcea5e7e11e483bb4317aa0f4b4f','system','2014-10-28 16:46:38',0,'1','中国银行',0,'/data-pic/BOC.jpg',1);
INSERT INTO `bank` VALUES ('c7f1fe165e7e11e483bb4317aa0f4b4f','system','2014-10-28 16:46:38',0,'2','工商银行',0,NULL,1);
INSERT INTO `bank` VALUES ('c7f1fe525e7e11e483bb4317aa0f4b4f','system','2014-10-28 16:46:38',0,'3','农业银行',0,NULL,1);
INSERT INTO `bank` VALUES ('c7f1fe705e7e11e483bb4317aa0f4b4f','system','2014-10-28 16:46:38',0,'4','交通银行',0,NULL,1);
INSERT INTO `bank` VALUES ('c7f1fe8e5e7e11e483bb4317aa0f4b4f','system','2014-10-28 16:46:38',0,'5','广发银行',0,NULL,1);
INSERT INTO `bank` VALUES ('c7f1feac5e7e11e483bb4317aa0f4b4f','system','2014-10-28 16:46:38',0,'6','深发银行',0,NULL,0);
INSERT INTO `bank` VALUES ('c7f1feca5e7e11e483bb4317aa0f4b4f','system','2014-10-28 16:46:38',0,'7','建设银行',0,NULL,1);
INSERT INTO `bank` VALUES ('c7f1fede5e7e11e483bb4317aa0f4b4f','system','2014-10-28 16:46:38',0,'8','上海浦发银行',0,NULL,1);
INSERT INTO `bank` VALUES ('c7f1fefc5e7e11e483bb4317aa0f4b4f','system','2014-10-28 16:46:38',0,'9','浙江泰隆商业银行',0,NULL,0);
INSERT INTO `bank` VALUES ('c7f1ff1a5e7e11e483bb4317aa0f4b4f','system','2014-10-28 16:46:38',0,'10','招商银行',0,NULL,1);
INSERT INTO `bank` VALUES ('c7f1ff425e7e11e483bb4317aa0f4b4f','system','2014-10-28 16:46:38',0,'11','邮政储蓄银行',0,NULL,1);
INSERT INTO `bank` VALUES ('c7f1ff605e7e11e483bb4317aa0f4b4f','system','2014-10-28 16:46:38',0,'12','民生银行',0,NULL,1);
INSERT INTO `bank` VALUES ('c7f1ff7e5e7e11e483bb4317aa0f4b4f','system','2014-10-28 16:46:38',0,'13','兴业银行',0,NULL,1);
INSERT INTO `bank` VALUES ('c7f1ffa65e7e11e483bb4317aa0f4b4f','system','2014-10-28 16:46:38',0,'14','广东发展银行',0,NULL,1);
INSERT INTO `bank` VALUES ('c7f1ffc45e7e11e483bb4317aa0f4b4f','system','2014-10-28 16:46:38',0,'15','东莞银行',0,NULL,0);
INSERT INTO `bank` VALUES ('c7f1ffec5e7e11e483bb4317aa0f4b4f','system','2014-10-28 16:46:38',0,'16','深圳发展银行',0,NULL,0);
INSERT INTO `bank` VALUES ('c7f200145e7e11e483bb4317aa0f4b4f','system','2014-10-28 16:46:38',0,'17','中信银行',0,NULL,1);
INSERT INTO `bank` VALUES ('c7f200325e7e11e483bb4317aa0f4b4f','system','2014-10-28 16:46:38',0,'18','华夏银行',0,NULL,1);
INSERT INTO `bank` VALUES ('c7f2005a5e7e11e483bb4317aa0f4b4f','system','2014-10-28 16:46:38',0,'19','中国光大银行',0,NULL,1);
INSERT INTO `bank` VALUES ('c7f200825e7e11e483bb4317aa0f4b4f','system','2014-10-28 16:46:38',0,'20','北京银行',0,NULL,0);
INSERT INTO `bank` VALUES ('c7f200aa5e7e11e483bb4317aa0f4b4f','system','2014-10-28 16:46:38',0,'21','上海银行',0,NULL,0);
INSERT INTO `bank` VALUES ('c7f200d25e7e11e483bb4317aa0f4b4f','system','2014-10-28 16:46:38',0,'22','天津银行',0,NULL,0);
INSERT INTO `bank` VALUES ('c7f201045e7e11e483bb4317aa0f4b4f','system','2014-10-28 16:46:38',0,'23','大连银行',0,NULL,0);
INSERT INTO `bank` VALUES ('c7f2014a5e7e11e483bb4317aa0f4b4f','system','2014-10-28 16:46:38',0,'24','杭州银行',0,NULL,0);
INSERT INTO `bank` VALUES ('c7f2017c5e7e11e483bb4317aa0f4b4f','system','2014-10-28 16:46:38',0,'25','宁波银行',0,NULL,0);
INSERT INTO `bank` VALUES ('c7f201ae5e7e11e483bb4317aa0f4b4f','system','2014-10-28 16:46:38',0,'26','厦门银行',0,NULL,0);
INSERT INTO `bank` VALUES ('c7f201d65e7e11e483bb4317aa0f4b4f','system','2014-10-28 16:46:38',0,'27','广州银行',0,NULL,0);
INSERT INTO `bank` VALUES ('c7f202085e7e11e483bb4317aa0f4b4f','system','2014-10-28 16:46:38',0,'28','平安银行',0,NULL,1);
INSERT INTO `bank` VALUES ('c7f2023a5e7e11e483bb4317aa0f4b4f','system','2014-10-28 16:46:38',0,'29','浙商银行',0,NULL,1);
INSERT INTO `bank` VALUES ('c7f2026c5e7e11e483bb4317aa0f4b4f','system','2014-10-28 16:46:38',0,'30','上海农村商业银行',0,NULL,1);
INSERT INTO `bank` VALUES ('c7f202a85e7e11e483bb4317aa0f4b4f','system','2014-10-28 16:46:38',0,'31','重庆银行',0,NULL,0);
INSERT INTO `bank` VALUES ('c7f202f85e7e11e483bb4317aa0f4b4f','system','2014-10-28 16:46:38',0,'32','江苏银行',0,NULL,0);
/*!40000 ALTER TABLE `bank` ENABLE KEYS */;
UNLOCK TABLES;

--
-- Table structure for table `bankbase`
--

DROP TABLE IF EXISTS `bankbase`;
/*!40101 SET @saved_cs_client     = @@character_set_client */;
/*!40101 SET character_set_client = utf8 */;
CREATE TABLE `bankbase` (
  `bankNo` varchar(3) NOT NULL,
  `createBy` varchar(32) DEFAULT NULL,
  `createTime` datetime DEFAULT NULL,
  `version` int(11) DEFAULT NULL,
  `deleted` int(11) DEFAULT NULL,
  `updateBy` varchar(255) NOT NULL,
  `updateTime` datetime NOT NULL,
  `bankNm` varchar(60) DEFAULT NULL,
  `status` varchar(1) DEFAULT NULL,
  PRIMARY KEY (`bankNo`)
) ENGINE=InnoDB DEFAULT CHARSET=utf8;
/*!40101 SET character_set_client = @saved_cs_client */;

--
-- Dumping data for table `bankbase`
--

LOCK TABLES `bankbase` WRITE;
/*!40000 ALTER TABLE `bankbase` DISABLE KEYS */;
INSERT INTO `bankbase` VALUES ('102','system','2017-02-15 17:01:03',0,0,'system','2017-02-15 17:01:03','中国工商银行','0');
INSERT INTO `bankbase` VALUES ('103','system','2017-02-15 17:01:03',0,0,'system','2017-02-15 17:01:03','中国农业银行','0');
INSERT INTO `bankbase` VALUES ('104','system','2017-02-15 17:01:03',0,0,'system','2017-02-15 17:01:03','中国银行','0');
INSERT INTO `bankbase` VALUES ('105','system','2017-02-15 17:01:03',0,0,'system','2017-02-15 17:01:03','中国建设银行','0');
INSERT INTO `bankbase` VALUES ('201','system','2017-02-15 17:01:03',0,0,'system','2017-02-15 17:01:03','国家开发银行','0');
INSERT INTO `bankbase` VALUES ('202','system','2017-02-15 17:01:03',0,0,'system','2017-02-15 17:01:03','中国进出口银行','0');
INSERT INTO `bankbase` VALUES ('203','system','2017-02-15 17:01:03',0,0,'system','2017-02-15 17:01:03','中国农业发展银行','0');
INSERT INTO `bankbase` VALUES ('301','system','2017-02-15 17:01:03',0,0,'system','2017-02-15 17:01:03','交通银行','0');
INSERT INTO `bankbase` VALUES ('302','system','2017-02-15 17:01:03',0,0,'system','2017-02-15 17:01:03','中信银行','0');
INSERT INTO `bankbase` VALUES ('303','system','2017-02-15 17:01:03',0,0,'system','2017-02-15 17:01:03','中国光大银行','0');
INSERT INTO `bankbase` VALUES ('304','system','2017-02-15 17:01:03',0,0,'system','2017-02-15 17:01:03','华夏银行','0');
INSERT INTO `bankbase` VALUES ('305','system','2017-02-15 17:01:03',0,0,'system','2017-02-15 17:01:03','中国民生银行','0');
INSERT INTO `bankbase` VALUES ('306','system','2017-02-15 17:01:03',0,0,'system','2017-02-15 17:01:03','广发银行','0');
INSERT INTO `bankbase` VALUES ('307','system','2017-02-15 17:01:03',0,0,'system','2017-02-15 17:01:03','平安银行','0');
INSERT INTO `bankbase` VALUES ('308','system','2017-02-15 17:01:03',0,0,'system','2017-02-15 17:01:03','招商银行','0');
INSERT INTO `bankbase` VALUES ('309','system','2017-02-15 17:01:03',0,0,'system','2017-02-15 17:01:03','兴业银行','0');
INSERT INTO `bankbase` VALUES ('310','system','2017-02-15 17:01:03',0,0,'system','2017-02-15 17:01:03','上海浦东发展银行','0');
INSERT INTO `bankbase` VALUES ('313','system','2017-02-15 17:01:03',0,0,'system','2017-02-15 17:01:03','城市商业银行','0');
INSERT INTO `bankbase` VALUES ('314','system','2017-02-15 17:01:03',0,0,'system','2017-02-15 17:01:03','农村商业银行','0');
INSERT INTO `bankbase` VALUES ('315','system','2017-02-15 17:01:03',0,0,'system','2017-02-15 17:01:03','恒丰银行','0');
INSERT INTO `bankbase` VALUES ('316','system','2017-02-15 17:01:03',0,0,'system','2017-02-15 17:01:03','浙商银行','0');
INSERT INTO `bankbase` VALUES ('317','system','2017-02-15 17:01:03',0,0,'system','2017-02-15 17:01:03','农村合作银行','0');
INSERT INTO `bankbase` VALUES ('318','system','2017-02-15 17:01:03',0,0,'system','2017-02-15 17:01:03','渤海银行','0');
INSERT INTO `bankbase` VALUES ('319','system','2017-02-15 17:01:03',0,0,'system','2017-02-15 17:01:03','徽商银行','0');
INSERT INTO `bankbase` VALUES ('320','system','2017-02-15 17:01:03',0,0,'system','2017-02-15 17:01:03','村镇银行','0');
INSERT INTO `bankbase` VALUES ('321','system','2017-02-15 17:01:03',0,0,'system','2017-02-15 17:01:03','重庆三峡银行','0');
INSERT INTO `bankbase` VALUES ('322','system','2017-02-15 17:01:03',0,0,'system','2017-02-15 17:01:03','上海农村商业银行','0');
INSERT INTO `bankbase` VALUES ('323','system','2017-02-15 17:01:03',0,0,'system','2017-02-15 17:01:03','浙江网商银行','0');
INSERT INTO `bankbase` VALUES ('325','system','2017-02-15 17:01:03',0,0,'system','2017-02-15 17:01:03','上海银行','0');
INSERT INTO `bankbase` VALUES ('401','system','2017-02-15 17:01:03',0,0,'system','2017-02-15 17:01:03','城市信用社','0');
INSERT INTO `bankbase` VALUES ('402','system','2017-02-15 17:01:03',0,0,'system','2017-02-15 17:01:03','农村信用联社','0');
INSERT INTO `bankbase` VALUES ('403','system','2017-02-15 17:01:03',0,0,'system','2017-02-15 17:01:03','中国邮政储蓄银行','0');
INSERT INTO `bankbase` VALUES ('501','system','2017-02-15 17:01:03',0,0,'system','2017-02-15 17:01:03','香港上海汇丰银行','0');
INSERT INTO `bankbase` VALUES ('502','system','2017-02-15 17:01:03',0,0,'system','2017-02-15 17:01:03','东亚银行','0');
INSERT INTO `bankbase` VALUES ('503','system','2017-02-15 17:01:03',0,0,'system','2017-02-15 17:01:03','南洋商业银行','0');
INSERT INTO `bankbase` VALUES ('504','system','2017-02-15 17:01:03',0,0,'system','2017-02-15 17:01:03','恒生银行','0');
INSERT INTO `bankbase` VALUES ('505','system','2017-02-15 17:01:03',0,0,'system','2017-02-15 17:01:03','中国银行（香港）','0');
INSERT INTO `bankbase` VALUES ('506','system','2017-02-15 17:01:03',0,0,'system','2017-02-15 17:01:03','集友银行','0');
INSERT INTO `bankbase` VALUES ('509','system','2017-02-15 17:01:03',0,0,'system','2017-02-15 17:01:03','星展银行（香港）','0');
INSERT INTO `bankbase` VALUES ('510','system','2017-02-15 17:01:03',0,0,'system','2017-02-15 17:01:03','永亨银行','0');
INSERT INTO `bankbase` VALUES ('513','system','2017-02-15 17:01:03',0,0,'system','2017-02-15 17:01:03','大新银行（中国）','0');
INSERT INTO `bankbase` VALUES ('531','system','2017-02-15 17:01:03',0,0,'system','2017-02-15 17:01:03','美国花旗银行','0');
INSERT INTO `bankbase` VALUES ('532','system','2017-02-15 17:01:03',0,0,'system','2017-02-15 17:01:03','美国银行','0');
INSERT INTO `bankbase` VALUES ('533','system','2017-02-15 17:01:03',0,0,'system','2017-02-15 17:01:03','美国摩根大通银行','0');
INSERT INTO `bankbase` VALUES ('561','system','2017-02-15 17:01:03',0,0,'system','2017-02-15 17:01:03','日本三菱东京日联银行','0');
INSERT INTO `bankbase` VALUES ('562','system','2017-02-15 17:01:03',0,0,'system','2017-02-15 17:01:03','日本日联银行','0');
INSERT INTO `bankbase` VALUES ('563','system','2017-02-15 17:01:03',0,0,'system','2017-02-15 17:01:03','日本三井住友银行','0');
INSERT INTO `bankbase` VALUES ('564','system','2017-02-15 17:01:03',0,0,'system','2017-02-15 17:01:03','日本瑞穗实业银行','0');
INSERT INTO `bankbase` VALUES ('565','system','2017-02-15 17:01:03',0,0,'system','2017-02-15 17:01:03','日本山口银行','0');
INSERT INTO `bankbase` VALUES ('591','system','2017-02-15 17:01:03',0,0,'system','2017-02-15 17:01:03','韩国外换银行','0');
INSERT INTO `bankbase` VALUES ('593','system','2017-02-15 17:01:03',0,0,'system','2017-02-15 17:01:03','韩国友利银行','0');
INSERT INTO `bankbase` VALUES ('594','system','2017-02-15 17:01:03',0,0,'system','2017-02-15 17:01:03','韩国产业银行','0');
INSERT INTO `bankbase` VALUES ('595','system','2017-02-15 17:01:03',0,0,'system','2017-02-15 17:01:03','新韩银行','0');
INSERT INTO `bankbase` VALUES ('596','system','2017-02-15 17:01:03',0,0,'system','2017-02-15 17:01:03','韩国中小企业银行','0');
INSERT INTO `bankbase` VALUES ('597','system','2017-02-15 17:01:03',0,0,'system','2017-02-15 17:01:03','韩亚银行（中国）有限公司','0');
INSERT INTO `bankbase` VALUES ('616','system','2017-02-15 17:01:03',0,0,'system','2017-02-15 17:01:03','首都银行','0');
INSERT INTO `bankbase` VALUES ('621','system','2017-02-15 17:01:03',0,0,'system','2017-02-15 17:01:03','华侨银行','0');
INSERT INTO `bankbase` VALUES ('622','system','2017-02-15 17:01:03',0,0,'system','2017-02-15 17:01:03','大华银行','0');
INSERT INTO `bankbase` VALUES ('623','system','2017-02-15 17:01:03',0,0,'system','2017-02-15 17:01:03','新加坡星展银行','0');
INSERT INTO `bankbase` VALUES ('641','system','2017-02-15 17:01:03',0,0,'system','2017-02-15 17:01:03','奥地利中央合作银行','0');
INSERT INTO `bankbase` VALUES ('651','system','2017-02-15 17:01:03',0,0,'system','2017-02-15 17:01:03','比利时联合银行','0');
INSERT INTO `bankbase` VALUES ('661','system','2017-02-15 17:01:03',0,0,'system','2017-02-15 17:01:03','荷兰银行','0');
INSERT INTO `bankbase` VALUES ('662','system','2017-02-15 17:01:03',0,0,'system','2017-02-15 17:01:03','荷兰商业银行','0');
INSERT INTO `bankbase` VALUES ('671','system','2017-02-15 17:01:03',0,0,'system','2017-02-15 17:01:03','渣打银行','0');
INSERT INTO `bankbase` VALUES ('691','system','2017-02-15 17:01:03',0,0,'system','2017-02-15 17:01:03','法国兴业银行','0');
INSERT INTO `bankbase` VALUES ('692','system','2017-02-15 17:01:03',0,0,'system','2017-02-15 17:01:03','法国巴黎银行','0');
INSERT INTO `bankbase` VALUES ('694','system','2017-02-15 17:01:03',0,0,'system','2017-02-15 17:01:03','法国东方汇理银行','0');
INSERT INTO `bankbase` VALUES ('711','system','2017-02-15 17:01:03',0,0,'system','2017-02-15 17:01:03','德国德累斯登银行','0');
INSERT INTO `bankbase` VALUES ('712','system','2017-02-15 17:01:03',0,0,'system','2017-02-15 17:01:03','德意志银行','0');
INSERT INTO `bankbase` VALUES ('713','system','2017-02-15 17:01:03',0,0,'system','2017-02-15 17:01:03','德国商业银行','0');
INSERT INTO `bankbase` VALUES ('714','system','2017-02-15 17:01:03',0,0,'system','2017-02-15 17:01:03','德国西德银行','0');
INSERT INTO `bankbase` VALUES ('715','system','2017-02-15 17:01:03',0,0,'system','2017-02-15 17:01:03','德国巴伐利亚州银行','0');
INSERT INTO `bankbase` VALUES ('741','system','2017-02-15 17:01:03',0,0,'system','2017-02-15 17:01:03','瑞士信贷银行','0');
INSERT INTO `bankbase` VALUES ('752','system','2017-02-15 17:01:03',0,0,'system','2017-02-15 17:01:03','加拿大蒙特利尔银行','0');
INSERT INTO `bankbase` VALUES ('761','system','2017-02-15 17:01:03',0,0,'system','2017-02-15 17:01:03','澳大利亚和新西兰银行集团','0');
INSERT INTO `bankbase` VALUES ('775','system','2017-02-15 17:01:03',0,0,'system','2017-02-15 17:01:03','德富泰银行','0');
INSERT INTO `bankbase` VALUES ('781','system','2017-02-15 17:01:03',0,0,'system','2017-02-15 17:01:03','厦门国际银行','0');
INSERT INTO `bankbase` VALUES ('782','system','2017-02-15 17:01:03',0,0,'system','2017-02-15 17:01:03','法国巴黎银行（中国）','0');
INSERT INTO `bankbase` VALUES ('785','system','2017-02-15 17:01:03',0,0,'system','2017-02-15 17:01:03','华商银行','0');
INSERT INTO `bankbase` VALUES ('786','system','2017-02-15 17:01:03',0,0,'system','2017-02-15 17:01:03','青岛国际银行','0');
INSERT INTO `bankbase` VALUES ('787','system','2017-02-15 17:01:03',0,0,'system','2017-02-15 17:01:03','华一银行','0');
INSERT INTO `bankbase` VALUES ('901','system','2017-02-15 17:01:03',0,0,'system','2017-02-15 17:01:03','中央结算公司','0');
INSERT INTO `bankbase` VALUES ('909','system','2017-02-15 17:01:03',0,0,'system','2017-02-15 17:01:03','银行间清算所','0');
/*!40000 ALTER TABLE `bankbase` ENABLE KEYS */;
UNLOCK TABLES;

--
-- Table structure for table `bankbranchcity`
--

DROP TABLE IF EXISTS `bankbranchcity`;
/*!40101 SET @saved_cs_client     = @@character_set_client */;
/*!40101 SET character_set_client = utf8 */;
CREATE TABLE `bankbranchcity` (
  `branchCityNo` varchar(4) NOT NULL,
  `createBy` varchar(32) DEFAULT NULL,
  `createTime` datetime DEFAULT NULL,
  `version` int(11) DEFAULT NULL,
  `deleted` int(11) DEFAULT NULL,
  `updateBy` varchar(255) NOT NULL,
  `updateTime` datetime NOT NULL,
  `branchCityNm` varchar(60) DEFAULT NULL,
  `branchLevel` varchar(6) DEFAULT NULL,
  `cityNo` varchar(4) DEFAULT NULL,
  PRIMARY KEY (`branchCityNo`)
) ENGINE=InnoDB DEFAULT CHARSET=utf8;
/*!40101 SET character_set_client = @saved_cs_client */;

--
-- Dumping data for table `bankbranchcity`
--

LOCK TABLES `bankbranchcity` WRITE;
/*!40000 ALTER TABLE `bankbranchcity` DISABLE KEYS */;
/*!40000 ALTER TABLE `bankbranchcity` ENABLE KEYS */;
UNLOCK TABLES;

--
-- Table structure for table `bankbranchinfo`
--

DROP TABLE IF EXISTS `bankbranchinfo`;
/*!40101 SET @saved_cs_client     = @@character_set_client */;
/*!40101 SET character_set_client = utf8 */;
CREATE TABLE `bankbranchinfo` (
  `branchNo` varchar(12) NOT NULL,
  `createBy` varchar(32) DEFAULT NULL,
  `createTime` datetime DEFAULT NULL,
  `version` int(11) DEFAULT NULL,
  `deleted` int(11) DEFAULT NULL,
  `updateBy` varchar(255) NOT NULL,
  `updateTime` datetime NOT NULL,
  `bankNo` varchar(3) DEFAULT NULL,
  `bankType` varchar(2) DEFAULT NULL,
  `branchCityNo` varchar(4) DEFAULT NULL,
  `branchNm` varchar(60) DEFAULT NULL,
  `status` varchar(1) DEFAULT NULL,
  PRIMARY KEY (`branchNo`)
) ENGINE=InnoDB DEFAULT CHARSET=utf8;
/*!40101 SET character_set_client = @saved_cs_client */;

--
-- Dumping data for table `bankbranchinfo`
--

LOCK TABLES `bankbranchinfo` WRITE;
/*!40000 ALTER TABLE `bankbranchinfo` DISABLE KEYS */;
/*!40000 ALTER TABLE `bankbranchinfo` ENABLE KEYS */;
UNLOCK TABLES;

--
-- Table structure for table `bankcard`
--

DROP TABLE IF EXISTS `bankcard`;
/*!40101 SET @saved_cs_client     = @@character_set_client */;
/*!40101 SET character_set_client = utf8 */;
CREATE TABLE `bankcard` (
  `bankCardId` varchar(32) NOT NULL,
  `createBy` varchar(32) DEFAULT NULL,
  `createTime` datetime DEFAULT NULL,
  `version` int(11) DEFAULT NULL,
  `area` varchar(32) DEFAULT NULL,
  `areaCd` varchar(32) DEFAULT NULL,
  `bankAddress` varchar(128) DEFAULT NULL,
  `bankBranch` varchar(128) DEFAULT NULL,
  `bankCardType` int(11) DEFAULT NULL,
  `bankCd` varchar(32) DEFAULT NULL,
  `bankNo` varchar(20) DEFAULT NULL,
  `bankTelephone` varchar(11) DEFAULT NULL,
  `bankType` varchar(128) DEFAULT NULL,
  `city` varchar(32) DEFAULT NULL,
  `cityCd` varchar(32) DEFAULT NULL,
  `defaultCard` bit(1) DEFAULT NULL,
  `eAccountNo` varchar(32) DEFAULT NULL,
  `idCard` varchar(20) DEFAULT NULL,
  `protocolNo` varchar(32) DEFAULT NULL,
  `province` varchar(32) DEFAULT NULL,
  `provinceCd` varchar(32) DEFAULT NULL,
  `memberId` varchar(32) NOT NULL,
  `areaNm` varchar(32) DEFAULT NULL,
  `cityNm` varchar(32) DEFAULT NULL,
  `provinceNm` varchar(32) DEFAULT NULL,
  `deleted` int(11) DEFAULT NULL,
  `updateBy` varchar(255) DEFAULT 'system',
  `updateTime` datetime DEFAULT '2015-07-10 00:00:00',
  `statusCode` varchar(255) DEFAULT NULL,
  `statusDesc` varchar(255) DEFAULT NULL,
  `trxId` varchar(255) DEFAULT NULL,
  `operationSrc` int(11) DEFAULT NULL,
  `status` varchar(255) DEFAULT NULL,
  PRIMARY KEY (`bankCardId`),
  KEY `FK_q95nm8vnyegw1nvddexv63gtw` (`memberId`),
  CONSTRAINT `FK_q95nm8vnyegw1nvddexv63gtw` FOREIGN KEY (`memberId`) REFERENCES `member` (`memberId`)
) ENGINE=InnoDB DEFAULT CHARSET=utf8;
/*!40101 SET character_set_client = @saved_cs_client */;

--
-- Dumping data for table `bankcard`
--

LOCK TABLES `bankcard` WRITE;
/*!40000 ALTER TABLE `bankcard` DISABLE KEYS */;
/*!40000 ALTER TABLE `bankcard` ENABLE KEYS */;
UNLOCK TABLES;

--
-- Table structure for table `bankcity`
--

DROP TABLE IF EXISTS `bankcity`;
/*!40101 SET @saved_cs_client     = @@character_set_client */;
/*!40101 SET character_set_client = utf8 */;
CREATE TABLE `bankcity` (
  `cityNo` varchar(4) NOT NULL,
  `createBy` varchar(32) DEFAULT NULL,
  `createTime` datetime DEFAULT NULL,
  `version` int(11) DEFAULT NULL,
  `deleted` int(11) DEFAULT NULL,
  `updateBy` varchar(255) NOT NULL,
  `updateTime` datetime NOT NULL,
  `cityNm` varchar(60) DEFAULT NULL,
  `provinceNo` varchar(2) DEFAULT NULL,
  PRIMARY KEY (`cityNo`)
) ENGINE=InnoDB DEFAULT CHARSET=utf8;
/*!40101 SET character_set_client = @saved_cs_client */;

--
-- Dumping data for table `bankcity`
--

LOCK TABLES `bankcity` WRITE;
/*!40000 ALTER TABLE `bankcity` DISABLE KEYS */;
/*!40000 ALTER TABLE `bankcity` ENABLE KEYS */;
UNLOCK TABLES;

--
-- Table structure for table `bankinvesttransfer`
--

DROP TABLE IF EXISTS `bankinvesttransfer`;
/*!40101 SET @saved_cs_client     = @@character_set_client */;
/*!40101 SET character_set_client = utf8 */;
CREATE TABLE `bankinvesttransfer` (
  `bankInvestTransferId` varchar(32) NOT NULL,
  `createBy` varchar(32) DEFAULT NULL,
  `createTime` datetime DEFAULT NULL,
  `version` int(11) DEFAULT NULL,
  `accountCd` varchar(64) DEFAULT NULL,
  `amount` decimal(19,2) DEFAULT NULL,
  `bankCardNo` varchar(20) DEFAULT NULL,
  `orderId` varchar(32) DEFAULT NULL,
  `status` int(11) DEFAULT NULL,
  `transferKind` varchar(16) DEFAULT NULL,
  `verifyDate` datetime DEFAULT NULL,
  `verifyMemberId` varchar(255) DEFAULT NULL,
  `verifyMemberNm` varchar(255) DEFAULT NULL,
  `verifyReason` varchar(255) DEFAULT NULL,
  `accountId` varchar(32) DEFAULT NULL,
  `bankCardId` varchar(32) DEFAULT NULL,
  PRIMARY KEY (`bankInvestTransferId`),
  KEY `FK_5jhou3k70bm6cknn1hpn2uwa5` (`accountId`),
  KEY `FK_mmxguu5s34up2124iy7uln4ej` (`bankCardId`),
  CONSTRAINT `FK_5jhou3k70bm6cknn1hpn2uwa5` FOREIGN KEY (`accountId`) REFERENCES `account` (`accountId`),
  CONSTRAINT `FK_mmxguu5s34up2124iy7uln4ej` FOREIGN KEY (`bankCardId`) REFERENCES `bankcard` (`bankCardId`)
) ENGINE=InnoDB DEFAULT CHARSET=utf8;
/*!40101 SET character_set_client = @saved_cs_client */;

--
-- Dumping data for table `bankinvesttransfer`
--

LOCK TABLES `bankinvesttransfer` WRITE;
/*!40000 ALTER TABLE `bankinvesttransfer` DISABLE KEYS */;
/*!40000 ALTER TABLE `bankinvesttransfer` ENABLE KEYS */;
UNLOCK TABLES;

--
-- Table structure for table `bankprovince`
--

DROP TABLE IF EXISTS `bankprovince`;
/*!40101 SET @saved_cs_client     = @@character_set_client */;
/*!40101 SET character_set_client = utf8 */;
CREATE TABLE `bankprovince` (
  `provinceNo` varchar(2) NOT NULL,
  `createBy` varchar(32) DEFAULT NULL,
  `createTime` datetime DEFAULT NULL,
  `version` int(11) DEFAULT NULL,
  `deleted` int(11) DEFAULT NULL,
  `updateBy` varchar(255) NOT NULL,
  `updateTime` datetime NOT NULL,
  `provinceNm` varchar(60) DEFAULT NULL,
  `status` varchar(1) DEFAULT NULL,
  PRIMARY KEY (`provinceNo`)
) ENGINE=InnoDB DEFAULT CHARSET=utf8;
/*!40101 SET character_set_client = @saved_cs_client */;

--
-- Dumping data for table `bankprovince`
--

LOCK TABLES `bankprovince` WRITE;
/*!40000 ALTER TABLE `bankprovince` DISABLE KEYS */;
INSERT INTO `bankprovince` VALUES ('11','system','2017-02-15 17:03:17',0,0,'system','2017-02-15 17:03:17','北京市','0');
INSERT INTO `bankprovince` VALUES ('12','system','2017-02-15 17:03:17',0,0,'system','2017-02-15 17:03:17','天津市','0');
INSERT INTO `bankprovince` VALUES ('13','system','2017-02-15 17:03:17',0,0,'system','2017-02-15 17:03:17','河北省','0');
INSERT INTO `bankprovince` VALUES ('14','system','2017-02-15 17:03:17',0,0,'system','2017-02-15 17:03:17','山西省','0');
INSERT INTO `bankprovince` VALUES ('15','system','2017-02-15 17:03:17',0,0,'system','2017-02-15 17:03:17','内蒙古自治区','0');
INSERT INTO `bankprovince` VALUES ('21','system','2017-02-15 17:03:17',0,0,'system','2017-02-15 17:03:17','辽宁省','0');
INSERT INTO `bankprovince` VALUES ('22','system','2017-02-15 17:03:17',0,0,'system','2017-02-15 17:03:17','吉林省','0');
INSERT INTO `bankprovince` VALUES ('23','system','2017-02-15 17:03:17',0,0,'system','2017-02-15 17:03:17','黑龙江省','0');
INSERT INTO `bankprovince` VALUES ('31','system','2017-02-15 17:03:17',0,0,'system','2017-02-15 17:03:17','上海市','0');
INSERT INTO `bankprovince` VALUES ('32','system','2017-02-15 17:03:17',0,0,'system','2017-02-15 17:03:17','江苏省','0');
INSERT INTO `bankprovince` VALUES ('33','system','2017-02-15 17:03:17',0,0,'system','2017-02-15 17:03:17','浙江省','0');
INSERT INTO `bankprovince` VALUES ('34','system','2017-02-15 17:03:17',0,0,'system','2017-02-15 17:03:17','安徽省','0');
INSERT INTO `bankprovince` VALUES ('35','system','2017-02-15 17:03:17',0,0,'system','2017-02-15 17:03:17','福建省','0');
INSERT INTO `bankprovince` VALUES ('36','system','2017-02-15 17:03:17',0,0,'system','2017-02-15 17:03:17','江西省','0');
INSERT INTO `bankprovince` VALUES ('37','system','2017-02-15 17:03:17',0,0,'system','2017-02-15 17:03:17','山东省','0');
INSERT INTO `bankprovince` VALUES ('41','system','2017-02-15 17:03:17',0,0,'system','2017-02-15 17:03:17','河南省','0');
INSERT INTO `bankprovince` VALUES ('42','system','2017-02-15 17:03:17',0,0,'system','2017-02-15 17:03:17','湖北省','0');
INSERT INTO `bankprovince` VALUES ('43','system','2017-02-15 17:03:17',0,0,'system','2017-02-15 17:03:17','湖南省','0');
INSERT INTO `bankprovince` VALUES ('44','system','2017-02-15 17:03:17',0,0,'system','2017-02-15 17:03:17','广东省','0');
INSERT INTO `bankprovince` VALUES ('45','system','2017-02-15 17:03:17',0,0,'system','2017-02-15 17:03:17','广西壮族自治区','0');
INSERT INTO `bankprovince` VALUES ('46','system','2017-02-15 17:03:17',0,0,'system','2017-02-15 17:03:17','海南省','0');
INSERT INTO `bankprovince` VALUES ('50','system','2017-02-15 17:03:17',0,0,'system','2017-02-15 17:03:17','重庆市','0');
INSERT INTO `bankprovince` VALUES ('51','system','2017-02-15 17:03:17',0,0,'system','2017-02-15 17:03:17','四川省','0');
INSERT INTO `bankprovince` VALUES ('52','system','2017-02-15 17:03:17',0,0,'system','2017-02-15 17:03:17','贵州省','0');
INSERT INTO `bankprovince` VALUES ('53','system','2017-02-15 17:03:17',0,0,'system','2017-02-15 17:03:17','云南省','0');
INSERT INTO `bankprovince` VALUES ('54','system','2017-02-15 17:03:17',0,0,'system','2017-02-15 17:03:17','西藏自治区','0');
INSERT INTO `bankprovince` VALUES ('61','system','2017-02-15 17:03:17',0,0,'system','2017-02-15 17:03:17','陕西省','0');
INSERT INTO `bankprovince` VALUES ('62','system','2017-02-15 17:03:17',0,0,'system','2017-02-15 17:03:17','甘肃省','0');
INSERT INTO `bankprovince` VALUES ('63','system','2017-02-15 17:03:17',0,0,'system','2017-02-15 17:03:17','青海省','0');
INSERT INTO `bankprovince` VALUES ('64','system','2017-02-15 17:03:17',0,0,'system','2017-02-15 17:03:17','宁夏回族自治区','0');
INSERT INTO `bankprovince` VALUES ('65','system','2017-02-15 17:03:17',0,0,'system','2017-02-15 17:03:17','新疆维吾尔自治区','0');
INSERT INTO `bankprovince` VALUES ('71','system','2017-02-15 17:03:17',0,0,'system','2017-02-15 17:03:17','台湾省','0');
INSERT INTO `bankprovince` VALUES ('81','system','2017-02-15 17:03:17',0,0,'system','2017-02-15 17:03:17','香港特别行政区','0');
INSERT INTO `bankprovince` VALUES ('82','system','2017-02-15 17:03:17',0,0,'system','2017-02-15 17:03:17','澳门特别行政区','0');
/*!40000 ALTER TABLE `bankprovince` ENABLE KEYS */;
UNLOCK TABLES;

--
-- Table structure for table `bankquota`
--

DROP TABLE IF EXISTS `bankquota`;
/*!40101 SET @saved_cs_client     = @@character_set_client */;
/*!40101 SET character_set_client = utf8 */;
CREATE TABLE `bankquota` (
  `bankQuotaId` varchar(40) NOT NULL,
  `createBy` varchar(32) DEFAULT NULL,
  `createTime` datetime DEFAULT NULL,
  `version` int(11) DEFAULT NULL,
  `deleted` int(11) DEFAULT NULL,
  `updateBy` varchar(255) NOT NULL,
  `updateTime` datetime NOT NULL,
  `bankNm` varchar(60) DEFAULT NULL,
  `onedayCumulativeLimit` decimal(19,2) DEFAULT NULL,
  `singleTransferLimit` decimal(19,2) DEFAULT NULL,
  `status` varchar(1) DEFAULT NULL,
  PRIMARY KEY (`bankQuotaId`)
) ENGINE=InnoDB DEFAULT CHARSET=utf8;
/*!40101 SET character_set_client = @saved_cs_client */;

--
-- Dumping data for table `bankquota`
--

LOCK TABLES `bankquota` WRITE;
/*!40000 ALTER TABLE `bankquota` DISABLE KEYS */;
/*!40000 ALTER TABLE `bankquota` ENABLE KEYS */;
UNLOCK TABLES;

--
-- Table structure for table `bindcardmodifylog`
--

DROP TABLE IF EXISTS `bindcardmodifylog`;
/*!40101 SET @saved_cs_client     = @@character_set_client */;
/*!40101 SET character_set_client = utf8 */;
CREATE TABLE `bindcardmodifylog` (
  `bindCardModifyLogId` varchar(32) NOT NULL,
  `createBy` varchar(32) DEFAULT NULL,
  `createTime` datetime DEFAULT NULL,
  `version` int(11) DEFAULT NULL,
  `bankNoNew` varchar(50) DEFAULT NULL,
  `bankNoOld` varchar(50) DEFAULT NULL,
  `memberId` varchar(32) DEFAULT NULL,
  `memberKind` int(11) DEFAULT NULL,
  `phone` varchar(13) DEFAULT NULL,
  `realCd` varchar(32) DEFAULT NULL,
  `realNm` varchar(64) DEFAULT NULL,
  `resultStr` varchar(128) DEFAULT NULL,
  `status` int(11) DEFAULT NULL,
  PRIMARY KEY (`bindCardModifyLogId`)
) ENGINE=InnoDB DEFAULT CHARSET=utf8;
/*!40101 SET character_set_client = @saved_cs_client */;

--
-- Dumping data for table `bindcardmodifylog`
--

LOCK TABLES `bindcardmodifylog` WRITE;
/*!40000 ALTER TABLE `bindcardmodifylog` DISABLE KEYS */;
/*!40000 ALTER TABLE `bindcardmodifylog` ENABLE KEYS */;
UNLOCK TABLES;

--
-- Table structure for table `borrower_card`
--

DROP TABLE IF EXISTS `borrower_card`;
/*!40101 SET @saved_cs_client     = @@character_set_client */;
/*!40101 SET character_set_client = utf8 */;
CREATE TABLE `borrower_card` (
  `borrowerCardId` varchar(32) NOT NULL,
  `createBy` varchar(32) DEFAULT NULL,
  `createTime` datetime DEFAULT NULL,
  `version` int(11) DEFAULT NULL,
  `borrowerCardName` varchar(50) DEFAULT NULL,
  `borrowerCardNumber` varchar(50) DEFAULT NULL,
  `productId` varchar(32) DEFAULT NULL,
  `bankBranchNo` varchar(20) DEFAULT NULL,
  `idCard` varchar(50) DEFAULT NULL,
  `isCurrentBankFlag` int(11) DEFAULT NULL,
  `isPersonFlag` int(11) DEFAULT NULL,
  `borrowerType` int(11) DEFAULT NULL,
  `idType` varchar(20) DEFAULT NULL,
  `idTypeNm` varchar(50) DEFAULT NULL,
  PRIMARY KEY (`borrowerCardId`),
  KEY `FK_mehrlvpsgmw73qyuooxxog6e3` (`productId`),
  CONSTRAINT `FK_mehrlvpsgmw73qyuooxxog6e3` FOREIGN KEY (`productId`) REFERENCES `product` (`productId`)
) ENGINE=InnoDB DEFAULT CHARSET=utf8;
/*!40101 SET character_set_client = @saved_cs_client */;

--
-- Dumping data for table `borrower_card`
--

LOCK TABLES `borrower_card` WRITE;
/*!40000 ALTER TABLE `borrower_card` DISABLE KEYS */;
INSERT INTO `borrower_card` VALUES ('4028218166da2a890166da2b6ba000a5','system','2018-11-03 23:22:51',1,'上海车辆公司','586994536100010','4028218166da2a890166da2b6b9500a4','011465215024','91310115MA1H7F3J8W',1,1,1,'2','营业执照');
INSERT INTO `borrower_card` VALUES ('4028218166da2a890166da2b6bc400a7','system','2018-11-03 23:22:51',0,'上海车辆公司','586994536100010','4028218166da2a890166da2b6bb700a6','011465215024','91310115MA1H7F3J8W',1,1,1,'2',NULL);
INSERT INTO `borrower_card` VALUES ('4028218166da2a890166dcc0fcdc00b1','system','2018-11-04 11:25:27',1,'上海车辆公司','586994536100010','4028218166da2a890166dcc0fcd100b0','011465215024','91310115MA1H7F3J8W',1,1,1,'2','营业执照');
INSERT INTO `borrower_card` VALUES ('4028218166dcfd5d0166de422b15000f','system','2018-11-04 18:26:10',1,'上海车辆公司','586994536100010','4028218166dcfd5d0166de422b05000e','011465215024','91310115MA1H7F3J8W',1,1,1,'2','营业执照');
/*!40000 ALTER TABLE `borrower_card` ENABLE KEYS */;
UNLOCK TABLES;

--
-- Table structure for table `borroweradditionalinfo`
--

DROP TABLE IF EXISTS `borroweradditionalinfo`;
/*!40101 SET @saved_cs_client     = @@character_set_client */;
/*!40101 SET character_set_client = utf8 */;
CREATE TABLE `borroweradditionalinfo` (
  `borrowerAdditionalInfoId` varchar(32) NOT NULL,
  `createBy` varchar(32) DEFAULT NULL,
  `createTime` datetime DEFAULT NULL,
  `version` int(11) DEFAULT NULL,
  `borrowerNm` varchar(50) DEFAULT NULL,
  `cityNm` varchar(50) DEFAULT NULL,
  `gender` varchar(2) DEFAULT NULL,
  `industryNm` varchar(50) DEFAULT NULL,
  `maritalStatus` varchar(50) DEFAULT NULL,
  `productId` varchar(32) DEFAULT NULL,
  `realEstateInfo` varchar(255) DEFAULT NULL,
  `yearIncome` varchar(255) DEFAULT NULL,
  `borrowingTimes` varchar(255) DEFAULT NULL,
  `creditInfo` varchar(255) DEFAULT NULL,
  `income` varchar(255) DEFAULT NULL,
  `industry` varchar(255) DEFAULT NULL,
  `liabilities` varchar(255) DEFAULT NULL,
  PRIMARY KEY (`borrowerAdditionalInfoId`)
) ENGINE=InnoDB DEFAULT CHARSET=utf8;
/*!40101 SET character_set_client = @saved_cs_client */;

--
-- Dumping data for table `borroweradditionalinfo`
--

LOCK TABLES `borroweradditionalinfo` WRITE;
/*!40000 ALTER TABLE `borroweradditionalinfo` DISABLE KEYS */;
/*!40000 ALTER TABLE `borroweradditionalinfo` ENABLE KEYS */;
UNLOCK TABLES;

--
-- Table structure for table `broker`
--

DROP TABLE IF EXISTS `broker`;
/*!40101 SET @saved_cs_client     = @@character_set_client */;
/*!40101 SET character_set_client = utf8 */;
CREATE TABLE `broker` (
  `memberId` varchar(32) NOT NULL,
  `createBy` varchar(32) DEFAULT NULL,
  `createTime` datetime DEFAULT NULL,
  `version` int(11) DEFAULT NULL,
  `deleted` int(11) DEFAULT NULL,
  `updateBy` varchar(255) NOT NULL,
  `updateTime` datetime NOT NULL,
  `brokerKind` int(11) DEFAULT NULL,
  `brokerLevel` int(11) DEFAULT NULL,
  `commlevel` int(11) DEFAULT NULL,
  `effTime` datetime DEFAULT NULL,
  `expTime` datetime DEFAULT NULL,
  `memberId1` varchar(32) DEFAULT NULL,
  `memberId2` varchar(32) DEFAULT NULL,
  `realCd1` varchar(32) DEFAULT NULL,
  `realCd2` varchar(32) DEFAULT NULL,
  `realNm1` varchar(64) DEFAULT NULL,
  `realNm2` varchar(64) DEFAULT NULL,
  `state` int(11) DEFAULT NULL,
  `stateReason` varchar(128) DEFAULT NULL,
  `stateTime` datetime DEFAULT NULL,
  `status` int(11) DEFAULT NULL,
  `commStatus` int(11) DEFAULT NULL,
  `upgradeState` int(11) DEFAULT NULL,
  PRIMARY KEY (`memberId`)
) ENGINE=InnoDB DEFAULT CHARSET=utf8;
/*!40101 SET character_set_client = @saved_cs_client */;

--
-- Dumping data for table `broker`
--

LOCK TABLES `broker` WRITE;
/*!40000 ALTER TABLE `broker` DISABLE KEYS */;
/*!40000 ALTER TABLE `broker` ENABLE KEYS */;
UNLOCK TABLES;

--
-- Table structure for table `broker_status_log`
--

DROP TABLE IF EXISTS `broker_status_log`;
/*!40101 SET @saved_cs_client     = @@character_set_client */;
/*!40101 SET character_set_client = utf8 */;
CREATE TABLE `broker_status_log` (
  `id` varchar(32) NOT NULL,
  `createBy` varchar(32) DEFAULT NULL,
  `createTime` datetime DEFAULT NULL,
  `version` int(11) DEFAULT NULL,
  `endTime` datetime DEFAULT NULL,
  `operationType` int(11) DEFAULT NULL,
  `remark` varchar(100) DEFAULT NULL,
  `startTime` datetime DEFAULT NULL,
  `status` int(11) DEFAULT NULL,
  `statusType` int(11) DEFAULT NULL,
  `userCd` varchar(32) DEFAULT NULL,
  `brokerId` varchar(32) DEFAULT NULL,
  PRIMARY KEY (`id`),
  KEY `FK_l7p3jyy163qw02osgq1gejci4` (`brokerId`),
  CONSTRAINT `FK_l7p3jyy163qw02osgq1gejci4` FOREIGN KEY (`brokerId`) REFERENCES `broker` (`memberId`)
) ENGINE=InnoDB DEFAULT CHARSET=utf8;
/*!40101 SET character_set_client = @saved_cs_client */;

--
-- Dumping data for table `broker_status_log`
--

LOCK TABLES `broker_status_log` WRITE;
/*!40000 ALTER TABLE `broker_status_log` DISABLE KEYS */;
/*!40000 ALTER TABLE `broker_status_log` ENABLE KEYS */;
UNLOCK TABLES;

--
-- Table structure for table `brokerageapplyrecord`
--

DROP TABLE IF EXISTS `brokerageapplyrecord`;
/*!40101 SET @saved_cs_client     = @@character_set_client */;
/*!40101 SET character_set_client = utf8 */;
CREATE TABLE `brokerageapplyrecord` (
  `cashId` varchar(32) NOT NULL,
  `createBy` varchar(32) DEFAULT NULL,
  `createTime` datetime DEFAULT NULL,
  `version` int(11) DEFAULT NULL,
  `amount` decimal(19,4) DEFAULT NULL,
  `applyDate` datetime DEFAULT NULL,
  `bankCard` varchar(20) DEFAULT NULL,
  `cashCode` varchar(32) DEFAULT NULL,
  `confirmDate` datetime DEFAULT NULL,
  `confirmUser` varchar(32) DEFAULT NULL,
  `financialConfirmDate` datetime DEFAULT NULL,
  `financialConfirmor` varchar(32) DEFAULT NULL,
  `memberId` varchar(32) DEFAULT NULL,
  `phone` varchar(32) DEFAULT NULL,
  `promotionId` varchar(32) DEFAULT NULL,
  `quantity` int(11) DEFAULT NULL,
  `realCd` varchar(32) DEFAULT NULL,
  `realNm` varchar(64) DEFAULT NULL,
  `remark` varchar(200) DEFAULT NULL,
  `status` int(11) DEFAULT NULL,
  `actualAmount` decimal(19,4) DEFAULT NULL,
  `auditRemark` varchar(200) DEFAULT NULL,
  `bankNm` varchar(20) DEFAULT NULL,
  `taxAmount` decimal(19,4) DEFAULT NULL,
  `orderId` varchar(32) DEFAULT NULL,
  PRIMARY KEY (`cashId`),
  KEY `FK_roqt273eucguwxugsfy2ot6wh` (`memberId`),
  KEY `FK_986js3q97t0a0mskgl6maxk5k` (`orderId`),
  CONSTRAINT `FK_986js3q97t0a0mskgl6maxk5k` FOREIGN KEY (`orderId`) REFERENCES `product_order` (`orderId`),
  CONSTRAINT `FK_roqt273eucguwxugsfy2ot6wh` FOREIGN KEY (`memberId`) REFERENCES `member` (`memberId`)
) ENGINE=InnoDB DEFAULT CHARSET=utf8;
/*!40101 SET character_set_client = @saved_cs_client */;

--
-- Dumping data for table `brokerageapplyrecord`
--

LOCK TABLES `brokerageapplyrecord` WRITE;
/*!40000 ALTER TABLE `brokerageapplyrecord` DISABLE KEYS */;
/*!40000 ALTER TABLE `brokerageapplyrecord` ENABLE KEYS */;
UNLOCK TABLES;

--
-- Table structure for table `brokeragerecord`
--

DROP TABLE IF EXISTS `brokeragerecord`;
/*!40101 SET @saved_cs_client     = @@character_set_client */;
/*!40101 SET character_set_client = utf8 */;
CREATE TABLE `brokeragerecord` (
  `recordId` varchar(32) NOT NULL,
  `createBy` varchar(32) DEFAULT NULL,
  `createTime` datetime DEFAULT NULL,
  `version` int(11) DEFAULT NULL,
  `amount` decimal(19,4) DEFAULT NULL,
  `cashCode` varchar(32) DEFAULT NULL,
  `cashId` varchar(32) DEFAULT NULL,
  `investAmount` decimal(19,4) DEFAULT NULL,
  `investDate` datetime DEFAULT NULL,
  `investorMemberId` varchar(32) DEFAULT NULL,
  `investorRealCd` varchar(32) DEFAULT NULL,
  `itemCode` varchar(32) DEFAULT NULL,
  `itemName` varchar(32) DEFAULT NULL,
  `memberId` varchar(32) DEFAULT NULL,
  `orderId` varchar(32) DEFAULT NULL,
  `rate` decimal(19,4) DEFAULT NULL,
  `realCd` varchar(32) DEFAULT NULL,
  `realNm` varchar(64) DEFAULT NULL,
  `status` int(11) DEFAULT NULL,
  `productId` varchar(32) DEFAULT NULL,
  `investorPhone` varchar(32) DEFAULT NULL,
  `phone` varchar(32) DEFAULT NULL,
  PRIMARY KEY (`recordId`),
  KEY `FK_83sgi246sd25n2yfmfrw2l40p` (`productId`),
  CONSTRAINT `FK_83sgi246sd25n2yfmfrw2l40p` FOREIGN KEY (`productId`) REFERENCES `product` (`productId`)
) ENGINE=InnoDB DEFAULT CHARSET=utf8;
/*!40101 SET character_set_client = @saved_cs_client */;

--
-- Dumping data for table `brokeragerecord`
--

LOCK TABLES `brokeragerecord` WRITE;
/*!40000 ALTER TABLE `brokeragerecord` DISABLE KEYS */;
/*!40000 ALTER TABLE `brokeragerecord` ENABLE KEYS */;
UNLOCK TABLES;

--
-- Table structure for table `calendardata`
--

DROP TABLE IF EXISTS `calendardata`;
/*!40101 SET @saved_cs_client     = @@character_set_client */;
/*!40101 SET character_set_client = utf8 */;
CREATE TABLE `calendardata` (
  `calendarId` varchar(32) NOT NULL,
  `createBy` varchar(32) DEFAULT NULL,
  `createTime` datetime DEFAULT NULL,
  `version` int(11) DEFAULT NULL,
  `calendarType` int(11) DEFAULT NULL,
  `endTime` datetime DEFAULT NULL,
  `holidayName` varchar(50) DEFAULT NULL,
  `isAllDay` int(11) DEFAULT NULL,
  `isHoliday` int(11) DEFAULT NULL,
  `startTime` datetime DEFAULT NULL,
  PRIMARY KEY (`calendarId`)
) ENGINE=InnoDB DEFAULT CHARSET=utf8;
/*!40101 SET character_set_client = @saved_cs_client */;

--
-- Dumping data for table `calendardata`
--

LOCK TABLES `calendardata` WRITE;
/*!40000 ALTER TABLE `calendardata` DISABLE KEYS */;
INSERT INTO `calendardata` VALUES ('20181001','initOne','2016-09-12 17:51:50',0,NULL,NULL,'',0,0,'2018-10-01 00:00:00');
INSERT INTO `calendardata` VALUES ('20181002','initOne','2016-09-12 17:51:50',0,NULL,NULL,'',0,0,'2018-10-02 00:00:00');
INSERT INTO `calendardata` VALUES ('20181003','initOne','2016-09-12 17:51:50',0,NULL,NULL,'',0,0,'2018-10-03 00:00:00');
INSERT INTO `calendardata` VALUES ('20181004','initOne','2016-09-12 17:51:50',1,NULL,NULL,'',0,1,'2018-10-04 00:00:00');
INSERT INTO `calendardata` VALUES ('20181005','initOne','2016-09-12 17:51:50',1,NULL,NULL,'',0,1,'2018-10-05 00:00:00');
INSERT INTO `calendardata` VALUES ('20181006','initOne','2016-09-12 17:51:50',0,NULL,NULL,'周末',0,1,'2018-10-06 00:00:00');
INSERT INTO `calendardata` VALUES ('20181007','initOne','2016-09-12 17:51:50',0,NULL,NULL,'周末',0,1,'2018-10-07 00:00:00');
INSERT INTO `calendardata` VALUES ('20181008','initOne','2016-09-12 17:51:50',0,NULL,NULL,'',0,0,'2018-10-08 00:00:00');
INSERT INTO `calendardata` VALUES ('20181009','initOne','2016-09-12 17:51:50',0,NULL,NULL,'',0,0,'2018-10-09 00:00:00');
INSERT INTO `calendardata` VALUES ('20181010','initOne','2016-09-12 17:51:50',0,NULL,NULL,'',0,0,'2018-10-10 00:00:00');
INSERT INTO `calendardata` VALUES ('20181011','initOne','2016-09-12 17:51:50',0,NULL,NULL,'',0,0,'2018-10-11 00:00:00');
INSERT INTO `calendardata` VALUES ('20181012','initOne','2016-09-12 17:51:50',0,NULL,NULL,'',0,0,'2018-10-12 00:00:00');
INSERT INTO `calendardata` VALUES ('20181013','initOne','2016-09-12 17:51:50',0,NULL,NULL,'周末',0,1,'2018-10-13 00:00:00');
INSERT INTO `calendardata` VALUES ('20181014','initOne','2016-09-12 17:51:50',0,NULL,NULL,'周末',0,1,'2018-10-14 00:00:00');
INSERT INTO `calendardata` VALUES ('20181015','initOne','2016-09-12 17:51:50',0,NULL,NULL,'',0,0,'2018-10-15 00:00:00');
INSERT INTO `calendardata` VALUES ('20181016','initOne','2016-09-12 17:51:50',0,NULL,NULL,'',0,0,'2018-10-16 00:00:00');
INSERT INTO `calendardata` VALUES ('20181017','initOne','2016-09-12 17:51:50',0,NULL,NULL,'',0,0,'2018-10-17 00:00:00');
INSERT INTO `calendardata` VALUES ('20181018','initOne','2016-09-12 17:51:50',0,NULL,NULL,'',0,0,'2018-10-18 00:00:00');
INSERT INTO `calendardata` VALUES ('20181019','initOne','2016-09-12 17:51:50',0,NULL,NULL,'',0,0,'2018-10-19 00:00:00');
INSERT INTO `calendardata` VALUES ('20181020','initOne','2016-09-12 17:51:50',0,NULL,NULL,'周末',0,1,'2018-10-20 00:00:00');
INSERT INTO `calendardata` VALUES ('20181021','initOne','2016-09-12 17:51:50',0,NULL,NULL,'周末',0,1,'2018-10-21 00:00:00');
INSERT INTO `calendardata` VALUES ('20181022','initOne','2016-09-12 17:51:50',0,NULL,NULL,'',0,0,'2018-10-22 00:00:00');
INSERT INTO `calendardata` VALUES ('20181023','initOne','2016-09-12 17:51:50',0,NULL,NULL,'',0,0,'2018-10-23 00:00:00');
INSERT INTO `calendardata` VALUES ('20181024','initOne','2016-09-12 17:51:50',0,NULL,NULL,'',0,0,'2018-10-24 00:00:00');
INSERT INTO `calendardata` VALUES ('20181025','initOne','2016-09-12 17:51:50',0,NULL,NULL,'',0,0,'2018-10-25 00:00:00');
INSERT INTO `calendardata` VALUES ('20181026','initOne','2016-09-12 17:51:50',0,NULL,NULL,'',0,0,'2018-10-26 00:00:00');
INSERT INTO `calendardata` VALUES ('20181027','initOne','2016-09-12 17:51:50',0,NULL,NULL,'周末',0,1,'2018-10-27 00:00:00');
INSERT INTO `calendardata` VALUES ('20181028','initOne','2016-09-12 17:51:50',0,NULL,NULL,'周末',0,1,'2018-10-28 00:00:00');
INSERT INTO `calendardata` VALUES ('20181029','initOne','2016-09-12 17:51:50',0,NULL,NULL,'',0,0,'2018-10-29 00:00:00');
INSERT INTO `calendardata` VALUES ('20181030','initOne','2016-09-12 17:51:50',0,NULL,NULL,'',0,0,'2018-10-30 00:00:00');
INSERT INTO `calendardata` VALUES ('20181031','initOne','2016-09-12 17:51:50',0,NULL,NULL,'',0,0,'2018-10-31 00:00:00');
INSERT INTO `calendardata` VALUES ('20181101','initOne','2016-09-12 17:51:50',0,NULL,NULL,'',0,0,'2018-11-01 00:00:00');
INSERT INTO `calendardata` VALUES ('20181102','initOne','2016-09-12 17:51:50',0,NULL,NULL,'',0,0,'2018-11-02 00:00:00');
INSERT INTO `calendardata` VALUES ('20181103','initOne','2016-09-12 17:51:50',0,NULL,NULL,'周末',0,1,'2018-11-03 00:00:00');
INSERT INTO `calendardata` VALUES ('20181104','initOne','2016-09-12 17:51:50',0,NULL,NULL,'周末',0,1,'2018-11-04 00:00:00');
INSERT INTO `calendardata` VALUES ('20181105','initOne','2016-09-12 17:51:50',0,NULL,NULL,'',0,0,'2018-11-05 00:00:00');
INSERT INTO `calendardata` VALUES ('20181106','initOne','2016-09-12 17:51:50',0,NULL,NULL,'',0,0,'2018-11-06 00:00:00');
INSERT INTO `calendardata` VALUES ('20181107','initOne','2016-09-12 17:51:50',0,NULL,NULL,'',0,0,'2018-11-07 00:00:00');
INSERT INTO `calendardata` VALUES ('20181108','initOne','2016-09-12 17:51:50',0,NULL,NULL,'',0,0,'2018-11-08 00:00:00');
INSERT INTO `calendardata` VALUES ('20181109','initOne','2016-09-12 17:51:50',0,NULL,NULL,'',0,0,'2018-11-09 00:00:00');
INSERT INTO `calendardata` VALUES ('20181110','initOne','2016-09-12 17:51:50',0,NULL,NULL,'周末',0,1,'2018-11-10 00:00:00');
INSERT INTO `calendardata` VALUES ('20181111','initOne','2016-09-12 17:51:50',0,NULL,NULL,'周末',0,1,'2018-11-11 00:00:00');
INSERT INTO `calendardata` VALUES ('20181112','initOne','2016-09-12 17:51:50',0,NULL,NULL,'',0,0,'2018-11-12 00:00:00');
INSERT INTO `calendardata` VALUES ('20181113','initOne','2016-09-12 17:51:50',0,NULL,NULL,'',0,0,'2018-11-13 00:00:00');
INSERT INTO `calendardata` VALUES ('20181114','initOne','2016-09-12 17:51:50',0,NULL,NULL,'',0,0,'2018-11-14 00:00:00');
INSERT INTO `calendardata` VALUES ('20181115','initOne','2016-09-12 17:51:50',0,NULL,NULL,'',0,0,'2018-11-15 00:00:00');
INSERT INTO `calendardata` VALUES ('20181116','initOne','2016-09-12 17:51:50',0,NULL,NULL,'',0,0,'2018-11-16 00:00:00');
INSERT INTO `calendardata` VALUES ('20181117','initOne','2016-09-12 17:51:50',0,NULL,NULL,'周末',0,1,'2018-11-17 00:00:00');
INSERT INTO `calendardata` VALUES ('20181118','initOne','2016-09-12 17:51:50',0,NULL,NULL,'周末',0,1,'2018-11-18 00:00:00');
INSERT INTO `calendardata` VALUES ('20181119','initOne','2016-09-12 17:51:50',0,NULL,NULL,'',0,0,'2018-11-19 00:00:00');
INSERT INTO `calendardata` VALUES ('20181120','initOne','2016-09-12 17:51:50',0,NULL,NULL,'',0,0,'2018-11-20 00:00:00');
INSERT INTO `calendardata` VALUES ('20181121','initOne','2016-09-12 17:51:50',0,NULL,NULL,'',0,0,'2018-11-21 00:00:00');
INSERT INTO `calendardata` VALUES ('20181122','initOne','2016-09-12 17:51:50',0,NULL,NULL,'',0,0,'2018-11-22 00:00:00');
INSERT INTO `calendardata` VALUES ('20181123','initOne','2016-09-12 17:51:50',0,NULL,NULL,'',0,0,'2018-11-23 00:00:00');
INSERT INTO `calendardata` VALUES ('20181124','initOne','2016-09-12 17:51:50',0,NULL,NULL,'周末',0,1,'2018-11-24 00:00:00');
INSERT INTO `calendardata` VALUES ('20181125','initOne','2016-09-12 17:51:50',0,NULL,NULL,'周末',0,1,'2018-11-25 00:00:00');
INSERT INTO `calendardata` VALUES ('20181126','initOne','2016-09-12 17:51:50',0,NULL,NULL,'',0,0,'2018-11-26 00:00:00');
INSERT INTO `calendardata` VALUES ('20181127','initOne','2016-09-12 17:51:50',0,NULL,NULL,'',0,0,'2018-11-27 00:00:00');
INSERT INTO `calendardata` VALUES ('20181128','initOne','2016-09-12 17:51:50',0,NULL,NULL,'',0,0,'2018-11-28 00:00:00');
INSERT INTO `calendardata` VALUES ('20181129','initOne','2016-09-12 17:51:50',0,NULL,NULL,'',0,0,'2018-11-29 00:00:00');
INSERT INTO `calendardata` VALUES ('20181130','initOne','2016-09-12 17:51:50',0,NULL,NULL,'',0,0,'2018-11-30 00:00:00');
INSERT INTO `calendardata` VALUES ('20181201','initOne','2016-09-12 17:51:50',0,NULL,NULL,'周末',0,1,'2018-12-01 00:00:00');
INSERT INTO `calendardata` VALUES ('20181202','initOne','2016-09-12 17:51:50',0,NULL,NULL,'周末',0,1,'2018-12-02 00:00:00');
INSERT INTO `calendardata` VALUES ('20181203','initOne','2016-09-12 17:51:50',0,NULL,NULL,'',0,0,'2018-12-03 00:00:00');
INSERT INTO `calendardata` VALUES ('20181204','initOne','2016-09-12 17:51:50',0,NULL,NULL,'',0,0,'2018-12-04 00:00:00');
INSERT INTO `calendardata` VALUES ('20181205','initOne','2016-09-12 17:51:50',0,NULL,NULL,'',0,0,'2018-12-05 00:00:00');
INSERT INTO `calendardata` VALUES ('20181206','initOne','2016-09-12 17:51:50',0,NULL,NULL,'',0,0,'2018-12-06 00:00:00');
INSERT INTO `calendardata` VALUES ('20181207','initOne','2016-09-12 17:51:50',0,NULL,NULL,'',0,0,'2018-12-07 00:00:00');
INSERT INTO `calendardata` VALUES ('20181208','initOne','2016-09-12 17:51:50',0,NULL,NULL,'周末',0,1,'2018-12-08 00:00:00');
INSERT INTO `calendardata` VALUES ('20181209','initOne','2016-09-12 17:51:50',0,NULL,NULL,'周末',0,1,'2018-12-09 00:00:00');
INSERT INTO `calendardata` VALUES ('20181210','initOne','2016-09-12 17:51:50',0,NULL,NULL,'',0,0,'2018-12-10 00:00:00');
INSERT INTO `calendardata` VALUES ('20181211','initOne','2016-09-12 17:51:50',0,NULL,NULL,'',0,0,'2018-12-11 00:00:00');
INSERT INTO `calendardata` VALUES ('20181212','initOne','2016-09-12 17:51:50',0,NULL,NULL,'',0,0,'2018-12-12 00:00:00');
INSERT INTO `calendardata` VALUES ('20181213','initOne','2016-09-12 17:51:50',0,NULL,NULL,'',0,0,'2018-12-13 00:00:00');
INSERT INTO `calendardata` VALUES ('20181214','initOne','2016-09-12 17:51:50',0,NULL,NULL,'',0,0,'2018-12-14 00:00:00');
INSERT INTO `calendardata` VALUES ('20181215','initOne','2016-09-12 17:51:50',0,NULL,NULL,'周末',0,1,'2018-12-15 00:00:00');
INSERT INTO `calendardata` VALUES ('20181216','initOne','2016-09-12 17:51:50',0,NULL,NULL,'周末',0,1,'2018-12-16 00:00:00');
INSERT INTO `calendardata` VALUES ('20181217','initOne','2016-09-12 17:51:50',0,NULL,NULL,'',0,0,'2018-12-17 00:00:00');
INSERT INTO `calendardata` VALUES ('20181218','initOne','2016-09-12 17:51:50',0,NULL,NULL,'',0,0,'2018-12-18 00:00:00');
INSERT INTO `calendardata` VALUES ('20181219','initOne','2016-09-12 17:51:50',0,NULL,NULL,'',0,0,'2018-12-19 00:00:00');
INSERT INTO `calendardata` VALUES ('20181220','initOne','2016-09-12 17:51:50',0,NULL,NULL,'',0,0,'2018-12-20 00:00:00');
INSERT INTO `calendardata` VALUES ('20181221','initOne','2016-09-12 17:51:50',0,NULL,NULL,'',0,0,'2018-12-21 00:00:00');
INSERT INTO `calendardata` VALUES ('20181222','initOne','2016-09-12 17:51:50',0,NULL,NULL,'周末',0,1,'2018-12-22 00:00:00');
INSERT INTO `calendardata` VALUES ('20181223','initOne','2016-09-12 17:51:50',0,NULL,NULL,'周末',0,1,'2018-12-23 00:00:00');
INSERT INTO `calendardata` VALUES ('20181224','initOne','2016-09-12 17:51:50',0,NULL,NULL,'',0,0,'2018-12-24 00:00:00');
INSERT INTO `calendardata` VALUES ('20181225','initOne','2016-09-12 17:51:50',0,NULL,NULL,'',0,0,'2018-12-25 00:00:00');
INSERT INTO `calendardata` VALUES ('20181226','initOne','2016-09-12 17:51:50',0,NULL,NULL,'',0,0,'2018-12-26 00:00:00');
INSERT INTO `calendardata` VALUES ('20181227','initOne','2016-09-12 17:51:50',0,NULL,NULL,'',0,0,'2018-12-27 00:00:00');
INSERT INTO `calendardata` VALUES ('20181228','initOne','2016-09-12 17:51:50',0,NULL,NULL,'',0,0,'2018-12-28 00:00:00');
INSERT INTO `calendardata` VALUES ('20181229','initOne','2016-09-12 17:51:50',0,NULL,NULL,'周末',0,1,'2018-12-29 00:00:00');
INSERT INTO `calendardata` VALUES ('20181230','initOne','2016-09-12 17:51:50',0,NULL,NULL,'周末',0,1,'2018-12-30 00:00:00');
INSERT INTO `calendardata` VALUES ('20181231','initOne','2016-09-12 17:51:50',0,NULL,NULL,'',0,0,'2018-12-31 00:00:00');
/*!40000 ALTER TABLE `calendardata` ENABLE KEYS */;
UNLOCK TABLES;

--
-- Table structure for table `category`
--

DROP TABLE IF EXISTS `category`;
/*!40101 SET @saved_cs_client     = @@character_set_client */;
/*!40101 SET character_set_client = utf8 */;
CREATE TABLE `category` (
  `categoryId` varchar(32) NOT NULL,
  `createBy` varchar(32) DEFAULT NULL,
  `createTime` datetime DEFAULT NULL,
  `version` int(11) DEFAULT NULL,
  `effTime` datetime DEFAULT NULL,
  `expTime` datetime DEFAULT NULL,
  `listSort` int(11) DEFAULT NULL,
  `state` varchar(3) DEFAULT NULL,
  `stateTime` datetime DEFAULT NULL,
  `categoryCd` varchar(128) DEFAULT NULL,
  `categoryDesc` varchar(255) DEFAULT NULL,
  `categoryNm` varchar(128) DEFAULT NULL,
  `configed` int(11) DEFAULT NULL,
  `edited` int(11) DEFAULT NULL,
  `remark` varchar(255) DEFAULT NULL,
  PRIMARY KEY (`categoryId`)
) ENGINE=InnoDB DEFAULT CHARSET=utf8;
/*!40101 SET character_set_client = @saved_cs_client */;

--
-- Dumping data for table `category`
--

LOCK TABLES `category` WRITE;
/*!40000 ALTER TABLE `category` DISABLE KEYS */;
INSERT INTO `category` VALUES ('001','system','2018-03-19 18:06:36',0,'2018-03-19 18:06:36','2114-12-31 23:59:59',1,'F0A','2018-03-19 18:06:36','member.mermerkind1','后台选择会员种类','企业会员种类',0,0,NULL);
INSERT INTO `category` VALUES ('002','system','2018-03-19 18:06:36',0,'2018-03-19 18:06:36','2114-12-31 23:59:59',1,'F0A','2018-03-19 18:06:36','member.mermerkind2','前台选择会员种类','会员种类',0,0,NULL);
INSERT INTO `category` VALUES ('003','system','2018-03-19 18:06:36',0,'2018-03-19 18:06:36','2114-12-31 23:59:59',1,'F0A','2018-03-19 18:06:36','memberExt','扩展字段','会员扩展属性',0,0,NULL);
INSERT INTO `category` VALUES ('004','system','2018-03-19 18:06:36',0,'2018-03-19 18:06:36','2114-12-31 23:59:59',1,'F0A','2018-03-19 18:06:36','systemconfig','系统参数配置','系统参数设置',1,1,NULL);
INSERT INTO `category` VALUES ('005','system','2018-03-19 18:06:36',0,'2018-03-19 18:06:36','2114-12-31 23:59:59',1,'F0A','2018-03-19 18:06:36','attachment','上传文件参数配置','文件配置',1,1,NULL);
INSERT INTO `category` VALUES ('006','system','2018-03-19 18:06:36',0,'2018-03-19 18:06:36','2114-12-31 23:59:59',1,'F0A','2018-03-19 18:06:36','rateRange','年化收益率范围','年化收益',0,0,NULL);
INSERT INTO `category` VALUES ('007','system','2018-03-19 18:06:36',0,'2018-03-19 18:06:36','2114-12-31 23:59:59',1,'F0A','2018-03-19 18:06:36','amountRange','融资金额范围','项目规模',0,0,NULL);
INSERT INTO `category` VALUES ('008','system','2018-03-19 18:06:36',0,'2018-03-19 18:06:36','2114-12-31 23:59:59',1,'F0A','2018-03-19 18:06:36','periodRange','融资期限范围','项目期限',0,0,NULL);
INSERT INTO `category` VALUES ('009','system','2018-03-19 18:06:36',0,'2018-03-19 18:06:36','2114-12-31 23:59:59',1,'F0A','2018-03-19 18:06:36','productStatus','前台列表项目状态查询,只展示指定的几个项目状态','项目状态',0,0,NULL);
INSERT INTO `category` VALUES ('010','system','2018-03-19 18:06:36',0,'2018-03-19 18:06:36','2114-12-31 23:59:59',1,'F0A','2018-03-19 18:06:36','member.level','会员等级','会员等级',0,0,NULL);
INSERT INTO `category` VALUES ('011','system','2018-03-19 18:06:36',0,'2018-03-19 18:06:36','2114-12-31 23:59:59',1,'F0A','2018-03-19 18:06:36','periodType','期限单位','期限单位',0,0,NULL);
INSERT INTO `category` VALUES ('012','system','2018-03-19 18:06:36',0,'2018-03-19 18:06:36','2114-12-31 23:59:59',1,'F0A','2018-03-19 18:06:36','member.status','会员状态','会员状态',0,0,NULL);
INSERT INTO `category` VALUES ('013','system','2018-03-19 18:06:36',0,'2018-03-19 18:06:36','2114-12-31 23:59:59',1,'F0A','2018-03-19 18:06:36','link.status','友情链接显示状态','友情链接显示状态',0,0,NULL);
INSERT INTO `category` VALUES ('014','system','2018-03-19 18:06:36',0,'2018-03-19 18:06:36','2114-12-31 23:59:59',1,'F0A','2018-03-19 18:06:36','member.audit.status','认证审核状态（实名认证和银行卡认证共用）','认证审核状态',0,0,NULL);
INSERT INTO `category` VALUES ('015','system','2018-03-19 18:06:36',0,'2018-03-19 18:06:36','2114-12-31 23:59:59',1,'F0A','2018-03-19 18:06:36','artcle.status','文章发布状态','文章发布状态',0,0,NULL);
INSERT INTO `category` VALUES ('016','system','2018-03-19 18:06:36',0,'2018-03-19 18:06:36','2114-12-31 23:59:59',1,'F0A','2018-03-19 18:06:36','member.aut.status','认证状态（已认证和未认证）','认证状态',0,0,NULL);
INSERT INTO `category` VALUES ('017','system','2018-03-19 18:06:36',0,'2018-03-19 18:06:36','2114-12-31 23:59:59',1,'F0A','2018-03-19 18:06:36','repayMethod','还款方式','还款方式',0,0,NULL);
INSERT INTO `category` VALUES ('018','system','2018-03-19 18:06:36',0,'2018-03-19 18:06:36','2114-12-31 23:59:59',1,'F0A','2018-03-19 18:06:36','brrowUse','借款用途','借款用途',0,0,NULL);
INSERT INTO `category` VALUES ('019','system','2018-03-19 18:06:36',0,'2018-03-19 18:06:36','2114-12-31 23:59:59',1,'F0A','2018-03-19 18:06:36','tenderKind','标种类型','标种类型',0,0,NULL);
INSERT INTO `category` VALUES ('020','system','2018-03-19 18:06:36',0,'2018-03-19 18:06:36','2114-12-31 23:59:59',0,'F0A','2018-03-19 18:06:36','product.status','项目所有状态','项目状态',0,0,NULL);
INSERT INTO `category` VALUES ('022','system','2018-03-19 18:06:36',0,'2018-03-19 18:06:36','2114-12-31 23:59:59',1,'F0A','2018-03-19 18:06:36','overdueDays','还款项目中逾期未还的逾期天数','逾期天数',0,0,NULL);
INSERT INTO `category` VALUES ('023','system','2018-03-19 18:06:36',0,'2018-03-19 18:06:36','2114-12-31 23:59:59',1,'F0A','2018-03-19 18:06:36','product.readytender.status','项目待招标状态','项目待招标状态',0,0,NULL);
INSERT INTO `category` VALUES ('024','system','2018-03-19 18:06:36',0,'2018-03-19 18:06:36','2114-12-31 23:59:59',1,'F0A','2018-03-19 18:06:36','rateReferened','扣费方式--费率参考','费率参考',0,0,NULL);
INSERT INTO `category` VALUES ('025','system','2018-03-19 18:06:36',0,'2018-03-19 18:06:36','2114-12-31 23:59:59',1,'F0A','2018-03-19 18:06:36','periodOrDay','扣费方式--期数或天数','期数或天数',0,0,NULL);
INSERT INTO `category` VALUES ('026','system','2018-03-19 18:06:36',0,'2018-03-19 18:06:36','2114-12-31 23:59:59',1,'F0A','2018-03-19 18:06:36','feesetting.feenode','费用节点','费用节点',0,0,NULL);
INSERT INTO `category` VALUES ('027','system','2018-03-19 18:06:36',0,'2018-03-19 18:06:36','2114-12-31 23:59:59',1,'F0A','2018-03-19 18:06:36','interestAlgorithm','计息天数算法','计息',0,0,NULL);
INSERT INTO `category` VALUES ('029','system','2018-03-19 18:06:36',0,'2018-03-19 18:06:36','2114-12-31 23:59:59',1,'F0A','2018-03-19 18:06:36','agreement','合同参数配置','合同参数配置',1,1,NULL);
INSERT INTO `category` VALUES ('030','system','2018-03-19 18:06:36',0,'2018-03-19 18:06:36','2114-12-31 23:59:59',1,'F0A','2018-03-19 18:06:36','contactKind','联系人类别','联系人类别',0,1,NULL);
INSERT INTO `category` VALUES ('031','system','2018-03-19 18:06:36',0,'2018-03-19 18:06:36','2114-12-31 23:59:59',1,'F0A','2018-03-19 18:06:36','brokerConfig','经纪人配置','经纪人配置',1,1,NULL);
INSERT INTO `category` VALUES ('032','system','2018-03-19 18:06:36',0,'2018-03-19 18:06:36','2114-12-31 23:59:59',1,'F0A','2018-03-19 18:06:36','PayApIList','支持接口列表','支持接口列表',0,1,NULL);
INSERT INTO `category` VALUES ('033','system','2018-03-19 18:06:36',0,'2018-03-19 18:06:36','2114-12-31 23:59:59',1,'F0A','2018-03-19 18:06:36','exportTemplate','报表模板配置','报表模板配置',1,0,NULL);
INSERT INTO `category` VALUES ('034','system','2018-03-19 18:06:36',0,'2018-03-19 18:06:36','2114-12-31 23:59:59',1,'F0A','2018-03-19 18:06:36','broker.memberKind','经纪类型','经纪类型',0,0,NULL);
INSERT INTO `category` VALUES ('035','system','2018-03-19 18:06:36',0,'2018-03-19 18:06:36','2114-12-31 23:59:59',1,'F0A','2018-03-19 18:06:36','broker.brokerLevel','经纪级别','经纪级别',0,0,NULL);
INSERT INTO `category` VALUES ('036','system','2018-03-19 18:06:36',0,'2018-03-19 18:06:36','2114-12-31 23:59:59',1,'F0A','2018-03-19 18:06:36','credit.transferMaxTime','转让最大期限','债权转让最大期限',0,1,NULL);
INSERT INTO `category` VALUES ('037','system','2018-03-19 18:06:36',0,'2018-03-19 18:06:36','2114-12-31 23:59:59',1,'F0A','2018-03-19 18:06:36','feesetting.feereference','费用参考','费用参考',0,0,NULL);
INSERT INTO `category` VALUES ('046','system','2018-03-19 18:06:36',0,'2018-03-19 18:06:36','2114-12-31 23:59:59',1,'F0A','2018-03-19 18:06:36','transferTenderKind ','实际上是标种类型前台查询转让时用','项目类型',0,0,NULL);
INSERT INTO `category` VALUES ('047','system','2018-03-19 18:06:36',0,'2018-03-19 18:06:36','2114-12-31 23:59:59',1,'F0A','2018-03-19 18:06:36','transferPeriodRange','项目剩余期限前台查询转让时使用','剩余期限',0,0,NULL);
INSERT INTO `category` VALUES ('048','system','2018-03-19 18:06:36',0,'2018-03-19 18:06:36','2114-12-31 23:59:59',1,'F0A','2018-03-19 18:06:36','transferRateRange','认购收益率范围前台查询转让时使用','认购收益',0,0,NULL);
INSERT INTO `category` VALUES ('049','system','2018-03-19 18:06:36',0,'2018-03-19 18:06:36','2114-12-31 23:59:59',1,'F0A','2018-03-19 18:06:36','transferAmountRange','转让金额范围前台查询转让时使用','转让金额',0,0,NULL);
INSERT INTO `category` VALUES ('050','system','2018-03-19 18:06:36',0,'2018-03-19 18:06:36','2114-12-31 23:59:59',1,'F0A','2018-03-19 18:06:36','curCode','系统支持的币种目前只支持人民币','币种',0,0,NULL);
INSERT INTO `category` VALUES ('051','system','2018-03-19 18:06:36',0,'2018-03-19 18:06:36','2114-12-31 23:59:59',1,'F0A','2018-03-19 18:06:36','monthIncome','会员的月收入水平','月收入水平',0,0,NULL);
INSERT INTO `category` VALUES ('052','system','2018-03-19 18:06:36',0,'2018-03-19 18:06:36','2114-12-31 23:59:59',1,'F0A','2018-03-19 18:06:36','education','学历列表','学历列表',0,0,NULL);
INSERT INTO `category` VALUES ('053','system','2018-03-19 18:06:36',0,'2018-03-19 18:06:36','2114-12-31 23:59:59',1,'F0A','2018-03-19 18:06:36','industry','行业列表','行业列表',0,0,NULL);
INSERT INTO `category` VALUES ('054','system','2018-03-19 18:06:36',0,'2018-03-19 18:06:36','2114-12-31 23:59:59',1,'F0A','2018-03-19 18:06:36','ecpRelation','联系人关系','联系人关系',0,0,NULL);
INSERT INTO `category` VALUES ('055','system','2018-03-19 18:06:36',0,'2018-03-19 18:06:36','2114-12-31 23:59:59',1,'F0A','2018-03-19 18:06:36','gender','性别','性别',0,0,NULL);
INSERT INTO `category` VALUES ('056','system','2018-03-19 18:06:36',0,'2018-03-19 18:06:36','2114-12-31 23:59:59',1,'F0A','2018-03-19 18:06:36','payBank','支付银行','支付银行',0,1,NULL);
INSERT INTO `category` VALUES ('057','system','2018-03-19 18:06:36',0,'2018-03-19 18:06:36','2114-12-31 23:59:59',1,'F0A','2018-03-19 18:06:36','orderTimeout','订单超时时间（单位：分）','订单超时时间设置',1,0,NULL);
INSERT INTO `category` VALUES ('058','system','2018-03-19 18:06:36',0,'2018-03-19 18:06:36','2114-12-31 23:59:59',1,'F0A','2018-03-19 18:06:36','publicCard','公共卡号','公共卡号',1,0,NULL);
INSERT INTO `category` VALUES ('059','system','2018-03-19 18:06:36',0,'2018-03-19 18:06:36','2114-12-31 23:59:59',1,'F0A','2018-03-19 18:06:36','tradeType','用户交易类型','交易类型',0,0,NULL);
INSERT INTO `category` VALUES ('060','system','2018-03-19 18:06:36',0,'2018-03-19 18:06:36','2114-12-31 23:59:59',1,'F0A','2018-03-19 18:06:36','platformTradeType','平台交易类型','交易费用类型',0,0,NULL);
INSERT INTO `category` VALUES ('061','system','2018-03-19 18:06:36',0,'2018-03-19 18:06:36','2114-12-31 23:59:59',1,'F0A','2018-03-19 18:06:36','feeTypeType','费用分类','费用分类',0,0,NULL);
INSERT INTO `category` VALUES ('062','system','2018-03-19 18:06:36',0,'2018-03-19 18:06:36','2114-12-31 23:59:59',1,'F0A','2018-03-19 18:06:36','recommendNum','首页推荐显示数量','首页推荐显示数量',1,0,NULL);
INSERT INTO `category` VALUES ('063','system','2018-03-19 18:06:36',0,'2018-03-19 18:06:36','2114-12-31 23:59:59',1,'F0A','2018-03-19 18:06:36','smsStatus','短信发送状态','短信发送状态',0,0,NULL);
INSERT INTO `category` VALUES ('064','system','2018-03-19 18:06:36',0,'2018-03-19 18:06:36','2114-12-31 23:59:59',1,'F0A','2018-03-19 18:06:36','businessBranch','设置业务分支点的判断标识','业务分支设置',1,0,NULL);
INSERT INTO `category` VALUES ('065','system','2018-03-19 18:06:36',0,'2018-03-19 18:06:36','2114-12-31 23:59:59',1,'F0A','2018-03-19 18:06:36','transferSetup','平台债权转让相关设置','债权转让设置',1,0,NULL);
INSERT INTO `category` VALUES ('066','system','2018-03-19 18:06:36',0,'2018-03-19 18:06:36','2114-12-31 23:59:59',1,'F0A','2018-03-19 18:06:36','promotionType','推广类型','推广类型',0,0,NULL);
INSERT INTO `category` VALUES ('080','system','2018-03-19 18:06:36',0,'2018-03-19 18:06:36','2114-12-31 23:59:59',1,'F0A','2018-03-19 18:06:36','smstemplate.triggerNode','短信模板节点','短信模板节点',0,0,NULL);
INSERT INTO `category` VALUES ('081','system','2018-03-19 18:06:36',0,'2018-03-19 18:06:36','2114-12-31 23:59:59',1,'F0A','2018-03-19 18:06:36','businessType','业务类型','业务类型',0,0,NULL);
INSERT INTO `category` VALUES ('082','system','2018-03-19 18:06:36',0,'2018-03-19 18:06:36','2114-12-31 23:59:59',1,'F0A','2018-03-19 18:06:36','accountCreateSetup','用于针对账户的实名、开户、绑卡、授权等业务处理逻辑进行设置','账户开立设置',1,0,'');
INSERT INTO `category` VALUES ('083','system','2018-03-19 18:06:36',0,'2018-03-19 18:06:36','2114-12-31 23:59:59',1,'F0A','2018-03-19 18:06:36','coupon.kind','优惠劵类型','优惠劵类型',0,0,NULL);
INSERT INTO `category` VALUES ('084','system','2018-03-19 18:06:36',0,'2018-03-19 18:06:36','2114-12-31 23:59:59',1,'F0A','2018-03-19 18:06:36','coupon.send','红包发放相关设置','红包发放设置',1,0,NULL);
INSERT INTO `category` VALUES ('085','system','2018-03-19 18:06:36',0,'2018-03-19 18:06:36','2114-12-31 23:59:59',1,'F0A','2018-03-19 18:06:36','plartform.app','APP平台信息','APP平台信息',1,0,NULL);
INSERT INTO `category` VALUES ('086','system','2018-03-19 18:06:36',0,'2018-03-19 18:06:36','2114-12-31 23:59:59',1,'F0A','2018-03-19 18:06:36','accepted.bankType','承兑银行类型','承兑银行类型',0,0,NULL);
INSERT INTO `category` VALUES ('087','system','2018-03-19 18:06:36',0,'2018-03-19 18:06:36','2114-12-31 23:59:59',1,'F0A','2018-03-19 18:06:36','front.repayMethod','前端还款方式','前端还款方式',0,0,NULL);
INSERT INTO `category` VALUES ('089','system','2018-03-19 18:06:36',0,'2018-03-19 18:06:36','2114-12-31 23:59:59',1,'F0A','2018-03-19 18:06:36','bindType','绑定银行卡的类型、0借记卡、1信用卡','绑卡类型',0,0,NULL);
INSERT INTO `category` VALUES ('090','system','2018-03-19 18:06:36',0,'2018-03-19 18:06:36','2114-12-31 23:59:59',1,'F0A','2018-03-19 18:06:36','interestType','计息方式配置、1即投即生息、2满标生息','计息方式配置',0,0,NULL);
INSERT INTO `category` VALUES ('091','system','2018-03-19 18:06:36',0,'2018-03-19 18:06:36','2114-12-31 23:59:59',1,'F0A','2018-03-19 18:06:36','memberWithDrawLimitPerDay','用户提现每日限制','用户提现每日限制',1,0,NULL);
INSERT INTO `category` VALUES ('094','system','2018-03-19 18:06:36',0,'2018-03-19 18:06:36','2114-12-31 23:59:59',1,'F0A','2018-03-19 18:06:36','plartform.visit.limit','平台会员访问限制','平台会员访问限制',1,0,NULL);
INSERT INTO `category` VALUES ('096','system','2018-03-19 18:06:36',0,'2018-03-19 18:06:36','2114-12-31 23:59:59',1,'F0A','2018-03-19 18:06:36','advance.repay.config','提前还款配置','提前还款配置',1,0,NULL);
INSERT INTO `category` VALUES ('097','system','2018-03-19 18:06:36',0,'2018-03-19 18:06:36','2114-12-31 23:59:59',1,'F0A','2018-03-19 18:06:36','app.system.config','app端系统参数配置','app端系统参数配置',1,1,NULL);
INSERT INTO `category` VALUES ('098','system','2018-03-19 18:06:36',0,'2018-03-19 18:06:36','2114-12-31 23:59:59',1,'F0A','2018-03-19 18:06:36','suffix.subsidy.config','后置补贴配置','后置补贴配置',1,1,NULL);
INSERT INTO `category` VALUES ('1001','system','2018-03-19 18:06:36',0,'2018-03-19 18:06:36','2114-12-31 23:59:59',2,'F0A','2018-03-19 18:06:36','contract.type','合同类型','合同类型',0,0,NULL);
INSERT INTO `category` VALUES ('1101','system','2018-03-19 18:06:36',0,'2018-03-19 18:06:36','2114-12-31 23:59:59',1,'F0A','2018-03-19 18:06:36','default.member','借款发起用户','借款发起用户',0,0,NULL);
INSERT INTO `category` VALUES ('1201','system','2018-03-19 18:06:36',0,'2018-03-19 18:06:36','2114-12-31 23:59:59',1,'F0A','2018-03-19 18:06:36','product.productGrade','项目风险等级','项目风险等级',1,0,NULL);
INSERT INTO `category` VALUES ('301','system','2018-03-19 18:06:36',0,'2018-03-19 18:06:36','2114-12-31 23:59:59',1,'F0A','2018-03-19 18:06:36','persion.idtype','个人证件类型','个人证件类型',0,0,NULL);
INSERT INTO `category` VALUES ('302','system','2018-03-19 18:06:36',0,'2018-03-19 18:06:36','2114-12-31 23:59:59',1,'F0A','2018-03-19 18:06:36','enterprise.idtype','企业证件类型','企业证件类型',0,0,NULL);
INSERT INTO `category` VALUES ('401','system','2018-03-19 18:06:36',0,'2018-03-19 18:06:36','2114-12-31 23:59:59',1,'F0A','2018-03-19 18:06:36','itsm.tsign.public','e签宝参数-公共参数','e签宝参数-公共参数',1,0,NULL);
INSERT INTO `category` VALUES ('402','system','2018-03-19 18:06:36',0,'2018-03-19 18:06:36','2114-12-31 23:59:59',1,'F0A','2018-03-19 18:06:36','itsm.tsign.investor','e签宝参数-投资人章参数','e签宝参数-投资人章参数',1,0,NULL);
INSERT INTO `category` VALUES ('403','system','2018-03-19 18:06:36',0,'2018-03-19 18:06:36','2114-12-31 23:59:59',1,'F0A','2018-03-19 18:06:36','itsm.tsign.platform','e签宝参数-平台章参数','e签宝参数-平台章参数',1,0,NULL);
INSERT INTO `category` VALUES ('404','system','2018-03-19 18:06:36',0,'2018-03-19 18:06:36','2114-12-31 23:59:59',1,'F0A','2018-03-19 18:06:36','itsm.tsign.borrower','e签宝参数-借款人章参数','e签宝参数-借款人章参数',1,0,NULL);
/*!40000 ALTER TABLE `category` ENABLE KEYS */;
UNLOCK TABLES;

--
-- Table structure for table `categoryattr`
--

DROP TABLE IF EXISTS `categoryattr`;
/*!40101 SET @saved_cs_client     = @@character_set_client */;
/*!40101 SET character_set_client = utf8 */;
CREATE TABLE `categoryattr` (
  `attrId` varchar(32) NOT NULL,
  `createBy` varchar(32) DEFAULT NULL,
  `createTime` datetime DEFAULT NULL,
  `version` int(11) DEFAULT NULL,
  `effTime` datetime DEFAULT NULL,
  `expTime` datetime DEFAULT NULL,
  `listSort` int(11) DEFAULT NULL,
  `state` varchar(3) DEFAULT NULL,
  `stateTime` datetime DEFAULT NULL,
  `actualval` varchar(1000) DEFAULT NULL,
  `attrCd` varchar(128) DEFAULT NULL,
  `attrNm` varchar(128) DEFAULT NULL,
  `attrRequired` int(11) DEFAULT NULL,
  `defaultVal` varchar(1000) DEFAULT NULL,
  `categoryId` varchar(32) NOT NULL,
  `remark` varchar(255) DEFAULT NULL,
  PRIMARY KEY (`attrId`),
  KEY `FK_f5ta4olulex7p881o5lqr4pdg` (`categoryId`),
  CONSTRAINT `categoryattr_ibfk_1` FOREIGN KEY (`categoryId`) REFERENCES `category` (`categoryId`)
) ENGINE=InnoDB DEFAULT CHARSET=utf8;
/*!40101 SET character_set_client = @saved_cs_client */;

--
-- Dumping data for table `categoryattr`
--

LOCK TABLES `categoryattr` WRITE;
/*!40000 ALTER TABLE `categoryattr` DISABLE KEYS */;
INSERT INTO `categoryattr` VALUES ('0000000057d68b6a0157d6be6c4f0000','system','2018-03-19 18:06:36',0,'2018-03-19 18:06:36','2114-12-31 23:59:59',2,'F0A','2018-03-19 18:06:36','0','3','发家致富',0,'','018','');
INSERT INTO `categoryattr` VALUES ('001000','system','2018-03-19 18:06:36',0,'2018-03-19 18:06:36','2114-12-31 23:59:59',0,'F0A','2018-03-19 18:06:36','1','1','企业',0,'','001',NULL);
INSERT INTO `categoryattr` VALUES ('001002','system','2018-03-19 18:06:36',0,'2018-03-19 18:06:36','2114-12-31 23:59:59',2,'F0A','2018-03-19 18:06:36','12','12','担保公司',0,'','001',NULL);
INSERT INTO `categoryattr` VALUES ('001003','system','2018-03-19 18:06:36',0,'2018-03-19 18:06:36','2114-12-31 23:59:59',3,'F0A','2018-03-19 18:06:36','13','13','第三方支付公司',0,'','001',NULL);
INSERT INTO `categoryattr` VALUES ('001004','system','2018-03-19 18:06:36',0,'2018-03-19 18:06:36','2114-12-31 23:59:59',4,'F0A','2018-03-19 18:06:36','14','14','信息服务(软件开发公司)',0,'','001',NULL);
INSERT INTO `categoryattr` VALUES ('001005','system','2018-03-19 18:06:36',0,'2018-03-19 18:06:36','2114-12-31 23:59:59',5,'F0A','2018-03-19 18:06:36','15','15','渠道公司',0,'','001',NULL);
INSERT INTO `categoryattr` VALUES ('002001','system','2018-03-19 18:06:36',0,'2018-03-19 18:06:36','2114-12-31 23:59:59',1,'F0A','2018-03-19 18:06:36','','0','个人',0,'','002',NULL);
INSERT INTO `categoryattr` VALUES ('002002','system','2018-03-19 18:06:36',0,'2018-03-19 18:06:36','2114-12-31 23:59:59',2,'F0A','2018-03-19 18:06:36','','1','企业',0,'','002',NULL);
INSERT INTO `categoryattr` VALUES ('003001','system','2018-03-19 18:06:36',0,'2018-03-19 18:06:36','2114-12-31 23:59:59',1,'F0A','2018-03-19 18:06:36','','xingzhuo','星座',0,'','003',NULL);
INSERT INTO `categoryattr` VALUES ('003002','system','2018-03-19 18:06:36',0,'2018-03-19 18:06:36','2114-12-31 23:59:59',2,'F0A','2018-03-19 18:06:36','','aihao','爱好',0,'','003',NULL);
INSERT INTO `categoryattr` VALUES ('003003','system','2018-03-19 18:06:36',0,'2018-03-19 18:06:36','2114-12-31 23:59:59',3,'F0A','2018-03-19 18:06:36','','techang','特长',0,'','003',NULL);
INSERT INTO `categoryattr` VALUES ('004001','system','2018-03-19 18:06:36',0,'2018-03-19 18:06:36','2114-12-31 23:59:59',1,'F0A','2018-03-19 18:06:36','Qdd','CurrentPayApI','当前使用支付接口',0,'','004',NULL);
INSERT INTO `categoryattr` VALUES ('004002','system','2018-03-19 18:06:36',0,'2018-03-19 18:06:36','2114-12-31 23:59:59',1,'F0A','2018-03-19 18:06:36','http://localhost:8082/fortunet-api/','webApi.root.url','当前使用Web接口地址',0,'','004','http://222.177.14.56:8780/piaojuke_czbank-api/');
INSERT INTO `categoryattr` VALUES ('004003','system','2018-03-19 18:06:36',0,'2018-03-19 18:06:36','2114-12-31 23:59:59',1,'F0A','2018-03-19 18:06:36','http://localhost:8082/fortunet-manager/','back.home.url','网站后台首页地址',0,'','004','http://localhost:8080/fortunet-api/');
INSERT INTO `categoryattr` VALUES ('004004','system','2018-03-19 18:06:36',0,'2018-03-19 18:06:36','2114-12-31 23:59:59',1,'F0A','2018-03-19 18:06:36','http://localhost:8082/p2p-front/','front.home.url','网站前台首页地址',0,'','004','http://222.177.14.56:8780/piaojuke_czbank-api/');
INSERT INTO `categoryattr` VALUES ('004005','system','2018-03-19 18:06:36',0,'2018-03-19 18:06:36','2114-12-31 23:59:59',1,'F0A','2018-03-19 18:06:36','360','daysOfYear','年对应的天数',0,'','004','http://192.168.33.154:8080/fortunet-api/');
INSERT INTO `categoryattr` VALUES ('004006','system','2018-03-19 18:06:36',0,'2018-03-19 18:06:36','2114-12-31 23:59:59',1,'F0A','2018-03-19 18:06:36','票据客','siteTitle','网站标题',0,'','004','');
INSERT INTO `categoryattr` VALUES ('004007','system','2018-03-19 18:06:36',0,'2018-03-19 18:06:36','2114-12-31 23:59:59',1,'F0A','2018-03-19 18:06:36','http://localhost:8082/fortunet-api/pay/czbankCallback','webApi.root.url.pay','后台回调地址前缀',0,'','004','');
INSERT INTO `categoryattr` VALUES ('004008','system','2018-03-19 18:06:36',0,'2018-03-19 18:06:36','2114-12-31 23:59:59',1,'F0A','2018-03-19 18:06:36','http://localhost:8082/fortunet-api/pay/','webApi.root.url.payHost','支付网关地址',0,'','004','');
INSERT INTO `categoryattr` VALUES ('004009','system','2018-03-19 18:06:36',0,'2018-03-19 18:06:36','2114-12-31 23:59:59',1,'F0A','2018-03-19 18:06:36','/alidata1/app/p2p/data/20150417.pfx','webApi.root.url.keyStorePath','证书路径',0,'','004',NULL);
INSERT INTO `categoryattr` VALUES ('004010','system','2018-03-19 18:06:36',0,'2018-03-19 18:06:36','2114-12-31 23:59:59',1,'F0A','2018-03-19 18:06:36','123456','webApi.root.url.storeKeyPassword','证书Key密码',0,'','004',NULL);
INSERT INTO `categoryattr` VALUES ('004011','system','2018-03-19 18:06:36',0,'2018-03-19 18:06:36','2114-12-31 23:59:59',1,'F0A','2018-03-19 18:06:36','123456','webApi.root.url.storePassword','证书密码',0,'','004',NULL);
INSERT INTO `categoryattr` VALUES ('004012','system','2018-03-19 18:06:36',0,'2018-03-19 18:06:36','2114-12-31 23:59:59',1,'F0A','2018-03-19 18:06:36','104621573751390','webApi.root.url.merCustId','商户号',0,'','004',NULL);
INSERT INTO `categoryattr` VALUES ('004013','system','2018-03-19 18:06:36',0,'2018-03-19 18:06:36','2114-12-31 23:59:59',1,'F0A','2018-03-19 18:06:36','/alidata1/app/p2p/data/20150417.cer','webApi.root.url.rootCertificatePath','签名验证证书路径',0,'','004',NULL);
INSERT INTO `categoryattr` VALUES ('004014','system','2018-03-19 18:06:36',0,'2018-03-19 18:06:36','2114-12-31 23:59:59',1,'F0A','2018-03-19 18:06:36','http://www.95epay.com/','payPlatformLink','支付平台官方网站链接 ',0,'','004',NULL);
INSERT INTO `categoryattr` VALUES ('004015','system','2018-03-19 18:06:36',0,'2018-03-19 18:06:36','2114-12-31 23:59:59',1,'F0A','2018-03-19 18:06:36','2','interestWay','计息日方式:1、算头不算尾 2、算尾不算头 3、算头又算尾 比如：开始日期1.1日结束日期1.4日 算法1：计算结果为1.4-1.1=3天 算法2：计算结果为1.4-1.1=3天 算法3：计算结果为1.4-1.1+1=4天',0,'1','004','计息日方式:1、算头不算尾 2、算尾不算头 3、算头又算尾 比如：开始日期1.1日结束日期1.4日 算法1：计算结果为1.4-1.1=3天 算法2：计算结果为1.4-1.1=3天 算法3：计算结果为1.4-1.1+1=4天');
INSERT INTO `categoryattr` VALUES ('004016','system','2018-03-19 18:06:36',0,'2018-03-19 18:06:36','2114-12-31 23:59:59',1,'F0A','2018-03-19 18:06:36','1.2','selectedQuantityRate','投资订单入围数量比率 ',0,'','004',NULL);
INSERT INTO `categoryattr` VALUES ('004017','system','2018-03-19 18:06:36',0,'2018-03-19 18:06:36','2114-12-31 23:59:59',17,'F0A','2018-03-19 18:06:36','10000','noviceStandardQuota','系统配置新手标额度 ',0,'','004',NULL);
INSERT INTO `categoryattr` VALUES ('004018','system','2018-03-19 18:06:36',0,'2018-03-19 18:06:36','2114-12-31 23:59:59',1,'F0A','2018-03-19 18:06:36','http://localhost:8082/mobile/','front.home.mobile.url','微网站前台首页地址',0,'','004','http://222.177.14.56:8780/piaojuke_czbank-frontmobile/');
INSERT INTO `categoryattr` VALUES ('004501','system','2018-03-19 18:06:36',0,'2018-03-19 18:06:36','2114-12-31 23:59:59',1,'F0A','2018-03-19 18:06:36','781011520000004322','webApi.repay.compensatory.acct_no','还款银行卡号',0,'','004',NULL);
INSERT INTO `categoryattr` VALUES ('004502','system','2018-03-19 18:06:36',0,'2018-03-19 18:06:36','2114-12-31 23:59:59',1,'F0A','2018-03-19 18:06:36','账户1','webApi.repay.compensatory.acct_name','还款银行卡持卡人名称',0,'','004',NULL);
INSERT INTO `categoryattr` VALUES ('004601','system','2018-03-19 18:06:36',0,'2018-03-19 18:06:36','2114-12-31 23:59:59',1,'F0A','2018-03-19 18:06:36','5','login.error.limit.count','登录错误限制次数',0,'','004',NULL);
INSERT INTO `categoryattr` VALUES ('005001','system','2018-08-17 15:42:59',1,'2018-08-17 15:42:59','2200-12-31 23:59:59',1,'F0A','2018-08-17 15:42:59','/root/apache-tomcat-8.5.33/webapps/uploadfile','upload.root','上传图片文件本地根路径',1,'/root/apache-tomcat-8.5.33/webapps/uploadfile/','005','');
INSERT INTO `categoryattr` VALUES ('005002','system','2018-03-19 18:06:36',0,'2018-03-19 18:06:36','2114-12-31 23:59:59',2,'F0A','2018-03-19 18:06:36','http://localhost:8082/uploadfile/','upload.root.url','上传图片文件网络根路径',1,'','005','');
INSERT INTO `categoryattr` VALUES ('005003','system','2018-03-19 18:06:36',0,'2018-03-19 18:06:36','2114-12-31 23:59:59',3,'F0A','2018-03-19 18:06:36','1','upload.generate.smallImage','上传文件时是否同时生成小图片',1,'0','005',NULL);
INSERT INTO `categoryattr` VALUES ('006001','system','2018-08-21 09:30:38',2,'2018-08-21 09:30:38','2200-12-31 23:59:59',1,'F0A','2018-08-21 09:30:38','0','1','5%以下',0,'0.05','006','');
INSERT INTO `categoryattr` VALUES ('006002','system','2018-03-19 18:06:36',0,'2018-03-19 18:06:36','2114-12-31 23:59:59',2,'F0A','2018-03-19 18:06:36','0.05','2','5%-10%',0,'0.1','006','');
INSERT INTO `categoryattr` VALUES ('006004','system','2018-03-19 18:06:36',0,'2018-03-19 18:06:36','2114-12-31 23:59:59',4,'F0A','2018-03-19 18:06:36','0.1','4','10%以上',0,'-1','006','');
INSERT INTO `categoryattr` VALUES ('007001','system','2018-03-19 18:06:36',0,'2018-03-19 18:06:36','2114-12-31 23:59:59',1,'F0A','2018-03-19 18:06:36','0','1','200万以下',0,'1999999','007',NULL);
INSERT INTO `categoryattr` VALUES ('007002','system','2018-03-19 18:06:36',0,'2018-03-19 18:06:36','2114-12-31 23:59:59',2,'F0A','2018-03-19 18:06:36','2000000','2','200万-500万',0,'4999999','007',NULL);
INSERT INTO `categoryattr` VALUES ('007003','system','2018-03-19 18:06:36',0,'2018-03-19 18:06:36','2114-12-31 23:59:59',3,'F0A','2018-03-19 18:06:36','5000000','3','500万-1000万',0,'9999999','007',NULL);
INSERT INTO `categoryattr` VALUES ('007004','system','2018-03-19 18:06:36',0,'2018-03-19 18:06:36','2114-12-31 23:59:59',4,'F0A','2018-03-19 18:06:36','10000000','4','1000万以上',0,'-1','007',NULL);
INSERT INTO `categoryattr` VALUES ('008001','system','2018-03-19 18:06:36',0,'2018-03-19 18:06:36','2114-12-31 23:59:59',1,'F0A','2018-03-19 18:06:36','0','1','1个月以下',0,'1','008','');
INSERT INTO `categoryattr` VALUES ('008002','system','2018-03-19 18:06:36',0,'2018-03-19 18:06:36','2114-12-31 23:59:59',2,'F0A','2018-03-19 18:06:36','1','2','1-3个月',0,'3','008','');
INSERT INTO `categoryattr` VALUES ('008003','system','2018-03-19 18:06:36',0,'2018-03-19 18:06:36','2114-12-31 23:59:59',3,'F0A','2018-03-19 18:06:36','3','3','3-6个月',0,'6','008','');
INSERT INTO `categoryattr` VALUES ('008004','system','2018-03-19 18:06:36',0,'2018-03-19 18:06:36','2114-12-31 23:59:59',4,'F0A','2018-03-19 18:06:36','6','4','6个月以上',0,'-1','008','');
INSERT INTO `categoryattr` VALUES ('009001','system','2018-03-19 18:06:36',0,'2018-03-19 18:06:36','2114-12-31 23:59:59',1,'F0A','2018-03-19 18:06:36','32','1','预售中',0,'','009','');
INSERT INTO `categoryattr` VALUES ('009002','system','2018-03-19 18:06:36',0,'2018-03-19 18:06:36','2114-12-31 23:59:59',2,'F0A','2018-03-19 18:06:36','30','2','募集中 ',0,'','009','');
INSERT INTO `categoryattr` VALUES ('009003','system','2018-03-19 18:06:36',0,'2018-03-19 18:06:36','2114-12-31 23:59:59',3,'F0A','2018-03-19 18:06:36','60','3','已满标 ',0,'','009',NULL);
INSERT INTO `categoryattr` VALUES ('009004','system','2018-03-19 18:06:36',0,'2018-03-19 18:06:36','2114-12-31 23:59:59',4,'F0A','2018-03-19 18:06:36','90','4','已起息',0,'','009','');
INSERT INTO `categoryattr` VALUES ('009005','system','2018-03-19 18:06:36',0,'2018-03-19 18:06:36','2114-12-31 23:59:59',5,'F0A','2018-03-19 18:06:36','100','5','已还款',0,'','009','');
INSERT INTO `categoryattr` VALUES ('010001','system','2018-03-19 18:06:36',0,'2018-03-19 18:06:36','2114-12-31 23:59:59',0,'F0A','2018-03-19 18:06:36','','0','全部',0,'','010',NULL);
INSERT INTO `categoryattr` VALUES ('010002','system','2018-03-19 18:06:36',0,'2018-03-19 18:06:36','2114-12-31 23:59:59',2,'F0A','2018-03-19 18:06:36','','1','普通会员',0,'','010',NULL);
INSERT INTO `categoryattr` VALUES ('010003','system','2018-03-19 18:06:36',0,'2018-03-19 18:06:36','2114-12-31 23:59:59',3,'F0A','2018-03-19 18:06:36','','2','至尊会员',0,'','010',NULL);
INSERT INTO `categoryattr` VALUES ('011001','system','2018-03-19 18:06:36',0,'2018-03-19 18:06:36','2114-12-31 23:59:59',4,'F0A','2018-03-19 18:06:36','360','4','年',0,'','011','');
INSERT INTO `categoryattr` VALUES ('011002','system','2018-03-19 18:06:36',0,'2018-03-19 18:06:36','2114-12-31 23:59:59',2,'F0A','2018-03-19 18:06:36','30','2','月',0,'','011',NULL);
INSERT INTO `categoryattr` VALUES ('011003','system','2018-03-19 18:06:36',0,'2018-03-19 18:06:36','2114-12-31 23:59:59',1,'F0A','2018-03-19 18:06:36','1','1','日',0,'','011',NULL);
INSERT INTO `categoryattr` VALUES ('011004','system','2018-03-19 18:06:36',0,'2018-03-19 18:06:36','2114-12-31 23:59:59',3,'F0A','2018-03-19 18:06:36','90','3','季',0,'','011',NULL);
INSERT INTO `categoryattr` VALUES ('012001','system','2018-03-19 18:06:36',0,'2018-03-19 18:06:36','2114-12-31 23:59:59',2,'F0A','2018-03-19 18:06:36','','0','限制登录',0,'','012',NULL);
INSERT INTO `categoryattr` VALUES ('012002','system','2018-03-19 18:06:36',0,'2018-03-19 18:06:36','2114-12-31 23:59:59',1,'F0A','2018-03-19 18:06:36','','1','正常',0,'','012',NULL);
INSERT INTO `categoryattr` VALUES ('012003','system','2018-03-19 18:06:36',0,'2018-03-19 18:06:36','2114-12-31 23:59:59',0,'F0A','2018-03-19 18:06:36','','2','全部',0,'','012',NULL);
INSERT INTO `categoryattr` VALUES ('013001','system','2018-03-19 18:06:36',0,'2018-03-19 18:06:36','2114-12-31 23:59:59',0,'F0A','2018-03-19 18:06:36','','2','全部',0,'','013',NULL);
INSERT INTO `categoryattr` VALUES ('013002','system','2018-03-19 18:06:36',0,'2018-03-19 18:06:36','2114-12-31 23:59:59',2,'F0A','2018-03-19 18:06:36','','0','不显示',0,'','013',NULL);
INSERT INTO `categoryattr` VALUES ('013003','system','2018-03-19 18:06:36',0,'2018-03-19 18:06:36','2114-12-31 23:59:59',1,'F0A','2018-03-19 18:06:36','','1','显示',0,'','013',NULL);
INSERT INTO `categoryattr` VALUES ('014001','system','2018-03-19 18:06:36',0,'2018-03-19 18:06:36','2114-12-31 23:59:59',0,'F0A','2018-03-19 18:06:36','','3','全部',0,'','014',NULL);
INSERT INTO `categoryattr` VALUES ('014002','system','2018-03-19 18:06:36',0,'2018-03-19 18:06:36','2114-12-31 23:59:59',1,'F0A','2018-03-19 18:06:36','','0','待审核',0,'','014',NULL);
INSERT INTO `categoryattr` VALUES ('014003','system','2018-03-19 18:06:36',0,'2018-03-19 18:06:36','2114-12-31 23:59:59',2,'F0A','2018-03-19 18:06:36','','1','认证成功',0,'','014',NULL);
INSERT INTO `categoryattr` VALUES ('014004','system','2018-03-19 18:06:36',0,'2018-03-19 18:06:36','2114-12-31 23:59:59',3,'F0A','2018-03-19 18:06:36','','2','认证失败',0,'','014',NULL);
INSERT INTO `categoryattr` VALUES ('015001','system','2018-03-19 18:06:36',0,'2018-03-19 18:06:36','2114-12-31 23:59:59',0,'F0A','2018-03-19 18:06:36','','2','全部',0,'','015',NULL);
INSERT INTO `categoryattr` VALUES ('015002','system','2018-03-19 18:06:36',0,'2018-03-19 18:06:36','2114-12-31 23:59:59',1,'F0A','2018-03-19 18:06:36','','0','未发布',0,'','015',NULL);
INSERT INTO `categoryattr` VALUES ('015003','system','2018-03-19 18:06:36',0,'2018-03-19 18:06:36','2114-12-31 23:59:59',2,'F0A','2018-03-19 18:06:36','','1','已发布',0,'','015',NULL);
INSERT INTO `categoryattr` VALUES ('016001','system','2018-03-19 18:06:36',0,'2018-03-19 18:06:36','2114-12-31 23:59:59',0,'F0A','2018-03-19 18:06:36','','0','全部',0,'','016',NULL);
INSERT INTO `categoryattr` VALUES ('016002','system','2018-03-19 18:06:36',0,'2018-03-19 18:06:36','2114-12-31 23:59:59',1,'F0A','2018-03-19 18:06:36','','1','已认证',0,'','016',NULL);
INSERT INTO `categoryattr` VALUES ('016003','system','2018-03-19 18:06:36',0,'2018-03-19 18:06:36','2114-12-31 23:59:59',2,'F0A','2018-03-19 18:06:36','','2','未认证',0,'','016',NULL);
INSERT INTO `categoryattr` VALUES ('017001','system','2018-03-19 18:06:36',0,'2018-03-19 18:06:36','2114-12-31 23:59:59',0,'F0A','2018-03-19 18:06:36','','1','到期一次返还本息',0,'','017',NULL);
INSERT INTO `categoryattr` VALUES ('017002','system','2018-03-19 18:06:36',0,'2018-03-19 18:06:36','2114-12-31 23:59:59',1,'F0A','2018-03-19 18:06:36','','2','按期还息到期还本',0,'','017',NULL);
INSERT INTO `categoryattr` VALUES ('017003','system','2018-03-19 18:06:36',0,'2018-03-19 18:06:36','2114-12-31 23:59:59',2,'F0A','2018-03-19 18:06:36','','3','按期等额本金',0,'','017',NULL);
INSERT INTO `categoryattr` VALUES ('017004','system','2018-03-19 18:06:36',0,'2018-03-19 18:06:36','2114-12-31 23:59:59',3,'F0A','2018-03-19 18:06:36','','4','按期等额本息',0,'','017',NULL);
INSERT INTO `categoryattr` VALUES ('018001','system','2018-03-19 18:06:36',0,'2018-03-19 18:06:36','2114-12-31 23:59:59',0,'F0A','2018-03-19 18:06:36','','1','创业投资',0,'','018',NULL);
INSERT INTO `categoryattr` VALUES ('018002','system','2018-03-19 18:06:36',0,'2018-03-19 18:06:36','2114-12-31 23:59:59',1,'F0A','2018-03-19 18:06:36','','2','资金周转',0,'','018',NULL);
INSERT INTO `categoryattr` VALUES ('019001','system','2018-03-19 18:06:36',0,'2018-03-19 18:06:36','2114-12-31 23:59:59',1,'F0A','2018-03-19 18:06:36','','1','担保标',0,'','019',NULL);
INSERT INTO `categoryattr` VALUES ('019002','system','2018-03-19 18:06:36',0,'2018-03-19 18:06:36','2114-12-31 23:59:59',2,'F0A','2018-03-19 18:06:36','','2','抵押标',0,'','019',NULL);
INSERT INTO `categoryattr` VALUES ('019003','system','2018-03-19 18:06:36',0,'2018-03-19 18:06:36','2114-12-31 23:59:59',3,'F0A','2018-03-19 18:06:36','','3','信用标',0,'','019',NULL);
INSERT INTO `categoryattr` VALUES ('020001','system','2018-03-19 18:06:36',0,'2018-03-19 18:06:36','2114-12-31 23:59:59',1,'F0A','2018-03-19 18:06:36','','10','草稿',0,'','020',NULL);
INSERT INTO `categoryattr` VALUES ('020002','system','2018-03-19 18:06:36',0,'2018-03-19 18:06:36','2114-12-31 23:59:59',2,'F0A','2018-03-19 18:06:36','','11','待审核',0,'','020',NULL);
INSERT INTO `categoryattr` VALUES ('020003','system','2018-03-19 18:06:36',0,'2018-03-19 18:06:36','2114-12-31 23:59:59',3,'F0A','2018-03-19 18:06:36','','12','已废弃',0,'','020',NULL);
INSERT INTO `categoryattr` VALUES ('020004','system','2018-03-19 18:06:36',0,'2018-03-19 18:06:36','2114-12-31 23:59:59',4,'F0A','2018-03-19 18:06:36','','13','已撤回',0,'','020',NULL);
INSERT INTO `categoryattr` VALUES ('020005','system','2018-03-19 18:06:36',0,'2018-03-19 18:06:36','2114-12-31 23:59:59',5,'F0A','2018-03-19 18:06:36','','14','审核驳回',0,'','020',NULL);
INSERT INTO `categoryattr` VALUES ('020006','system','2018-03-19 18:06:36',0,'2018-03-19 18:06:36','2114-12-31 23:59:59',6,'F0A','2018-03-19 18:06:36','','15','审核失败',0,'','020',NULL);
INSERT INTO `categoryattr` VALUES ('020007','system','2018-03-19 18:06:36',0,'2018-03-19 18:06:36','2114-12-31 23:59:59',7,'F0A','2018-03-19 18:06:36','','31','待招标(待上线)',0,'','020',NULL);
INSERT INTO `categoryattr` VALUES ('020008','system','2018-03-19 18:06:36',0,'2018-03-19 18:06:36','2114-12-31 23:59:59',8,'F0A','2018-03-19 18:06:36','','40','已撤标',0,'','020',NULL);
INSERT INTO `categoryattr` VALUES ('020009','system','2018-03-19 18:06:36',0,'2018-03-19 18:06:36','2114-12-31 23:59:59',9,'F0A','2018-03-19 18:06:36','','32','已上线',0,'','020',NULL);
INSERT INTO `categoryattr` VALUES ('020010','system','2018-03-19 18:06:36',0,'2018-03-19 18:06:36','2114-12-31 23:59:59',10,'F0A','2018-03-19 18:06:36','','30','招标中',0,'','020',NULL);
INSERT INTO `categoryattr` VALUES ('020011','system','2018-03-19 18:06:36',0,'2018-03-19 18:06:36','2114-12-31 23:59:59',11,'F0A','2018-03-19 18:06:36','','60','满标待审',0,'','020',NULL);
INSERT INTO `categoryattr` VALUES ('020012','system','2018-03-19 18:06:36',0,'2018-03-19 18:06:36','2114-12-31 23:59:59',12,'F0A','2018-03-19 18:06:36','','80','待放款',0,'','020',NULL);
INSERT INTO `categoryattr` VALUES ('020013','system','2018-03-19 18:06:36',0,'2018-03-19 18:06:36','2114-12-31 23:59:59',14,'F0A','2018-03-19 18:06:36','','100','已还完',0,'','020',NULL);
INSERT INTO `categoryattr` VALUES ('020014','system','2018-03-19 18:06:36',0,'2018-03-19 18:06:36','2114-12-31 23:59:59',15,'F0A','2018-03-19 18:06:36','','70','废标待退款',0,'','020',NULL);
INSERT INTO `categoryattr` VALUES ('020015','system','2018-03-19 18:06:36',0,'2018-03-19 18:06:36','2114-12-31 23:59:59',16,'F0A','2018-03-19 18:06:36','','101','废标已退款',0,'','020',NULL);
INSERT INTO `categoryattr` VALUES ('020016','system','2018-03-19 18:06:36',0,'2018-03-19 18:06:36','2114-12-31 23:59:59',17,'F0A','2018-03-19 18:06:36','','71','流标待退款',0,'','020',NULL);
INSERT INTO `categoryattr` VALUES ('020017','system','2018-03-19 18:06:36',0,'2018-03-19 18:06:36','2114-12-31 23:59:59',18,'F0A','2018-03-19 18:06:36','','73','撤标待退款',0,'','020',NULL);
INSERT INTO `categoryattr` VALUES ('020018','system','2018-03-19 18:06:36',0,'2018-03-19 18:06:36','2114-12-31 23:59:59',19,'F0A','2018-03-19 18:06:36','','102','流标已退款',0,'','020',NULL);
INSERT INTO `categoryattr` VALUES ('020019','system','2018-03-19 18:06:36',0,'2018-03-19 18:06:36','2114-12-31 23:59:59',20,'F0A','2018-03-19 18:06:36','','50','已流标',0,'','020',NULL);
INSERT INTO `categoryattr` VALUES ('020020','system','2018-03-19 18:06:36',0,'2018-03-19 18:06:36','2114-12-31 23:59:59',21,'F0A','2018-03-19 18:06:36','','103','撤标已退款',0,'','020',NULL);
INSERT INTO `categoryattr` VALUES ('020021','system','2018-03-19 18:06:36',0,'2018-03-19 18:06:36','2114-12-31 23:59:59',22,'F0A','2018-03-19 18:06:36','','61','流标待处理',0,'','020',NULL);
INSERT INTO `categoryattr` VALUES ('020022','system','2018-03-19 18:06:36',0,'2018-03-19 18:06:36','2114-12-31 23:59:59',13,'F0A','2018-03-19 18:06:36','','90','还款中',0,'','020',NULL);
INSERT INTO `categoryattr` VALUES ('022001','system','2018-03-19 18:06:36',0,'2018-03-19 18:06:36','2114-12-31 23:59:59',0,'F0A','2018-03-19 18:06:36','','0','全部',0,'','022',NULL);
INSERT INTO `categoryattr` VALUES ('022002','system','2018-03-19 18:06:36',0,'2018-03-19 18:06:36','2114-12-31 23:59:59',1,'F0A','2018-03-19 18:06:36','','1','1-30天',0,'','022',NULL);
INSERT INTO `categoryattr` VALUES ('022003','system','2018-03-19 18:06:36',0,'2018-03-19 18:06:36','2114-12-31 23:59:59',2,'F0A','2018-03-19 18:06:36','','2','>30天',0,'','022',NULL);
INSERT INTO `categoryattr` VALUES ('023001','system','2018-03-19 18:06:36',0,'2018-03-19 18:06:36','2114-12-31 23:59:59',1,'F0A','2018-03-19 18:06:36','','31','待招标(待上线)',0,'','023',NULL);
INSERT INTO `categoryattr` VALUES ('023002','system','2018-03-19 18:06:36',0,'2018-03-19 18:06:36','2114-12-31 23:59:59',2,'F0A','2018-03-19 18:06:36','','32','已上线',0,'','023',NULL);
INSERT INTO `categoryattr` VALUES ('024001','system','2018-03-19 18:06:36',0,'2018-03-19 18:06:36','2114-12-31 23:59:59',1,'F0A','2018-03-19 18:06:36','','1','全部本金',0,'','024',NULL);
INSERT INTO `categoryattr` VALUES ('024002','system','2018-03-19 18:06:36',0,'2018-03-19 18:06:36','2114-12-31 23:59:59',2,'F0A','2018-03-19 18:06:36','','2','全部利息',0,'','024',NULL);
INSERT INTO `categoryattr` VALUES ('024003','system','2018-03-19 18:06:36',0,'2018-03-19 18:06:36','2114-12-31 23:59:59',3,'F0A','2018-03-19 18:06:36','','3','全部本息',0,'','024',NULL);
INSERT INTO `categoryattr` VALUES ('024004','system','2018-03-19 18:06:36',0,'2018-03-19 18:06:36','2114-12-31 23:59:59',4,'F0A','2018-03-19 18:06:36','','4','当期本金',0,'','024',NULL);
INSERT INTO `categoryattr` VALUES ('024005','system','2018-03-19 18:06:36',0,'2018-03-19 18:06:36','2114-12-31 23:59:59',5,'F0A','2018-03-19 18:06:36','','5','当期利息',0,'','024',NULL);
INSERT INTO `categoryattr` VALUES ('024006','system','2018-03-19 18:06:36',0,'2018-03-19 18:06:36','2114-12-31 23:59:59',6,'F0A','2018-03-19 18:06:36','','6','当期本息',0,'','024',NULL);
INSERT INTO `categoryattr` VALUES ('024007','system','2018-03-19 18:06:36',0,'2018-03-19 18:06:36','2114-12-31 23:59:59',7,'F0A','2018-03-19 18:06:36','','7','剩余本金(包含本期)',0,'','024',NULL);
INSERT INTO `categoryattr` VALUES ('024008','system','2018-03-19 18:06:36',0,'2018-03-19 18:06:36','2114-12-31 23:59:59',8,'F0A','2018-03-19 18:06:36','','8','剩余本金(不含本期)',0,'','024',NULL);
INSERT INTO `categoryattr` VALUES ('024009','system','2018-03-19 18:06:36',0,'2018-03-19 18:06:36','2114-12-31 23:59:59',9,'F0A','2018-03-19 18:06:36','','9','转让成交额',0,'','024',NULL);
INSERT INTO `categoryattr` VALUES ('024010','system','2018-03-19 18:06:36',0,'2018-03-19 18:06:36','2114-12-31 23:59:59',11,'F0A','2018-03-19 18:06:36','','11','充值金额',0,'','024',NULL);
INSERT INTO `categoryattr` VALUES ('024011','system','2018-03-19 18:06:36',0,'2018-03-19 18:06:36','2114-12-31 23:59:59',12,'F0A','2018-03-19 18:06:36','','12','提现金额',0,'','024',NULL);
INSERT INTO `categoryattr` VALUES ('025001','system','2018-03-19 18:06:36',0,'2018-03-19 18:06:36','2114-12-31 23:59:59',0,'F0A','2018-03-19 18:06:36','','0','期数',0,'','025',NULL);
INSERT INTO `categoryattr` VALUES ('025002','system','2018-03-19 18:06:36',0,'2018-03-19 18:06:36','2114-12-31 23:59:59',1,'F0A','2018-03-19 18:06:36','','1','天数',0,'','025',NULL);
INSERT INTO `categoryattr` VALUES ('026001','system','2018-03-19 18:06:36',0,'2018-03-19 18:06:36','2114-12-31 23:59:59',1,'F0A','2018-03-19 18:06:36','','1','借款成功',0,'1','026',NULL);
INSERT INTO `categoryattr` VALUES ('026002','system','2018-03-19 18:06:36',0,'2018-03-19 18:06:36','2114-12-31 23:59:59',2,'F0A','2018-03-19 18:06:36','','2','正常还款',0,'2','026',NULL);
INSERT INTO `categoryattr` VALUES ('026003','system','2018-03-19 18:06:36',0,'2018-03-19 18:06:36','2114-12-31 23:59:59',3,'F0A','2018-03-19 18:06:36','','3','提前还款',0,'3','026',NULL);
INSERT INTO `categoryattr` VALUES ('026004','system','2018-03-19 18:06:36',0,'2018-03-19 18:06:36','2114-12-31 23:59:59',4,'F0A','2018-03-19 18:06:36','','4','逾期还款',0,'4','026',NULL);
INSERT INTO `categoryattr` VALUES ('026005','system','2018-03-19 18:06:36',0,'2018-03-19 18:06:36','2114-12-31 23:59:59',5,'F0A','2018-03-19 18:06:36','','5','债权转让',0,'5','026',NULL);
INSERT INTO `categoryattr` VALUES ('026006','system','2018-03-19 18:06:36',0,'2018-03-19 18:06:36','2114-12-31 23:59:59',6,'F0A','2018-03-19 18:06:36','','6','追偿还款',0,'6','026',NULL);
INSERT INTO `categoryattr` VALUES ('027001','system','2018-03-19 18:06:36',0,'2018-03-19 18:06:36','2114-12-31 23:59:59',1,'F0A','2018-03-19 18:06:36','','1','算头不算尾',0,'','027',NULL);
INSERT INTO `categoryattr` VALUES ('027002','system','2018-03-19 18:06:36',0,'2018-03-19 18:06:36','2114-12-31 23:59:59',2,'F0A','2018-03-19 18:06:36','','2','算尾不算头',0,'','027',NULL);
INSERT INTO `categoryattr` VALUES ('027003','system','2018-03-19 18:06:36',0,'2018-03-19 18:06:36','2114-12-31 23:59:59',3,'F0A','2018-03-19 18:06:36','','3','算头又算尾',0,'','027',NULL);
INSERT INTO `categoryattr` VALUES ('029001','system','2018-03-19 18:06:36',0,'2018-03-19 18:06:36','2114-12-31 23:59:59',1,'F0A','2018-03-19 18:06:36','/root/apache-tomcat-8.5.33/webapps/agreement','agreement.root','合同文件本地根路径',0,'','029',NULL);
INSERT INTO `categoryattr` VALUES ('029002','system','2018-03-19 18:06:36',0,'2018-03-19 18:06:36','2114-12-31 23:59:59',2,'F0A','2018-03-19 18:06:36','http://localhost:8082/agreement/','agreement.root.url','合同文件网络根路径',0,'','029','');
INSERT INTO `categoryattr` VALUES ('029003','system','2018-03-19 18:06:36',0,'2018-03-19 18:06:36','2114-12-31 23:59:59',0,'F0A','2018-03-19 18:06:36','/root/apache-tomcat-8.5.33/webapps/agreement','template.root.path','模板根路径',0,'','029','');
INSERT INTO `categoryattr` VALUES ('029004','system','2018-03-19 18:06:36',0,'2018-03-19 18:06:36','2114-12-31 23:59:59',4,'F0A','2018-03-19 18:06:36','/alidata1/app/p2p/data/oldsystem/invest_template.docx','old.system.template.path','老系统模板路径',0,'','029',NULL);
INSERT INTO `categoryattr` VALUES ('030001','system','2018-03-19 18:06:36',0,'2018-03-19 18:06:36','2114-12-31 23:59:59',0,'F0A','2018-03-19 18:06:36','','1','高管联系人',0,'','030',NULL);
INSERT INTO `categoryattr` VALUES ('030002','system','2018-03-19 18:06:36',0,'2018-03-19 18:06:36','2114-12-31 23:59:59',1,'F0A','2018-03-19 18:06:36','','2','业务负责人',0,'','030',NULL);
INSERT INTO `categoryattr` VALUES ('030003','system','2018-03-19 18:06:36',0,'2018-03-19 18:06:36','2114-12-31 23:59:59',2,'F0A','2018-03-19 18:06:36','','3','其它联系人',0,'','030',NULL);
INSERT INTO `categoryattr` VALUES ('031001','system','2018-03-19 18:06:36',0,'2018-03-19 18:06:36','2114-12-31 23:59:59',0,'F0A','2018-03-19 18:06:36','2','brokerModel','注册经纪人模式',0,'','031',NULL);
INSERT INTO `categoryattr` VALUES ('031002','system','2018-03-19 18:06:36',0,'2018-03-19 18:06:36','2114-12-31 23:59:59',1,'F0A','2018-03-19 18:06:36','3','maxBrokerLevel','最大经纪人等级',0,'','031',NULL);
INSERT INTO `categoryattr` VALUES ('031003','system','2018-03-19 18:06:36',0,'2018-03-19 18:06:36','2114-12-31 23:59:59',2,'F0A','2018-03-19 18:06:36','1','startBroker','是否启用经纪人业务',0,'','031',NULL);
INSERT INTO `categoryattr` VALUES ('031004','system','2018-03-19 18:06:36',0,'2018-03-19 18:06:36','2114-12-31 23:59:59',3,'F0A','2018-03-19 18:06:36','1','isCalculateByMonth','是否按月计算佣金',0,'','031',NULL);
INSERT INTO `categoryattr` VALUES ('031005','system','2018-03-19 18:06:36',0,'2018-03-19 18:06:36','2114-12-31 23:59:59',4,'F0A','2018-03-19 18:06:36','0','isBrokerInvestCommission','是否允许自投提佣',0,'','031',NULL);
INSERT INTO `categoryattr` VALUES ('031006','system','2018-03-19 18:06:36',0,'2018-03-19 18:06:36','2114-12-31 23:59:59',5,'F0A','2018-03-19 18:06:36','1','isUnlimitedCommlevel','是否支持无限层级经纪人结构',0,'','031',NULL);
INSERT INTO `categoryattr` VALUES ('031007','system','2018-03-19 18:06:36',0,'2018-03-19 18:06:36','2114-12-31 23:59:59',6,'F0A','2018-03-19 18:06:36','1','isUsePhoneToBroker','是否使用手机号作为推荐号',0,'','031','是否用手机号作为推荐号：0：否 ;1：是');
INSERT INTO `categoryattr` VALUES ('031008','system','2018-03-19 18:06:36',0,'2018-03-19 18:06:36','2114-12-31 23:59:59',7,'F0A','2018-03-19 18:06:36','0','referrerModel','推荐人模式',0,'','031','推荐人模式 0--注册即为推荐人');
INSERT INTO `categoryattr` VALUES ('031009','system','2018-03-19 18:06:36',0,'2018-03-19 18:06:36','2114-12-31 23:59:59',8,'F0A','2018-03-19 18:06:36','1','commCancleMonth','取消佣金提成月数',0,'','031',NULL);
INSERT INTO `categoryattr` VALUES ('031010','system','2018-03-19 18:06:36',0,'2018-03-19 18:06:36','2114-12-31 23:59:59',9,'F0A','2018-03-19 18:06:36','10000','commCancleMoney','取消佣金提成钱数',0,'','031',NULL);
INSERT INTO `categoryattr` VALUES ('031011','system','2018-03-19 18:06:36',0,'2018-03-19 18:06:36','2114-12-31 23:59:59',10,'F0A','2018-03-19 18:06:36','2','brokerCancleMonth','取消经纪人资格月数',0,'','031',NULL);
INSERT INTO `categoryattr` VALUES ('032001','system','2018-03-19 18:06:36',0,'2018-03-19 18:06:36','2114-12-31 23:59:59',0,'F0A','2018-03-19 18:06:36','','HUIFU','汇付天下',0,'','032',NULL);
INSERT INTO `categoryattr` VALUES ('032002','system','2018-03-19 18:06:36',0,'2018-03-19 18:06:36','2114-12-31 23:59:59',1,'F0A','2018-03-19 18:06:36','','RCB','农商行配置',0,'','032',NULL);
INSERT INTO `categoryattr` VALUES ('032003','system','2018-03-19 18:06:36',0,'2018-03-19 18:06:36','2114-12-31 23:59:59',2,'F0A','2018-03-19 18:06:36','','BOC','中国银行',0,'','032',NULL);
INSERT INTO `categoryattr` VALUES ('032004','system','2018-03-19 18:06:36',0,'2018-03-19 18:06:36','2114-12-31 23:59:59',3,'F0A','2018-03-19 18:06:36','','CMB','招行配置',0,'','032',NULL);
INSERT INTO `categoryattr` VALUES ('033001','system','2018-03-19 18:06:36',0,'2018-03-19 18:06:36','2114-12-31 23:59:59',0,'F0A','2018-03-19 18:06:36','/alidata1/app/p2p/data/export','export.root','报表文件本地根路径',0,'','033',NULL);
INSERT INTO `categoryattr` VALUES ('033002','system','2018-03-19 18:06:36',0,'2018-03-19 18:06:36','2114-12-31 23:59:59',1,'F0A','2018-03-19 18:06:36','https://www.tyljd.com/','export.root.url','报表文件网络根路径',0,'','033',NULL);
INSERT INTO `categoryattr` VALUES ('034001','system','2018-03-19 18:06:36',0,'2018-03-19 18:06:36','2114-12-31 23:59:59',0,'F0A','2018-03-19 18:06:36','','2','全部',0,'','034',NULL);
INSERT INTO `categoryattr` VALUES ('034002','system','2018-03-19 18:06:36',0,'2018-03-19 18:06:36','2114-12-31 23:59:59',1,'F0A','2018-03-19 18:06:36','','0','经纪人',0,'','034',NULL);
INSERT INTO `categoryattr` VALUES ('034003','system','2018-03-19 18:06:36',0,'2018-03-19 18:06:36','2114-12-31 23:59:59',2,'F0A','2018-03-19 18:06:36','','1','经纪公司',0,'','034',NULL);
INSERT INTO `categoryattr` VALUES ('035001','system','2018-03-19 18:06:36',0,'2018-03-19 18:06:36','2114-12-31 23:59:59',0,'F0A','2018-03-19 18:06:36','','0','全部',0,'','035',NULL);
INSERT INTO `categoryattr` VALUES ('035002','system','2018-03-19 18:06:36',0,'2018-03-19 18:06:36','2114-12-31 23:59:59',1,'F0A','2018-03-19 18:06:36','','1','一级经纪',0,'','035',NULL);
INSERT INTO `categoryattr` VALUES ('035003','system','2018-03-19 18:06:36',0,'2018-03-19 18:06:36','2114-12-31 23:59:59',2,'F0A','2018-03-19 18:06:36','','2','二级经纪',0,'','035',NULL);
INSERT INTO `categoryattr` VALUES ('035004','system','2018-03-19 18:06:36',0,'2018-03-19 18:06:36','2114-12-31 23:59:59',3,'F0A','2018-03-19 18:06:36','','3','三级经纪',0,'','035',NULL);
INSERT INTO `categoryattr` VALUES ('036001','system','2018-03-19 18:06:36',0,'2018-03-19 18:06:36','2114-12-31 23:59:59',0,'F0A','2018-03-19 18:06:36','','0','0',0,'','036',NULL);
INSERT INTO `categoryattr` VALUES ('036002','system','2018-03-19 18:06:36',0,'2018-03-19 18:06:36','2114-12-31 23:59:59',1,'F0A','2018-03-19 18:06:36','','1','1',0,'','036',NULL);
INSERT INTO `categoryattr` VALUES ('036003','system','2018-03-19 18:06:36',0,'2018-03-19 18:06:36','2114-12-31 23:59:59',2,'F0A','2018-03-19 18:06:36','','2','2',0,'','036',NULL);
INSERT INTO `categoryattr` VALUES ('036004','system','2018-03-19 18:06:36',0,'2018-03-19 18:06:36','2114-12-31 23:59:59',3,'F0A','2018-03-19 18:06:36','','3','3',0,'','036',NULL);
INSERT INTO `categoryattr` VALUES ('036005','system','2018-03-19 18:06:36',0,'2018-03-19 18:06:36','2114-12-31 23:59:59',4,'F0A','2018-03-19 18:06:36','','4','4',0,'','036',NULL);
INSERT INTO `categoryattr` VALUES ('036006','system','2018-03-19 18:06:36',0,'2018-03-19 18:06:36','2114-12-31 23:59:59',5,'F0A','2018-03-19 18:06:36','','5','5',0,'','036',NULL);
INSERT INTO `categoryattr` VALUES ('037000','system','2018-03-19 18:06:36',0,'2018-03-19 18:06:36','2114-12-31 23:59:59',1,'F0A','2018-03-19 18:06:36','','0','只作为费用类型被引用(不计算)',0,'0','037',NULL);
INSERT INTO `categoryattr` VALUES ('037001','system','2018-03-19 18:06:36',0,'2018-03-19 18:06:36','2114-12-31 23:59:59',2,'F0A','2018-03-19 18:06:36','','1','全部本金',0,'1','037',NULL);
INSERT INTO `categoryattr` VALUES ('037002','system','2018-03-19 18:06:36',0,'2018-03-19 18:06:36','2114-12-31 23:59:59',3,'F0A','2018-03-19 18:06:36','','2','全部利息',0,'2','037',NULL);
INSERT INTO `categoryattr` VALUES ('037003','system','2018-03-19 18:06:36',0,'2018-03-19 18:06:36','2114-12-31 23:59:59',4,'F0A','2018-03-19 18:06:36','','3','全部本息',0,'3','037',NULL);
INSERT INTO `categoryattr` VALUES ('037004','system','2018-03-19 18:06:36',0,'2018-03-19 18:06:36','2114-12-31 23:59:59',5,'F0A','2018-03-19 18:06:36','','4','当期本金',0,'4','037',NULL);
INSERT INTO `categoryattr` VALUES ('037005','system','2018-03-19 18:06:36',0,'2018-03-19 18:06:36','2114-12-31 23:59:59',5,'F0A','2018-03-19 18:06:36','','5','当期利息',0,'5','037',NULL);
INSERT INTO `categoryattr` VALUES ('037006','system','2018-03-19 18:06:36',0,'2018-03-19 18:06:36','2114-12-31 23:59:59',5,'F0A','2018-03-19 18:06:36','','6','当期本息',0,'6','037',NULL);
INSERT INTO `categoryattr` VALUES ('037007','system','2018-03-19 18:06:36',0,'2018-03-19 18:06:36','2114-12-31 23:59:59',5,'F0A','2018-03-19 18:06:36','','7','剩余本金(包含含本期)',0,'7','037',NULL);
INSERT INTO `categoryattr` VALUES ('037008','system','2018-03-19 18:06:36',0,'2018-03-19 18:06:36','2114-12-31 23:59:59',5,'F0A','2018-03-19 18:06:36','','8','剩余本金(不含本期)',0,'8','037',NULL);
INSERT INTO `categoryattr` VALUES ('037009','system','2018-03-19 18:06:36',0,'2018-03-19 18:06:36','2114-12-31 23:59:59',5,'F0A','2018-03-19 18:06:36','','9','转让成交额',0,'9','037',NULL);
INSERT INTO `categoryattr` VALUES ('037011','system','2018-03-19 18:06:36',0,'2018-03-19 18:06:36','2114-12-31 23:59:59',5,'F0A','2018-03-19 18:06:36','','11','充值金额',0,'11','037',NULL);
INSERT INTO `categoryattr` VALUES ('037012','system','2018-03-19 18:06:36',0,'2018-03-19 18:06:36','2114-12-31 23:59:59',5,'F0A','2018-03-19 18:06:36','','12','提现金额',0,'12','037',NULL);
INSERT INTO `categoryattr` VALUES ('046001','system','2018-03-19 18:06:36',0,'2018-03-19 18:06:36','2114-12-31 23:59:59',1,'F0A','2018-03-19 18:06:36','','1','担保标',0,'','046',NULL);
INSERT INTO `categoryattr` VALUES ('046002','system','2018-03-19 18:06:36',0,'2018-03-19 18:06:36','2114-12-31 23:59:59',2,'F0A','2018-03-19 18:06:36','','2','抵押标',0,'','046',NULL);
INSERT INTO `categoryattr` VALUES ('046003','system','2018-03-19 18:06:36',0,'2018-03-19 18:06:36','2114-12-31 23:59:59',3,'F0A','2018-03-19 18:06:36','','3','信用标',0,'','046',NULL);
INSERT INTO `categoryattr` VALUES ('047001','system','2018-03-19 18:06:36',0,'2018-03-19 18:06:36','2114-12-31 23:59:59',1,'F0A','2018-03-19 18:06:36','0','1','3个月',0,'3','047',NULL);
INSERT INTO `categoryattr` VALUES ('047002','system','2018-03-19 18:06:36',0,'2018-03-19 18:06:36','2114-12-31 23:59:59',2,'F0A','2018-03-19 18:06:36','3','2','6个月',0,'6','047',NULL);
INSERT INTO `categoryattr` VALUES ('047003','system','2018-03-19 18:06:36',0,'2018-03-19 18:06:36','2114-12-31 23:59:59',3,'F0A','2018-03-19 18:06:36','6','3','1年',0,'12','047',NULL);
INSERT INTO `categoryattr` VALUES ('047004','system','2018-03-19 18:06:36',0,'2018-03-19 18:06:36','2114-12-31 23:59:59',4,'F0A','2018-03-19 18:06:36','12','4','1年以上',0,'-1','047',NULL);
INSERT INTO `categoryattr` VALUES ('048001','system','2018-03-19 18:06:36',0,'2018-03-19 18:06:36','2114-12-31 23:59:59',1,'F0A','2018-03-19 18:06:36','0','1','10%以下',0,'10','048',NULL);
INSERT INTO `categoryattr` VALUES ('048002','system','2018-03-19 18:06:36',0,'2018-03-19 18:06:36','2114-12-31 23:59:59',2,'F0A','2018-03-19 18:06:36','10','2','10%-13%',0,'13','048',NULL);
INSERT INTO `categoryattr` VALUES ('048003','system','2018-03-19 18:06:36',0,'2018-03-19 18:06:36','2114-12-31 23:59:59',3,'F0A','2018-03-19 18:06:36','13','3','13%-15%',0,'15','048',NULL);
INSERT INTO `categoryattr` VALUES ('048004','system','2018-03-19 18:06:36',0,'2018-03-19 18:06:36','2114-12-31 23:59:59',4,'F0A','2018-03-19 18:06:36','15','4','15%',0,'-1','048',NULL);
INSERT INTO `categoryattr` VALUES ('049001','system','2018-03-19 18:06:36',0,'2018-03-19 18:06:36','2114-12-31 23:59:59',1,'F0A','2018-03-19 18:06:36','0','1','1万以下',0,'10000','049',NULL);
INSERT INTO `categoryattr` VALUES ('049002','system','2018-03-19 18:06:36',0,'2018-03-19 18:06:36','2114-12-31 23:59:59',2,'F0A','2018-03-19 18:06:36','10000','2','1万-3万',0,'30000','049',NULL);
INSERT INTO `categoryattr` VALUES ('049003','system','2018-03-19 18:06:36',0,'2018-03-19 18:06:36','2114-12-31 23:59:59',3,'F0A','2018-03-19 18:06:36','30000','3','3万-5万',0,'50000','049',NULL);
INSERT INTO `categoryattr` VALUES ('049004','system','2018-03-19 18:06:36',0,'2018-03-19 18:06:36','2114-12-31 23:59:59',4,'F0A','2018-03-19 18:06:36','50000','4','5万以上',0,'-1','049',NULL);
INSERT INTO `categoryattr` VALUES ('050001','system','2018-03-19 18:06:36',0,'2018-03-19 18:06:36','2114-12-31 23:59:59',1,'F0A','2018-03-19 18:06:36','001','001','人民币',0,'','050',NULL);
INSERT INTO `categoryattr` VALUES ('051001','system','2018-03-19 18:06:36',0,'2018-03-19 18:06:36','2114-12-31 23:59:59',1,'F0A','2018-03-19 18:06:36','','1','3000元以下',0,'','051',NULL);
INSERT INTO `categoryattr` VALUES ('051002','system','2018-03-19 18:06:36',0,'2018-03-19 18:06:36','2114-12-31 23:59:59',2,'F0A','2018-03-19 18:06:36','','2','3000-5000元',0,'','051',NULL);
INSERT INTO `categoryattr` VALUES ('051003','system','2018-03-19 18:06:36',0,'2018-03-19 18:06:36','2114-12-31 23:59:59',3,'F0A','2018-03-19 18:06:36','','3','5000-8000元',0,'','051',NULL);
INSERT INTO `categoryattr` VALUES ('051004','system','2018-03-19 18:06:36',0,'2018-03-19 18:06:36','2114-12-31 23:59:59',4,'F0A','2018-03-19 18:06:36','','4','8000-10000元',0,'','051',NULL);
INSERT INTO `categoryattr` VALUES ('051005','system','2018-03-19 18:06:36',0,'2018-03-19 18:06:36','2114-12-31 23:59:59',5,'F0A','2018-03-19 18:06:36','','5','10000-20000元',0,'','051',NULL);
INSERT INTO `categoryattr` VALUES ('051006','system','2018-03-19 18:06:36',0,'2018-03-19 18:06:36','2114-12-31 23:59:59',6,'F0A','2018-03-19 18:06:36','','6','20000元以上',0,'','051',NULL);
INSERT INTO `categoryattr` VALUES ('052001','system','2018-03-19 18:06:36',0,'2018-03-19 18:06:36','2114-12-31 23:59:59',1,'F0A','2018-03-19 18:06:36','','1','专科及以下',0,'','052',NULL);
INSERT INTO `categoryattr` VALUES ('052002','system','2018-03-19 18:06:36',0,'2018-03-19 18:06:36','2114-12-31 23:59:59',2,'F0A','2018-03-19 18:06:36','','2','本科',0,'','052',NULL);
INSERT INTO `categoryattr` VALUES ('052003','system','2018-03-19 18:06:36',0,'2018-03-19 18:06:36','2114-12-31 23:59:59',3,'F0A','2018-03-19 18:06:36','','3','硕士',0,'','052',NULL);
INSERT INTO `categoryattr` VALUES ('052004','system','2018-03-19 18:06:36',0,'2018-03-19 18:06:36','2114-12-31 23:59:59',4,'F0A','2018-03-19 18:06:36','','4','博士及以上',0,'','052',NULL);
INSERT INTO `categoryattr` VALUES ('053001','system','2018-03-19 18:06:36',0,'2018-03-19 18:06:36','2114-12-31 23:59:59',1,'F0A','2018-03-19 18:06:36','农、林、牧、渔业','1','农、林、牧、渔业',0,'','053',NULL);
INSERT INTO `categoryattr` VALUES ('053002','system','2018-03-19 18:06:36',0,'2018-03-19 18:06:36','2114-12-31 23:59:59',2,'F0A','2018-03-19 18:06:36','采矿业','2','采矿业',0,'','053',NULL);
INSERT INTO `categoryattr` VALUES ('053003','system','2018-03-19 18:06:36',0,'2018-03-19 18:06:36','2114-12-31 23:59:59',3,'F0A','2018-03-19 18:06:36','制造业','3','制造业',0,'','053',NULL);
INSERT INTO `categoryattr` VALUES ('053004','system','2018-03-19 18:06:36',0,'2018-03-19 18:06:36','2114-12-31 23:59:59',4,'F0A','2018-03-19 18:06:36','电力、热力、燃气及水生产和供应业','4','电力、热力、燃气及水生产和供应业',0,'','053',NULL);
INSERT INTO `categoryattr` VALUES ('053005','system','2018-03-19 18:06:36',0,'2018-03-19 18:06:36','2114-12-31 23:59:59',5,'F0A','2018-03-19 18:06:36','建筑业','5','建筑业',0,'','053',NULL);
INSERT INTO `categoryattr` VALUES ('053006','system','2018-03-19 18:06:36',0,'2018-03-19 18:06:36','2114-12-31 23:59:59',6,'F0A','2018-03-19 18:06:36','批发和零售业','6','批发和零售业',0,'','053',NULL);
INSERT INTO `categoryattr` VALUES ('053007','system','2018-03-19 18:06:36',0,'2018-03-19 18:06:36','2114-12-31 23:59:59',7,'F0A','2018-03-19 18:06:36','交通运输、仓储和邮政业','7','交通运输、仓储和邮政业',0,'','053',NULL);
INSERT INTO `categoryattr` VALUES ('053008','system','2018-03-19 18:06:36',0,'2018-03-19 18:06:36','2114-12-31 23:59:59',8,'F0A','2018-03-19 18:06:36','住宿和餐饮业','8','住宿和餐饮业',0,'','053',NULL);
INSERT INTO `categoryattr` VALUES ('053009','system','2018-03-19 18:06:36',0,'2018-03-19 18:06:36','2114-12-31 23:59:59',9,'F0A','2018-03-19 18:06:36','信息传输、软件和信息技术服务业','9','信息传输、软件和信息技术服务业',0,'','053',NULL);
INSERT INTO `categoryattr` VALUES ('053010','system','2018-03-19 18:06:36',0,'2018-03-19 18:06:36','2114-12-31 23:59:59',10,'F0A','2018-03-19 18:06:36','金融业','10','金融业',0,'','053',NULL);
INSERT INTO `categoryattr` VALUES ('053011','system','2018-03-19 18:06:36',0,'2018-03-19 18:06:36','2114-12-31 23:59:59',11,'F0A','2018-03-19 18:06:36','房地产业','11','房地产业',0,'','053',NULL);
INSERT INTO `categoryattr` VALUES ('053012','system','2018-03-19 18:06:36',0,'2018-03-19 18:06:36','2114-12-31 23:59:59',12,'F0A','2018-03-19 18:06:36','租赁和商务服务业','12','租赁和商务服务业',0,'','053',NULL);
INSERT INTO `categoryattr` VALUES ('053013','system','2018-03-19 18:06:36',0,'2018-03-19 18:06:36','2114-12-31 23:59:59',13,'F0A','2018-03-19 18:06:36','科学研究和技术服务业','13','科学研究和技术服务业',0,'','053',NULL);
INSERT INTO `categoryattr` VALUES ('053014','system','2018-03-19 18:06:36',0,'2018-03-19 18:06:36','2114-12-31 23:59:59',14,'F0A','2018-03-19 18:06:36','水利、环境和公共设施管理业','14','水利、环境和公共设施管理业',0,'','053',NULL);
INSERT INTO `categoryattr` VALUES ('053015','system','2018-03-19 18:06:36',0,'2018-03-19 18:06:36','2114-12-31 23:59:59',15,'F0A','2018-03-19 18:06:36','居民服务、修理和其他服务业','15','居民服务、修理和其他服务业',0,'','053',NULL);
INSERT INTO `categoryattr` VALUES ('053016','system','2018-03-19 18:06:36',0,'2018-03-19 18:06:36','2114-12-31 23:59:59',16,'F0A','2018-03-19 18:06:36','教育','16','教育',0,'','053',NULL);
INSERT INTO `categoryattr` VALUES ('053017','system','2018-03-19 18:06:36',0,'2018-03-19 18:06:36','2114-12-31 23:59:59',17,'F0A','2018-03-19 18:06:36','卫生和社会工作','17','卫生和社会工作',0,'','053',NULL);
INSERT INTO `categoryattr` VALUES ('053018','system','2018-03-19 18:06:36',0,'2018-03-19 18:06:36','2114-12-31 23:59:59',18,'F0A','2018-03-19 18:06:36','文化、体育和娱乐业','18','文化、体育和娱乐业',0,'','053',NULL);
INSERT INTO `categoryattr` VALUES ('053019','system','2018-03-19 18:06:36',0,'2018-03-19 18:06:36','2114-12-31 23:59:59',19,'F0A','2018-03-19 18:06:36','公共管理、社会保障和社会组织','19','公共管理、社会保障和社会组织',0,'','053',NULL);
INSERT INTO `categoryattr` VALUES ('053020','system','2018-03-19 18:06:36',0,'2018-03-19 18:06:36','2114-12-31 23:59:59',20,'F0A','2018-03-19 18:06:36','国际组织','20','国际组织',0,'','053',NULL);
INSERT INTO `categoryattr` VALUES ('054001','system','2018-03-19 18:06:36',0,'2018-03-19 18:06:36','2114-12-31 23:59:59',1,'F0A','2018-03-19 18:06:36','','0','夫妻 ',0,'','054',NULL);
INSERT INTO `categoryattr` VALUES ('054002','system','2018-03-19 18:06:36',0,'2018-03-19 18:06:36','2114-12-31 23:59:59',2,'F0A','2018-03-19 18:06:36','','1','父母',0,'','054',NULL);
INSERT INTO `categoryattr` VALUES ('054003','system','2018-03-19 18:06:36',0,'2018-03-19 18:06:36','2114-12-31 23:59:59',3,'F0A','2018-03-19 18:06:36','','2','子女',0,'','054',NULL);
INSERT INTO `categoryattr` VALUES ('054004','system','2018-03-19 18:06:36',0,'2018-03-19 18:06:36','2114-12-31 23:59:59',4,'F0A','2018-03-19 18:06:36','','3','亲友 ',0,'','054',NULL);
INSERT INTO `categoryattr` VALUES ('054005','system','2018-03-19 18:06:36',0,'2018-03-19 18:06:36','2114-12-31 23:59:59',5,'F0A','2018-03-19 18:06:36','','4','朋友',0,'','054',NULL);
INSERT INTO `categoryattr` VALUES ('054006','system','2018-03-19 18:06:36',0,'2018-03-19 18:06:36','2114-12-31 23:59:59',6,'F0A','2018-03-19 18:06:36','','5','同学',0,'','054',NULL);
INSERT INTO `categoryattr` VALUES ('054007','system','2018-03-19 18:06:36',0,'2018-03-19 18:06:36','2114-12-31 23:59:59',7,'F0A','2018-03-19 18:06:36','','6','战友',0,'','054',NULL);
INSERT INTO `categoryattr` VALUES ('055001','system','2018-03-19 18:06:36',0,'2018-03-19 18:06:36','2114-12-31 23:59:59',1,'F0A','2018-03-19 18:06:36','','0','女 ',0,'','055',NULL);
INSERT INTO `categoryattr` VALUES ('055002','system','2018-03-19 18:06:36',0,'2018-03-19 18:06:36','2114-12-31 23:59:59',2,'F0A','2018-03-19 18:06:36','','1','男',0,'','055',NULL);
INSERT INTO `categoryattr` VALUES ('056001','system','2018-03-19 18:06:36',0,'2018-03-19 18:06:36','2114-12-31 23:59:59',1,'F0A','2018-03-19 18:06:36','','BOC','中国银行 ',0,'','056',NULL);
INSERT INTO `categoryattr` VALUES ('057001','system','2018-03-19 18:06:36',0,'2018-03-19 18:06:36','2114-12-31 23:59:59',1,'F0A','2018-03-19 18:06:36','120','orderTimeout','订单超时时间 ',0,'','057',NULL);
INSERT INTO `categoryattr` VALUES ('057002','system','2018-03-19 18:06:36',0,'2018-03-19 18:06:36','2114-12-31 23:59:59',2,'F0A','2018-03-19 18:06:36','3','rechargeApplyTimeout','充值提现超时时间',0,'','057',NULL);
INSERT INTO `categoryattr` VALUES ('058001','system','2018-03-19 18:06:36',0,'2018-03-19 18:06:36','2114-12-31 23:59:59',1,'F0A','2018-03-19 18:06:36','622760000011111110','pubCollectionCard','公共归集卡号 ',0,'','058',NULL);
INSERT INTO `categoryattr` VALUES ('058002','system','2018-03-19 18:06:36',0,'2018-03-19 18:06:36','2114-12-31 23:59:59',2,'F0A','2018-03-19 18:06:36','622760000022222220','pubLoanCard','公共放款卡号 ',0,'','058',NULL);
INSERT INTO `categoryattr` VALUES ('058003','system','2018-03-19 18:06:36',0,'2018-03-19 18:06:36','2114-12-31 23:59:59',3,'F0A','2018-03-19 18:06:36','62276000003333330','pubRepayCard','公共还款卡号 ',0,'','058',NULL);
INSERT INTO `categoryattr` VALUES ('059001','system','2018-03-19 18:06:36',0,'2018-03-19 18:06:36','2114-12-31 23:59:59',1,'F0A','2018-03-19 18:06:36','','100100','投资',0,'','059',NULL);
INSERT INTO `categoryattr` VALUES ('059002','system','2018-03-19 18:06:36',0,'2018-03-19 18:06:36','2114-12-31 23:59:59',3,'F0A','2018-03-19 18:06:36','','100500','借款',0,'','059',NULL);
INSERT INTO `categoryattr` VALUES ('059003','system','2018-03-19 18:06:36',0,'2018-03-19 18:06:36','2114-12-31 23:59:59',4,'F0A','2018-03-19 18:06:36','','100600','还款',0,'','059',NULL);
INSERT INTO `categoryattr` VALUES ('059004','system','2018-03-19 18:06:36',0,'2018-03-19 18:06:36','2114-12-31 23:59:59',2,'F0A','2018-03-19 18:06:36','','100700','收款',0,'','059',NULL);
INSERT INTO `categoryattr` VALUES ('059005','system','2018-03-19 18:06:36',0,'2018-03-19 18:06:36','2114-12-31 23:59:59',5,'F0A','2018-03-19 18:06:36','','100102','退款',0,'','059',NULL);
INSERT INTO `categoryattr` VALUES ('059006','system','2018-03-19 18:06:36',0,'2018-03-19 18:06:36','2114-12-31 23:59:59',6,'F0A','2018-03-19 18:06:36','','200200','逾期利息',0,'','059',NULL);
INSERT INTO `categoryattr` VALUES ('059007','system','2018-03-19 18:06:36',0,'2018-03-19 18:06:36','2114-12-31 23:59:59',7,'F0A','2018-03-19 18:06:36','','300011','债权转让服务费',0,'','059',NULL);
INSERT INTO `categoryattr` VALUES ('059008','system','2018-03-19 18:06:36',0,'2018-03-19 18:06:36','2114-12-31 23:59:59',8,'F0A','2018-03-19 18:06:36','','100300','充值',0,'','059',NULL);
INSERT INTO `categoryattr` VALUES ('059009','system','2018-03-19 18:06:36',0,'2018-03-19 18:06:36','2114-12-31 23:59:59',9,'F0A','2018-03-19 18:06:36','','100400','提现',0,'','059',NULL);
INSERT INTO `categoryattr` VALUES ('059010','system','2018-03-19 18:06:36',0,'2018-03-19 18:06:36','2114-12-31 23:59:59',10,'F0A','2018-03-19 18:06:36','','100200','债权转让',0,'','059',NULL);
INSERT INTO `categoryattr` VALUES ('060001','system','2018-03-19 18:06:36',0,'2018-03-19 18:06:36','2114-12-31 23:59:59',1,'F0A','2018-03-19 18:06:36','','0','服务费',0,'','060',NULL);
INSERT INTO `categoryattr` VALUES ('060002','system','2018-03-19 18:06:36',0,'2018-03-19 18:06:36','2114-12-31 23:59:59',2,'F0A','2018-03-19 18:06:36','','1','担保费',0,'','060',NULL);
INSERT INTO `categoryattr` VALUES ('060003','system','2018-03-19 18:06:36',0,'2018-03-19 18:06:36','2114-12-31 23:59:59',3,'F0A','2018-03-19 18:06:36','','2','管理费',0,'','060',NULL);
INSERT INTO `categoryattr` VALUES ('060004','system','2018-03-19 18:06:36',0,'2018-03-19 18:06:36','2114-12-31 23:59:59',4,'F0A','2018-03-19 18:06:36','','3','其他费用',0,'','060',NULL);
INSERT INTO `categoryattr` VALUES ('061001','system','2018-03-19 18:06:36',0,'2018-03-19 18:06:36','2114-12-31 23:59:59',1,'F0A','2018-03-19 18:06:36','','200','逾期罚息',0,'','061',NULL);
INSERT INTO `categoryattr` VALUES ('061002','system','2018-03-19 18:06:36',0,'2018-03-19 18:06:36','2114-12-31 23:59:59',2,'F0A','2018-03-19 18:06:36','','201','平台服务费',0,'','061',NULL);
INSERT INTO `categoryattr` VALUES ('061003','system','2018-03-19 18:06:36',0,'2018-03-19 18:06:36','2114-12-31 23:59:59',3,'F0A','2018-03-19 18:06:36','','202','平台手续费',0,'','061',NULL);
INSERT INTO `categoryattr` VALUES ('061004','system','2018-03-19 18:06:36',0,'2018-03-19 18:06:36','2114-12-31 23:59:59',4,'F0A','2018-03-19 18:06:36','','203','追偿罚息',0,'','061',NULL);
INSERT INTO `categoryattr` VALUES ('061005','system','2018-03-19 18:06:36',0,'2018-03-19 18:06:36','2114-12-31 23:59:59',5,'F0A','2018-03-19 18:06:36','','204','项目担保费',0,'','061',NULL);
INSERT INTO `categoryattr` VALUES ('061006','system','2018-03-19 18:06:36',0,'2018-03-19 18:06:36','2114-12-31 23:59:59',6,'F0A','2018-03-19 18:06:36','','205','渠道服务费',0,'','061',NULL);
INSERT INTO `categoryattr` VALUES ('061007','system','2018-03-19 18:06:36',0,'2018-03-19 18:06:36','2114-12-31 23:59:59',7,'F0A','2018-03-19 18:06:36','','999','其他费用',0,'','061',NULL);
INSERT INTO `categoryattr` VALUES ('062001','system','2018-03-19 18:06:36',0,'2018-03-19 18:06:36','2114-12-31 23:59:59',1,'F0A','2018-03-19 18:06:36','4','productNum','首页推荐显示数量-项目',1,'','062',NULL);
INSERT INTO `categoryattr` VALUES ('063000','system','2018-03-19 18:06:36',0,'2018-03-19 18:06:36','2114-12-31 23:59:59',0,'F0A','2018-03-19 18:06:36','0','0','待发送',1,'','063',NULL);
INSERT INTO `categoryattr` VALUES ('063001','system','2018-03-19 18:06:36',0,'2018-03-19 18:06:36','2114-12-31 23:59:59',1,'F0A','2018-03-19 18:06:36','1','1','发送成功',1,'','063',NULL);
INSERT INTO `categoryattr` VALUES ('063002','system','2018-03-19 18:06:36',0,'2018-03-19 18:06:36','2114-12-31 23:59:59',2,'F0A','2018-03-19 18:06:36','2','2','发送失败',1,'','063',NULL);
INSERT INTO `categoryattr` VALUES ('064000','system','2018-03-19 18:06:36',0,'2018-03-19 18:06:36','2114-12-31 23:59:59',0,'F0A','2018-03-19 18:06:36','1','isRechargeValid','是否支持充值',0,'','064',NULL);
INSERT INTO `categoryattr` VALUES ('064001','system','2018-03-19 18:06:36',0,'2018-03-19 18:06:36','2114-12-31 23:59:59',1,'F0A','2018-03-19 18:06:36','1','isCashValid','是否支持提现',0,'','064',NULL);
INSERT INTO `categoryattr` VALUES ('064002','system','2018-03-19 18:06:36',0,'2018-03-19 18:06:36','2114-12-31 23:59:59',1,'F0A','2018-03-19 18:06:36','0','isPayPwdEditValid','是否支持支付密码',0,'','064',NULL);
INSERT INTO `categoryattr` VALUES ('064004','system','2018-03-19 18:06:36',0,'2018-03-19 18:06:36','2114-12-31 23:59:59',1,'F0A','2018-03-19 18:06:36','0','isOrderModeValid','是否支持订单模式',0,'','064',NULL);
INSERT INTO `categoryattr` VALUES ('064005','system','2018-03-19 18:06:36',0,'2018-03-19 18:06:36','2114-12-31 23:59:59',1,'F0A','2018-03-19 18:06:36','0','isSimpleTradeRecord','是否精简交易记录',0,'','064',NULL);
INSERT INTO `categoryattr` VALUES ('064006','system','2018-03-19 18:06:36',0,'2018-03-19 18:06:36','2114-12-31 23:59:59',1,'F0A','2018-03-19 18:06:36','0','isFrontRepayExport','是否显示前台还款报表',0,'','064',NULL);
INSERT INTO `categoryattr` VALUES ('064007','system','2018-03-19 18:06:36',0,'2018-03-19 18:06:36','2114-12-31 23:59:59',1,'F0A','2018-03-19 18:06:36','1','isSimpleUserSummary','是否精简账户概要',0,'','064',NULL);
INSERT INTO `categoryattr` VALUES ('064008','system','2018-03-19 18:06:36',0,'2018-03-19 18:06:36','2114-12-31 23:59:59',1,'F0A','2018-03-19 18:06:36','0','isSimpleApply','是否精简借款申请',0,'','064',NULL);
INSERT INTO `categoryattr` VALUES ('064011','system','2018-03-19 18:06:36',0,'2018-03-19 18:06:36','2114-12-31 23:59:59',1,'F0A','2018-03-19 18:06:36','1','isShowCountdown','是否显示投标倒计时',0,'','064',NULL);
INSERT INTO `categoryattr` VALUES ('064012','system','2018-03-19 18:06:36',0,'2018-03-19 18:06:36','2114-12-31 23:59:59',1,'F0A','2018-03-19 18:06:36','1','isSaveContractOnFullscale','是否满标时生成并保存合同',0,'','064',NULL);
INSERT INTO `categoryattr` VALUES ('065000','system','2018-03-19 18:06:36',0,'2018-03-19 18:06:36','2114-12-31 23:59:59',0,'F0A','2018-03-19 18:06:36','1','isTransferValid','是否启用债权转让',0,'','065',NULL);
INSERT INTO `categoryattr` VALUES ('065001','system','2018-03-19 18:06:36',0,'2018-03-19 18:06:36','2114-12-31 23:59:59',1,'F0A','2018-03-19 18:06:36','0.1000','serviceFees','服务费',0,'','065','');
INSERT INTO `categoryattr` VALUES ('065002','system','2018-03-19 18:06:36',0,'2018-03-19 18:06:36','2114-12-31 23:59:59',1,'F0A','2018-03-19 18:06:36','0','dayCalculateFlag','服务费按天计算',0,'','065','');
INSERT INTO `categoryattr` VALUES ('065003','system','2018-03-19 18:06:36',0,'2018-03-19 18:06:36','2114-12-31 23:59:59',1,'F0A','2018-03-19 18:06:36','1','minHoldTime','持有天数限制',0,'','065',NULL);
INSERT INTO `categoryattr` VALUES ('065004','system','2018-03-19 18:06:36',0,'2018-03-19 18:06:36','2114-12-31 23:59:59',1,'F0A','2018-03-19 18:06:36','1','holdTimeoutLimit','临到期限制',0,'','065',NULL);
INSERT INTO `categoryattr` VALUES ('065005','system','2018-03-19 18:06:36',0,'2018-03-19 18:06:36','2114-12-31 23:59:59',1,'F0A','2018-03-19 18:06:36','1.00','minHoldAmount','债权金额限制',0,'','065',NULL);
INSERT INTO `categoryattr` VALUES ('065006','system','2018-03-19 18:06:36',0,'2018-03-19 18:06:36','2114-12-31 23:59:59',1,'F0A','2018-03-19 18:06:36','5','maxTransferTime','转让最大期限',0,'','065',NULL);
INSERT INTO `categoryattr` VALUES ('065007','system','2018-03-19 18:06:36',0,'2018-03-19 18:06:36','2114-12-31 23:59:59',1,'F0A','2018-03-19 18:06:36','1','discount','转让折扣费率',0,'','065','');
INSERT INTO `categoryattr` VALUES ('065008','system','2018-03-19 18:06:36',0,'2018-03-19 18:06:36','2114-12-31 23:59:59',1,'F0A','2018-03-19 18:06:36','0','allowSplitTransfer','是否允许拆分转让',0,'','065','');
INSERT INTO `categoryattr` VALUES ('065009','system','2018-03-19 18:06:36',0,'2018-03-19 18:06:36','2114-12-31 23:59:59',2,'F0A','2018-03-19 18:06:36','1','allowSplitBuy','是否允许拆分购买',0,'','065',NULL);
INSERT INTO `categoryattr` VALUES ('065010','system','2018-03-19 18:06:36',0,'2018-03-19 18:06:36','2114-12-31 23:59:59',2,'F0A','2018-03-19 18:06:36','0','allowTransferAgain','是否允许再次转让',0,'','065','');
INSERT INTO `categoryattr` VALUES ('065011','system','2018-03-19 18:06:36',0,'2018-03-19 18:06:36','2114-12-31 23:59:59',2,'F0A','2018-03-19 18:06:36','1','maxDiscount','转让折扣上限',0,'','065',NULL);
INSERT INTO `categoryattr` VALUES ('065012','system','2018-03-19 18:06:36',0,'2018-03-19 18:06:36','2114-12-31 23:59:59',2,'F0A','2018-03-19 18:06:36','0.90','minDiscount','转让折扣下限',0,'','065',NULL);
INSERT INTO `categoryattr` VALUES ('066001','system','2018-03-19 18:06:36',0,'2018-03-19 18:06:36','2114-12-31 23:59:59',1,'F0A','2018-03-19 18:06:36','0','0','正常标',0,'','066',NULL);
INSERT INTO `categoryattr` VALUES ('066002','system','2018-03-19 18:06:36',0,'2018-03-19 18:06:36','2114-12-31 23:59:59',1,'F0A','2018-03-19 18:06:36','2','1','新手标',0,'','066',NULL);
INSERT INTO `categoryattr` VALUES ('066003','system','2018-03-19 18:06:36',0,'2018-03-19 18:06:36','2114-12-31 23:59:59',1,'F0A','2018-03-19 18:06:36','4','2','移动端专享',0,'','066',NULL);
INSERT INTO `categoryattr` VALUES ('066004','system','2018-03-19 18:06:36',0,'2018-03-19 18:06:36','2114-12-31 23:59:59',1,'F0A','2018-03-19 18:06:36','8','3','移动端加息',0,'','066',NULL);
INSERT INTO `categoryattr` VALUES ('080001','system','2018-03-19 18:06:36',0,'2018-03-19 18:06:36','2114-12-31 23:59:59',1,'F0A','2018-03-19 18:06:36','','before.newTender.onLine.notice','新标上线公告前',0,'','080',NULL);
INSERT INTO `categoryattr` VALUES ('080002','system','2018-03-19 18:06:36',0,'2018-03-19 18:06:36','2114-12-31 23:59:59',2,'F0A','2018-03-19 18:06:36','','before.register.send.mCheckCode','注册前发送短信验证码',0,'','080',NULL);
INSERT INTO `categoryattr` VALUES ('080003','system','2018-03-19 18:06:36',0,'2018-03-19 18:06:36','2114-12-31 23:59:59',3,'F0A','2018-03-19 18:06:36','','bid.income.account.notice','投标收益到账通知',0,'','080',NULL);
INSERT INTO `categoryattr` VALUES ('080004','system','2018-03-19 18:06:36',0,'2018-03-19 18:06:36','2114-12-31 23:59:59',4,'F0A','2018-03-19 18:06:36','','bless.feastival','节日',0,'','080',NULL);
INSERT INTO `categoryattr` VALUES ('080005','system','2018-03-19 18:06:36',0,'2018-03-19 18:06:36','2114-12-31 23:59:59',5,'F0A','2018-03-19 18:06:36','','custom.message','自定义消息',0,'','080',NULL);
INSERT INTO `categoryattr` VALUES ('080006','system','2018-03-19 18:06:36',0,'2018-03-19 18:06:36','2114-12-31 23:59:59',6,'F0A','2018-03-19 18:06:36','','flow.order.notice','流标通知',0,'','080',NULL);
INSERT INTO `categoryattr` VALUES ('080007','system','2018-03-19 18:06:36',0,'2018-03-19 18:06:36','2114-12-31 23:59:59',7,'F0A','2018-03-19 18:06:36','','loan.notice','放款通知（财务点击放款）',0,'','080',NULL);
INSERT INTO `categoryattr` VALUES ('080008','system','2018-03-19 18:06:36',0,'2018-03-19 18:06:36','2114-12-31 23:59:59',8,'F0A','2018-03-19 18:06:36','','member.birthday','用户生日',0,'','080',NULL);
INSERT INTO `categoryattr` VALUES ('080009','system','2018-03-19 18:06:36',0,'2018-03-19 18:06:36','2114-12-31 23:59:59',9,'F0A','2018-03-19 18:06:36','','modify.member.information','修改用户资料',0,'','080',NULL);
INSERT INTO `categoryattr` VALUES ('080010','system','2018-03-19 18:06:36',0,'2018-03-19 18:06:36','2114-12-31 23:59:59',10,'F0A','2018-03-19 18:06:36','','modify.member.information.success','修改用户资料成功',0,'','080',NULL);
INSERT INTO `categoryattr` VALUES ('080011','system','2018-03-19 18:06:36',0,'2018-03-19 18:06:36','2114-12-31 23:59:59',11,'F0A','2018-03-19 18:06:36','','order.pay.cancel','订单取消（订单未支付）',0,'','080',NULL);
INSERT INTO `categoryattr` VALUES ('080012','system','2018-03-19 18:06:36',0,'2018-03-19 18:06:36','2114-12-31 23:59:59',12,'F0A','2018-03-19 18:06:36','','order.pay.success','支付成功',0,'','080',NULL);
INSERT INTO `categoryattr` VALUES ('080013','system','2018-03-19 18:06:36',0,'2018-03-19 18:06:36','2114-12-31 23:59:59',13,'F0A','2018-03-19 18:06:36','','order.success.paying','下单成功支付中',0,'','080',NULL);
INSERT INTO `categoryattr` VALUES ('080014','system','2018-03-19 18:06:36',0,'2018-03-19 18:06:36','2114-12-31 23:59:59',14,'F0A','2018-03-19 18:06:36','','overdue.repayment.notice','逾期未还款通知',0,'','080',NULL);
INSERT INTO `categoryattr` VALUES ('080015','system','2018-03-19 18:06:36',0,'2018-03-19 18:06:36','2114-12-31 23:59:59',15,'F0A','2018-03-19 18:06:36','','refund.notice','退款通知',0,'','080',NULL);
INSERT INTO `categoryattr` VALUES ('080016','system','2018-03-19 18:06:36',0,'2018-03-19 18:06:36','2114-12-31 23:59:59',16,'F0A','2018-03-19 18:06:36','','register.success','注册成功',0,'','080',NULL);
INSERT INTO `categoryattr` VALUES ('080017','system','2018-03-19 18:06:36',0,'2018-03-19 18:06:36','2114-12-31 23:59:59',17,'F0A','2018-03-19 18:06:36','','repayment.reminder','还款提醒',0,'','080',NULL);
INSERT INTO `categoryattr` VALUES ('080018','system','2018-03-19 18:06:36',0,'2018-03-19 18:06:36','2114-12-31 23:59:59',18,'F0A','2018-03-19 18:06:36','','repayment.sure.notice','还款确认通知',0,'','080',NULL);
INSERT INTO `categoryattr` VALUES ('080019','system','2018-03-19 18:06:36',0,'2018-03-19 18:06:36','2114-12-31 23:59:59',19,'F0A','2018-03-19 18:06:36','','reset.pwd.send.mCheckCode','重置密码发送验证码',0,'','080',NULL);
INSERT INTO `categoryattr` VALUES ('080020','system','2018-03-19 18:06:36',0,'2018-03-19 18:06:36','2114-12-31 23:59:59',20,'F0A','2018-03-19 18:06:36','','coupon.success.message','红包发放成功',0,'','080',NULL);
INSERT INTO `categoryattr` VALUES ('080021','system','2018-03-19 18:06:36',0,'2018-03-19 18:06:36','2114-12-31 23:59:59',21,'F0A','2018-03-19 18:06:36','','recharge.success.message','充值成功',0,'','080',NULL);
INSERT INTO `categoryattr` VALUES ('080022','system','2018-03-19 18:06:36',0,'2018-03-19 18:06:36','2114-12-31 23:59:59',22,'F0A','2018-03-19 18:06:36','','cash.success.message','提现成功',0,'','080',NULL);
INSERT INTO `categoryattr` VALUES ('080023','system','2018-03-19 18:06:36',0,'2018-03-19 18:06:36','2114-12-31 23:59:59',23,'F0A','2018-03-19 18:06:36','','brokers.commission.present','经纪人佣金提现',0,'','080',NULL);
INSERT INTO `categoryattr` VALUES ('080024','system','2018-03-19 18:06:36',0,'2018-03-19 18:06:36','2114-12-31 23:59:59',24,'F0A','2018-03-19 18:06:36','','credit.originalBorrower.success','债权转让购买成功发信息给原始融资人',0,'','080',NULL);
INSERT INTO `categoryattr` VALUES ('080025','system','2018-03-19 18:06:36',0,'2018-03-19 18:06:36','2114-12-31 23:59:59',25,'F0A','2018-03-19 18:06:36','','credit.sellCredit.success','债权转让购买成功发信息给出让人',0,'','080',NULL);
INSERT INTO `categoryattr` VALUES ('080026','system','2018-03-19 18:06:36',0,'2018-03-19 18:06:36','2114-12-31 23:59:59',26,'F0A','2018-03-19 18:06:36','','credit.buyCredit.success','债权转让购买成功发信息给受让人',0,'','080',NULL);
INSERT INTO `categoryattr` VALUES ('080027','system','2018-03-19 18:06:36',0,'2018-03-19 18:06:36','2114-12-31 23:59:59',27,'F0A','2018-03-19 18:06:36','','send.coupon.success','发放优惠券成功',0,'','080',NULL);
INSERT INTO `categoryattr` VALUES ('080028','system','2018-03-19 18:06:36',0,'2018-03-19 18:06:36','2114-12-31 23:59:59',28,'F0A','2018-03-19 18:06:36','','before.abandoned.coupon.notice','即将过期优惠券',0,'','080',NULL);
INSERT INTO `categoryattr` VALUES ('080029','system','2018-03-19 18:06:36',0,'2018-03-19 18:06:36','2114-12-31 23:59:59',27,'F0A','2018-03-19 18:06:36','','send.coupon.success','自动投标下单成功',0,'','080',NULL);
INSERT INTO `categoryattr` VALUES ('081001','system','2018-03-19 18:06:36',0,'2018-03-19 18:06:36','2114-12-31 23:59:59',1,'F0A','2018-03-19 18:06:36','','1','产融宝',0,'','081',NULL);
INSERT INTO `categoryattr` VALUES ('081002','system','2018-03-19 18:06:36',0,'2018-03-19 18:06:36','2114-12-31 23:59:59',2,'F0A','2018-03-19 18:06:36','','2','诚信宝',0,'','081',NULL);
INSERT INTO `categoryattr` VALUES ('081003','system','2018-03-19 18:06:36',0,'2018-03-19 18:06:36','2114-12-31 23:59:59',3,'F0A','2018-03-19 18:06:36','','3','信用宝',0,'','081',NULL);
INSERT INTO `categoryattr` VALUES ('082000','system','2018-03-19 18:06:36',0,'2018-03-19 18:06:36','2114-12-31 23:59:59',0,'F0A','2018-03-19 18:06:36','1','isNeedRealName','是否需要实名',0,'','082','0不需要、1需要');
INSERT INTO `categoryattr` VALUES ('082001','system','2018-03-19 18:06:36',0,'2018-03-19 18:06:36','2114-12-31 23:59:59',1,'F0A','2018-03-19 18:06:36','1','isNeedAccountOpen','是否需要开户',0,'','082','0不需要、1需要');
INSERT INTO `categoryattr` VALUES ('082002','system','2018-03-19 18:06:36',0,'2018-03-19 18:06:36','2114-12-31 23:59:59',2,'F0A','2018-03-19 18:06:36','0','isNeedBindCard','是否需要绑卡',0,'','082','0不需要、1需要');
INSERT INTO `categoryattr` VALUES ('082003','system','2018-03-19 18:06:36',0,'2018-03-19 18:06:36','2114-12-31 23:59:59',3,'F0A','2018-03-19 18:06:36','1','isNeedAuthorize','是否需要授权',0,'','082','0不需要、1需要');
INSERT INTO `categoryattr` VALUES ('082004','system','2018-03-19 18:06:36',0,'2018-03-19 18:06:36','2114-12-31 23:59:59',4,'F0A','2018-03-19 18:06:36','1','isStepModeRegisterValid','是否支持连续分步模式注册',0,'','082','0不支持、1支持');
INSERT INTO `categoryattr` VALUES ('082005','system','2018-03-19 18:06:36',0,'2018-03-19 18:06:36','2114-12-31 23:59:59',5,'F0A','2018-03-19 18:06:36','0','isCompanyRigisterValid','是否支持企业用户注册',0,'','082','0不支持、1支持');
INSERT INTO `categoryattr` VALUES ('082006','system','2018-03-19 18:06:36',0,'2018-03-19 18:06:36','2114-12-31 23:59:59',6,'F0A','2018-03-19 18:06:36','1','isBgMemberManagerValid','是否支持后台会员数据维护',0,'','082','0不支持、1支持');
INSERT INTO `categoryattr` VALUES ('083003','system','2018-03-19 18:06:36',0,'2018-03-19 18:06:36','2114-12-31 23:59:59',3,'F0A','2018-03-19 18:06:36','1','1','投资红包',0,'1','083',NULL);
INSERT INTO `categoryattr` VALUES ('083004','system','2018-03-19 18:06:36',0,'2018-03-19 18:06:36','2114-12-31 23:59:59',4,'F0A','2018-03-19 18:06:36','2','2','提现红包',0,'2','083',NULL);
INSERT INTO `categoryattr` VALUES ('083005','system','2018-04-26 15:38:12',1,'2018-04-26 15:38:12','2200-12-31 23:59:59',5,'F0A','2018-04-26 15:38:12','3','3','奖励劵',0,'3','083','');
INSERT INTO `categoryattr` VALUES ('084001','system','2018-03-19 18:06:36',0,'2018-03-19 18:06:36','2114-12-31 23:59:59',1,'F0A','2018-03-19 18:06:36','0','sendCoupon.reg','是否启用注册送红包',0,'0','084',NULL);
INSERT INTO `categoryattr` VALUES ('084002','system','2018-03-19 18:06:36',0,'2018-03-19 18:06:36','2114-12-31 23:59:59',2,'F0A','2018-03-19 18:06:36','','sendCoupon.reg.ruleId','注册所送红',0,'','084',NULL);
INSERT INTO `categoryattr` VALUES ('084003','system','2018-03-19 18:06:36',0,'2018-03-19 18:06:36','2114-12-31 23:59:59',3,'F0A','2018-03-19 18:06:36','0','sendCoupon.realNameV','是否启用实名认证送红包',0,'0','084',NULL);
INSERT INTO `categoryattr` VALUES ('084004','system','2018-03-19 18:06:36',0,'2018-03-19 18:06:36','2114-12-31 23:59:59',4,'F0A','2018-03-19 18:06:36','','sendCoupon.realNameV.ruleId','实名认证送红包',0,'','084',NULL);
INSERT INTO `categoryattr` VALUES ('084007','system','2018-03-19 18:06:36',0,'2018-03-19 18:06:36','2114-12-31 23:59:59',7,'F0A','2018-03-19 18:06:36','0','sendCoupon.invest','是否启用投资送红包',0,'0','084',NULL);
INSERT INTO `categoryattr` VALUES ('084008','system','2018-03-19 18:06:36',0,'2018-03-19 18:06:36','2114-12-31 23:59:59',8,'F0A','2018-03-19 18:06:36','','sendCoupon.invest.ruleId','投资所送红包',0,'','084',NULL);
INSERT INTO `categoryattr` VALUES ('084009','system','2018-03-19 18:06:36',0,'2018-03-19 18:06:36','2114-12-31 23:59:59',9,'F0A','2018-03-19 18:06:36','','sendCoupon.invest.limit','投资送红包限制',0,'','084',NULL);
INSERT INTO `categoryattr` VALUES ('084010','system','2018-03-19 18:06:36',0,'2018-03-19 18:06:36','2114-12-31 23:59:59',10,'F0A','2018-03-19 18:06:36','0','sendCoupon.recommend','是否启用推荐送红',0,'0','084',NULL);
INSERT INTO `categoryattr` VALUES ('084011','system','2018-03-19 18:06:36',0,'2018-03-19 18:06:36','2114-12-31 23:59:59',11,'F0A','2018-03-19 18:06:36','','sendCoupon.recommend.ruleId','推荐所送红包',0,'','084',NULL);
INSERT INTO `categoryattr` VALUES ('085001','system','2018-03-19 18:06:36',0,'2018-03-19 18:06:36','2114-12-31 23:59:59',1,'F0A','2018-03-19 18:06:36','','app.name','APP平台名',0,'','085',NULL);
INSERT INTO `categoryattr` VALUES ('085002','system','2018-03-19 18:06:36',0,'2018-03-19 18:06:36','2114-12-31 23:59:59',2,'F0A','2018-03-19 18:06:36','','app.version','APP平台版本',0,'','085',NULL);
INSERT INTO `categoryattr` VALUES ('085003','system','2018-03-19 18:06:36',0,'2018-03-19 18:06:36','2114-12-31 23:59:59',3,'F0A','2018-03-19 18:06:36','','app.url','APP平台下载地址',0,'','085',NULL);
INSERT INTO `categoryattr` VALUES ('086001','system','2018-03-19 18:06:36',0,'2018-03-19 18:06:36','2114-12-31 23:59:59',3,'F0A','2018-03-19 18:06:36','0','0','国有股份制银行',0,'0','086',NULL);
INSERT INTO `categoryattr` VALUES ('086002','system','2018-03-19 18:06:36',0,'2018-03-19 18:06:36','2114-12-31 23:59:59',4,'F0A','2018-03-19 18:06:36','1','1','城市商业银行',0,'1','086',NULL);
INSERT INTO `categoryattr` VALUES ('086003','system','2018-03-19 18:06:36',0,'2018-03-19 18:06:36','2114-12-31 23:59:59',5,'F0A','2018-03-19 18:06:36','2','2','农商银行',0,'2','086',NULL);
INSERT INTO `categoryattr` VALUES ('086004','system','2018-03-19 18:06:36',0,'2018-03-19 18:06:36','2114-12-31 23:59:59',6,'F0A','2018-03-19 18:06:36','3','3','其他',0,'3','086',NULL);
INSERT INTO `categoryattr` VALUES ('087001','system','2018-03-19 18:06:36',0,'2018-03-19 18:06:36','2114-12-31 23:59:59',3,'F0A','2018-03-19 18:06:36','0','0','每月付息到期还本',0,'0','087',NULL);
INSERT INTO `categoryattr` VALUES ('087002','system','2018-03-19 18:06:36',0,'2018-03-19 18:06:36','2114-12-31 23:59:59',4,'F0A','2018-03-19 18:06:36','1','1','每年付息到期还本',0,'1','087',NULL);
INSERT INTO `categoryattr` VALUES ('087003','system','2018-03-19 18:06:36',0,'2018-03-19 18:06:36','2114-12-31 23:59:59',5,'F0A','2018-03-19 18:06:36','2','2','每两年付息到期还本',0,'2','087',NULL);
INSERT INTO `categoryattr` VALUES ('089001','system','2018-03-19 18:06:36',0,'2018-03-19 18:06:36','2114-12-31 23:59:59',1,'F0A','2018-03-19 18:06:36','','0','借记卡 ',0,'','089',NULL);
INSERT INTO `categoryattr` VALUES ('089002','system','2018-03-19 18:06:36',0,'2018-03-19 18:06:36','2114-12-31 23:59:59',2,'F0A','2018-03-19 18:06:36','','1','信用卡',0,'','089',NULL);
INSERT INTO `categoryattr` VALUES ('090001','system','2018-03-19 18:06:36',0,'2018-03-19 18:06:36','2114-12-31 23:59:59',1,'F0A','2018-03-19 18:06:36','','1','即投即生息 ',0,'','090',NULL);
INSERT INTO `categoryattr` VALUES ('090002','system','2018-03-19 18:06:36',0,'2018-03-19 18:06:36','2114-12-31 23:59:59',2,'F0A','2018-03-19 18:06:36','','2','项目成立计息',0,'','090',NULL);
INSERT INTO `categoryattr` VALUES ('091001','system','2018-03-19 18:06:36',0,'2018-03-19 18:06:36','2114-12-31 23:59:59',1,'F0A','2018-03-19 18:06:36','50','WithDrawLimitPerDay.number','每日提现笔数 ',0,'','091','');
INSERT INTO `categoryattr` VALUES ('091002','system','2018-03-19 18:06:36',0,'2018-03-19 18:06:36','2114-12-31 23:59:59',2,'F0A','2018-03-19 18:06:36','40000','WithDrawLimitPerDay.amount','单笔限制金额',0,'','091','');
INSERT INTO `categoryattr` VALUES ('091003','system','2018-03-19 18:06:36',0,'2018-03-19 18:06:36','2114-12-31 23:59:59',3,'F0A','2018-03-19 18:06:36','200000','WithDrawLimitPerDay.totalAmount','每日限制总金额',0,'','091','');
INSERT INTO `categoryattr` VALUES ('094001','system','2018-03-19 18:06:36',0,'2018-03-19 18:06:36','2114-12-31 23:59:59',1,'F0A','2018-03-19 18:06:36','100','plartform.visit.limit.phone.message','每手机号在1小时内允许发送短信条数',0,'','094','');
INSERT INTO `categoryattr` VALUES ('094002','system','2018-03-19 18:06:36',0,'2018-03-19 18:06:36','2114-12-31 23:59:59',2,'F0A','2018-03-19 18:06:36','1000','plartform.visit.limit.ip.message','每个IP在1小时内允许发送短信条数',0,'','094','');
INSERT INTO `categoryattr` VALUES ('094003','system','2018-03-19 18:06:36',0,'2018-03-19 18:06:36','2114-12-31 23:59:59',1,'F0A','2018-03-19 18:06:36','5','plartform.visit.limit.day.message','每手机号在1天内允许发送短信条数',0,'','094',NULL);
INSERT INTO `categoryattr` VALUES ('096001','system','2018-03-19 18:06:36',0,'2018-03-19 18:06:36','2114-12-31 23:59:59',1,'F0A','2018-03-19 18:06:36','0.3','penalty.coefficient','罚息系数',0,'0.3','096',NULL);
INSERT INTO `categoryattr` VALUES ('097001','system','2018-03-19 18:06:36',0,'2018-03-19 18:06:36','2114-12-31 23:59:59',1,'F0A','2018-03-19 18:06:36','18','app.version','app版本号',0,'18','097','');
INSERT INTO `categoryattr` VALUES ('097002','system','2018-03-19 18:06:36',0,'2018-03-19 18:06:36','2114-12-31 23:59:59',1,'F0A','2018-03-19 18:06:36','1.5.0','app.version.name','app版本名称 ',0,'1.5.0','097','');
INSERT INTO `categoryattr` VALUES ('097003','system','2018-03-19 18:06:36',0,'2018-03-19 18:06:36','2114-12-31 23:59:59',1,'F0A','2018-03-19 18:06:36','1：优化界面。\\n 2: 投资bug修复。','app.version.desc','app版本描述 ',0,'1：优化界面。 \\n2: 投资bug修复。','097','');
INSERT INTO `categoryattr` VALUES ('097004','system','2018-03-19 18:06:36',0,'2018-03-19 18:06:36','2114-12-31 23:59:59',1,'F0A','2018-03-19 18:06:36','/alidata1/app/p2p/data/app-release.apk','app.install.filePath','app安装文件路径 ',0,'/alidata1/app/p2p/data/app-release.apk','097','');
INSERT INTO `categoryattr` VALUES ('098001','system','2018-03-19 18:06:36',0,'2018-03-19 18:06:36','2114-12-31 23:59:59',1,'F0A','2018-03-19 18:06:36','3310008880192230990015','suffix.subsidy.payerAcc','后置补贴付款账号',0,'3310008880192230990015','098','');
INSERT INTO `categoryattr` VALUES ('1001001','system','2018-03-19 18:06:36',0,'2018-03-19 18:06:36','2114-12-31 23:59:59',1,'F0A','2018-03-19 18:06:36','0','0','投资合同',0,'','1001',NULL);
INSERT INTO `categoryattr` VALUES ('1001002','system','2018-03-19 18:06:36',0,'2018-03-19 18:06:36','2114-12-31 23:59:59',1,'F0A','2018-03-19 18:06:36','1','1','产品合同',0,'','1001',NULL);
INSERT INTO `categoryattr` VALUES ('1001003','system','2018-03-19 18:06:36',0,'2018-03-19 18:06:36','2114-12-31 23:59:59',1,'F0A','2018-03-19 18:06:36','2','2','债权合同',0,'','1001','');
INSERT INTO `categoryattr` VALUES ('1101001','system','2018-03-19 18:06:36',0,'2018-03-19 18:06:36','2114-12-31 23:59:59',1,'F0A','2018-03-19 18:06:36','17717554963','default.member.realCd','借款发起用户',0,'17717554963','1101',NULL);
INSERT INTO `categoryattr` VALUES ('120100','system','2018-03-19 18:06:36',0,'2018-03-19 18:06:36','2114-12-31 23:59:59',0,'F0A','2018-03-19 18:06:36','R1','R1','R1',0,'R1','1201',NULL);
INSERT INTO `categoryattr` VALUES ('120101','system','2018-03-19 18:06:36',0,'2018-03-19 18:06:36','2114-12-31 23:59:59',1,'F0A','2018-03-19 18:06:36','R2','R2','R2',0,'R2','1201',NULL);
INSERT INTO `categoryattr` VALUES ('120102','system','2018-03-19 18:06:36',0,'2018-03-19 18:06:36','2114-12-31 23:59:59',2,'F0A','2018-03-19 18:06:36','R3','R3','R3',0,'R3','1201',NULL);
INSERT INTO `categoryattr` VALUES ('301001','system','2018-03-19 18:06:36',0,'2018-03-19 18:06:36','2114-12-31 23:59:59',1,'F0A','2018-03-19 18:06:36','1','1','身份证',0,'1','301',NULL);
INSERT INTO `categoryattr` VALUES ('301002','system','2018-03-19 18:06:36',0,'2018-03-19 18:06:36','2114-12-31 23:59:59',2,'F0A','2018-03-19 18:06:36','2','2','户口簿',0,'2','301',NULL);
INSERT INTO `categoryattr` VALUES ('301003','system','2018-03-19 18:06:36',0,'2018-03-19 18:06:36','2114-12-31 23:59:59',3,'F0A','2018-03-19 18:06:36','3','3','军人身份证件',0,'3','301',NULL);
INSERT INTO `categoryattr` VALUES ('301004','system','2018-03-19 18:06:36',0,'2018-03-19 18:06:36','2114-12-31 23:59:59',4,'F0A','2018-03-19 18:06:36','4','4','武装警察身份证件',0,'4','301',NULL);
INSERT INTO `categoryattr` VALUES ('301005','system','2018-03-19 18:06:36',0,'2018-03-19 18:06:36','2114-12-31 23:59:59',5,'F0A','2018-03-19 18:06:36','5','5','台湾居民往来内地通行证',0,'4','301',NULL);
INSERT INTO `categoryattr` VALUES ('301006','system','2018-03-19 18:06:36',0,'2018-03-19 18:06:36','2114-12-31 23:59:59',6,'F0A','2018-03-19 18:06:36','6','6','外国人永久居留证',0,'6','301',NULL);
INSERT INTO `categoryattr` VALUES ('301007','system','2018-03-19 18:06:36',0,'2018-03-19 18:06:36','2114-12-31 23:59:59',7,'F0A','2018-03-19 18:06:36','7','7','外国护照',0,'7','301',NULL);
INSERT INTO `categoryattr` VALUES ('301009','system','2018-03-19 18:06:36',0,'2018-03-19 18:06:36','2114-12-31 23:59:59',8,'F0A','2018-03-19 18:06:36','8','9','港澳居民往来大陆通行证',0,'9','301',NULL);
INSERT INTO `categoryattr` VALUES ('30100a','system','2018-03-19 18:06:36',0,'2018-03-19 18:06:36','2114-12-31 23:59:59',9,'F0A','2018-03-19 18:06:36','a','a','中国护照',0,'a','301',NULL);
INSERT INTO `categoryattr` VALUES ('30100b','system','2018-03-19 18:06:36',0,'2018-03-19 18:06:36','2114-12-31 23:59:59',10,'F0A','2018-03-19 18:06:36','b','b','边民出入境通行证',0,'b','301',NULL);
INSERT INTO `categoryattr` VALUES ('30100c','system','2018-03-19 18:06:36',0,'2018-03-19 18:06:36','2114-12-31 23:59:59',11,'F0A','2018-03-19 18:06:36','c','c','其他个人证件',0,'c','301',NULL);
INSERT INTO `categoryattr` VALUES ('302001','system','2018-03-19 18:06:36',0,'2018-03-19 18:06:36','2114-12-31 23:59:59',1,'F0A','2018-03-19 18:06:36','1','1','组织机构代码',0,'1','302',NULL);
INSERT INTO `categoryattr` VALUES ('302002','system','2018-03-19 18:06:36',0,'2018-03-19 18:06:36','2114-12-31 23:59:59',2,'F0A','2018-03-19 18:06:36','2','2','营业执照',0,'2','302',NULL);
INSERT INTO `categoryattr` VALUES ('302003','system','2018-03-19 18:06:36',0,'2018-03-19 18:06:36','2114-12-31 23:59:59',3,'F0A','2018-03-19 18:06:36','3','3','组织代码（附属机构）',0,'3','302',NULL);
INSERT INTO `categoryattr` VALUES ('302004','system','2018-03-19 18:06:36',0,'2018-03-19 18:06:36','2114-12-31 23:59:59',4,'F0A','2018-03-19 18:06:36','4','4','其他证件类型',0,'4','302',NULL);
INSERT INTO `categoryattr` VALUES ('401000','system','2018-03-19 18:06:36',0,'2018-03-19 18:06:36','2114-12-31 23:59:59',0,'F0A','2018-03-19 18:06:36','1111563517','itsm.tsign.projectId','项目编号',0,'','401',NULL);
INSERT INTO `categoryattr` VALUES ('401001','system','2018-03-19 18:06:36',0,'2018-03-19 18:06:36','2114-12-31 23:59:59',1,'F0A','2018-03-19 18:06:36','95439b0863c241c63a861b87d1e647b7','itsm.tsign.projectSecret','项目密钥',0,'','401',NULL);
INSERT INTO `categoryattr` VALUES ('401002','system','2018-03-19 18:06:36',0,'2018-03-19 18:06:36','2114-12-31 23:59:59',2,'F0A','2018-03-19 18:06:36','http://121.40.164.61:8080/tgmonitor/rest/app!getAPIInfo2','itsm.tsign.apisUrl','开放平台地址',0,'','401',NULL);
INSERT INTO `categoryattr` VALUES ('401003','system','2018-03-19 18:06:36',0,'2018-03-19 18:06:36','2114-12-31 23:59:59',3,'F0A','2018-03-19 18:06:36','','itsm.tsign.proxyIp','代理服务IP地址(可空)',0,'','401',NULL);
INSERT INTO `categoryattr` VALUES ('401004','system','2018-03-19 18:06:36',0,'2018-03-19 18:06:36','2114-12-31 23:59:59',4,'F0A','2018-03-19 18:06:36','','itsm.tsign.proxyPort','代理服务端口(可空)',0,'','401',NULL);
INSERT INTO `categoryattr` VALUES ('401005','system','2018-03-19 18:06:36',0,'2018-03-19 18:06:36','2114-12-31 23:59:59',5,'F0A','2018-03-19 18:06:36','','itsm.tsign.httpType','协议类型，默认https(可空)',0,'','401',NULL);
INSERT INTO `categoryattr` VALUES ('401006','system','2018-03-19 18:06:36',0,'2018-03-19 18:06:36','2114-12-31 23:59:59',6,'F0A','2018-03-19 18:06:36','','itsm.tsign.retry','请求失败重试次数，默认5次(可空)',0,'','401',NULL);
INSERT INTO `categoryattr` VALUES ('401007','system','2018-03-19 18:06:36',0,'2018-03-19 18:06:36','2114-12-31 23:59:59',7,'F0A','2018-03-19 18:06:36','','itsm.tsign.timeoutConnect','连接超时时间，最大不能超过30秒(可空)',0,'','401',NULL);
INSERT INTO `categoryattr` VALUES ('401008','system','2018-03-19 18:06:36',0,'2018-03-19 18:06:36','2114-12-31 23:59:59',8,'F0A','2018-03-19 18:06:36','','itsm.tsign.timeoutRequest','请求超时时间，最大不能超过30秒(可空)',0,'','401',NULL);
INSERT INTO `categoryattr` VALUES ('401009','system','2018-03-19 18:06:36',0,'2018-03-19 18:06:36','2114-12-31 23:59:59',9,'F0A','2018-03-19 18:06:36','HmacSHA256','itsm.tsign.algorithm','算法类型，默认HMAC-SHA256(可空):HMAC-SHA256,RSA',0,'','401',NULL);
INSERT INTO `categoryattr` VALUES ('401010','system','2018-03-19 18:06:36',0,'2018-03-19 18:06:36','2114-12-31 23:59:59',10,'F0A','2018-03-19 18:06:36','','itsm.tsign.esignPublicKey','e签宝公钥(可空,若算法类型为RSA，此项必填)',0,'','401',NULL);
INSERT INTO `categoryattr` VALUES ('401011','system','2018-03-19 18:06:36',0,'2018-03-19 18:06:36','2114-12-31 23:59:59',11,'F0A','2018-03-19 18:06:36','','itsm.tsign.privateKey','平台私钥(可空,若算法类型为RSA，此项必填)',0,'','401',NULL);
INSERT INTO `categoryattr` VALUES ('401012','system','2018-03-19 18:06:36',0,'2018-03-19 18:06:36','2114-12-31 23:59:59',12,'F0A','2018-03-19 18:06:36','1','itsm.tsign.istest','是否测试环境(1 测试环境，其它则是生产环境)',0,'1','401',NULL);
INSERT INTO `categoryattr` VALUES ('401013','system','2018-03-19 18:06:36',1,'2018-03-19 18:06:36','2114-12-31 23:59:59',13,'F0A','2018-03-19 18:06:36','247a410c-9558-4339-85fc-f69b3d80ac06','itsm.tsign.scene.p2p.businessTempletId','场景式存证所属行业(金融行业-P2P 信贷)id',0,'','401','');
INSERT INTO `categoryattr` VALUES ('401014','system','2018-03-19 18:06:36',2,'2018-03-19 18:06:36','2114-12-31 23:59:59',14,'F0A','2018-03-19 18:06:36','df15b95b-bbd8-4041-b8db-4bb53587923e','itsm.tsign.scene.p2p.sceneTempletId','场景式存证所属业务凭证(金融行业-P2P投资合同)id',0,'','401',NULL);
INSERT INTO `categoryattr` VALUES ('401015','system','2018-03-19 18:06:36',2,'2018-03-19 18:06:36','2114-12-31 23:59:59',15,'F0A','2018-03-19 18:06:36','105054a1-a2b9-4af0-9c6f-20cad035ff24','itsm.tsign.scene.p2p.segmentTempletId','场景式存证定义业务凭证 中某一证据点名称(金融行业-P2P投资合同)id',0,'','401',NULL);
INSERT INTO `categoryattr` VALUES ('402001','system','2018-03-19 18:06:36',0,'2018-03-19 18:06:36','2114-12-31 23:59:59',1,'F0A','2018-03-19 18:06:36','Key','itsm.tsign.investor.signType','投资人章-签章类型(单页,多页,骑缝,关键字 )',0,'','402',NULL);
INSERT INTO `categoryattr` VALUES ('402002','system','2018-03-19 18:06:36',0,'2018-03-19 18:06:36','2114-12-31 23:59:59',13,'F0A','2018-03-19 18:06:36','1','itsm.tsign.investor.posType','投资人章-定位类型，0-坐标定位，1-关键字定位，默认0，SignType为关键字签署的时候，为1，否则为0。(可空)',0,'','402',NULL);
INSERT INTO `categoryattr` VALUES ('402003','system','2018-03-19 18:06:36',0,'2018-03-19 18:06:36','2114-12-31 23:59:59',14,'F0A','2018-03-19 18:06:36','','itsm.tsign.investor.posPage','投资人章-签署页码，若为多页签章，支持页码格式“1-3,5,8“，若为坐标定位时，不可空',0,'','402',NULL);
INSERT INTO `categoryattr` VALUES ('402004','system','2018-03-19 18:06:36',0,'2018-03-19 18:06:36','2114-12-31 23:59:59',15,'F0A','2018-03-19 18:06:36','0','itsm.tsign.investor.posX','投资人章-签署位置X坐标，若为关键字定位，相对于关键字的X坐标偏移量，默认0',0,'0','402',NULL);
INSERT INTO `categoryattr` VALUES ('402005','system','2018-03-19 18:06:36',0,'2018-03-19 18:06:36','2114-12-31 23:59:59',16,'F0A','2018-03-19 18:06:36','0','itsm.tsign.investor.posY','投资人章-签署位置Y坐标，若为关键字定位，相对于关键字的Y坐标偏移量，默认0',0,'0','402',NULL);
INSERT INTO `categoryattr` VALUES ('402006','system','2018-03-19 18:06:36',0,'2018-03-19 18:06:36','2114-12-31 23:59:59',17,'F0A','2018-03-19 18:06:36','甲方盖章','itsm.tsign.investor.key','投资人章-关键字，仅限关键字签章时有效，若为关键字定位时，不可空(可空)',0,'','402',NULL);
INSERT INTO `categoryattr` VALUES ('402007','system','2018-03-19 18:06:36',0,'2018-03-19 18:06:36','2114-12-31 23:59:59',18,'F0A','2018-03-19 18:06:36','','itsm.tsign.investor.width','投资人章-印章展现宽度，将以此宽度对印章图片做同比缩放。 1)	为空： 若图片宽度超过159，印章宽度等比缩小至159； 若图片宽度小于159，印章尺寸默认以图片大小为准；2)	不为空  印章宽度以传入参数为准。 (可空)',0,'','402',NULL);
INSERT INTO `categoryattr` VALUES ('402008','system','2018-03-19 18:06:36',0,'2018-03-19 18:06:36','2114-12-31 23:59:59',19,'F0A','2018-03-19 18:06:36','false','itsm.tsign.investor.QrcodeSign','投资人章-是否是 二维码签署，默认为false。二维码签署不支持骑缝签和多页签(可空)',0,'false','402',NULL);
INSERT INTO `categoryattr` VALUES ('402009','system','2018-03-19 18:06:36',0,'2018-03-19 18:06:36','2114-12-31 23:59:59',20,'F0A','2018-03-19 18:06:36','false','itsm.tsign.investor.cacellingSign','投资人章-是否是作废签签署，默认为false(可空)',0,'false','402',NULL);
INSERT INTO `categoryattr` VALUES ('402010','system','2018-03-19 18:06:36',0,'2018-03-19 18:06:36','2114-12-31 23:59:59',21,'F0A','2018-03-19 18:06:36','','itsm.tsign.investor.AddSignTime','投资人章-是否显示本地签署时间，需要width设置92以上才可以看到时间(可空)',0,'','402',NULL);
INSERT INTO `categoryattr` VALUES ('403001','system','2018-03-19 18:06:36',0,'2018-03-19 18:06:36','2114-12-31 23:59:59',1,'F0A','2018-03-19 18:06:36','Key','itsm.tsign.platform.signType','平台章-签章类型(单页,多页,骑缝,关键字 )',0,'','403',NULL);
INSERT INTO `categoryattr` VALUES ('403002','system','2018-03-19 18:06:36',0,'2018-03-19 18:06:36','2114-12-31 23:59:59',13,'F0A','2018-03-19 18:06:36','1','itsm.tsign.platform.posType','平台章-定位类型，0-坐标定位，1-关键字定位，默认0，SignType为关键字签署的时候，为1，否则为0。(可空)',0,'','403',NULL);
INSERT INTO `categoryattr` VALUES ('403003','system','2018-03-19 18:06:36',0,'2018-03-19 18:06:36','2114-12-31 23:59:59',14,'F0A','2018-03-19 18:06:36','','itsm.tsign.platform.posPage','平台章-签署页码，若为多页签章，支持页码格式“1-3,5,8“，若为坐标定位时，不可空',0,'','403',NULL);
INSERT INTO `categoryattr` VALUES ('403004','system','2018-03-19 18:06:36',0,'2018-03-19 18:06:36','2114-12-31 23:59:59',15,'F0A','2018-03-19 18:06:36','0','itsm.tsign.platform.posX','平台章-签署位置X坐标，若为关键字定位，相对于关键字的X坐标偏移量，默认0',0,'0','403',NULL);
INSERT INTO `categoryattr` VALUES ('403005','system','2018-03-19 18:06:36',0,'2018-03-19 18:06:36','2114-12-31 23:59:59',16,'F0A','2018-03-19 18:06:36','0','itsm.tsign.platform.posY','平台章-签署位置Y坐标，若为关键字定位，相对于关键字的Y坐标偏移量，默认0',0,'0','403',NULL);
INSERT INTO `categoryattr` VALUES ('403006','system','2018-03-19 18:06:36',0,'2018-03-19 18:06:36','2114-12-31 23:59:59',17,'F0A','2018-03-19 18:06:36','丙方盖章','itsm.tsign.platform.key','平台章-关键字，仅限关键字签章时有效，若为关键字定位时，不可空(可空)',0,'','403',NULL);
INSERT INTO `categoryattr` VALUES ('403007','system','2018-03-19 18:06:36',0,'2018-03-19 18:06:36','2114-12-31 23:59:59',18,'F0A','2018-03-19 18:06:36','','itsm.tsign.platform.width','平台章-印章展现宽度，将以此宽度对印章图片做同比缩放。 1)	为空： 若图片宽度超过159，印章宽度等比缩小至159； 若图片宽度小于159，印章尺寸默认以图片大小为准；2)	不为空  印章宽度以传入参数为准。 (可空)',0,'','403',NULL);
INSERT INTO `categoryattr` VALUES ('403008','system','2018-03-19 18:06:36',0,'2018-03-19 18:06:36','2114-12-31 23:59:59',19,'F0A','2018-03-19 18:06:36','false','itsm.tsign.platform.QrcodeSign','平台章-是否是 二维码签署，默认为false。二维码签署不支持骑缝签和多页签(可空)',0,'false','403',NULL);
INSERT INTO `categoryattr` VALUES ('403009','system','2018-03-19 18:06:36',0,'2018-03-19 18:06:36','2114-12-31 23:59:59',20,'F0A','2018-03-19 18:06:36','false','itsm.tsign.platform.cacellingSign','平台章-是否是作废签签署，默认为false(可空)',0,'false','403',NULL);
INSERT INTO `categoryattr` VALUES ('403010','system','2018-03-19 18:06:36',0,'2018-03-19 18:06:36','2114-12-31 23:59:59',21,'F0A','2018-03-19 18:06:36','','itsm.tsign.platform.AddSignTime','平台章-是否显示本地签署时间，需要width设置92以上才可以看到时间(可空)',0,'','403',NULL);
INSERT INTO `categoryattr` VALUES ('404001','system','2018-03-19 18:06:36',0,'2018-03-19 18:06:36','2114-12-31 23:59:59',1,'F0A','2018-03-19 18:06:36','Key','itsm.tsign.borrower.signType','借款人章-签章类型(单页,多页,骑缝,关键字 )',0,'','404',NULL);
INSERT INTO `categoryattr` VALUES ('404002','system','2018-03-19 18:06:36',0,'2018-03-19 18:06:36','2114-12-31 23:59:59',13,'F0A','2018-03-19 18:06:36','1','itsm.tsign.borrower.posType','借款人章-定位类型，0-坐标定位，1-关键字定位，默认0，SignType为关键字签署的时候，为1，否则为0。(可空)',0,'','404',NULL);
INSERT INTO `categoryattr` VALUES ('404003','system','2018-03-19 18:06:36',0,'2018-03-19 18:06:36','2114-12-31 23:59:59',14,'F0A','2018-03-19 18:06:36','','itsm.tsign.borrower.posPage','借款人章-签署页码，若为多页签章，支持页码格式“1-3,5,8“，若为坐标定位时，不可空',0,'','404',NULL);
INSERT INTO `categoryattr` VALUES ('404004','system','2018-03-19 18:06:36',0,'2018-03-19 18:06:36','2114-12-31 23:59:59',15,'F0A','2018-03-19 18:06:36','0','itsm.tsign.borrower.posX','借款人章-签署位置X坐标，若为关键字定位，相对于关键字的X坐标偏移量，默认0',0,'0','404',NULL);
INSERT INTO `categoryattr` VALUES ('404005','system','2018-03-19 18:06:36',0,'2018-03-19 18:06:36','2114-12-31 23:59:59',16,'F0A','2018-03-19 18:06:36','0','itsm.tsign.borrower.posY','借款人章-签署位置Y坐标，若为关键字定位，相对于关键字的Y坐标偏移量，默认0',0,'0','404',NULL);
INSERT INTO `categoryattr` VALUES ('404006','system','2018-03-19 18:06:36',0,'2018-03-19 18:06:36','2114-12-31 23:59:59',17,'F0A','2018-03-19 18:06:36','乙方盖章','itsm.tsign.borrower.key','借款人章-关键字，仅限关键字签章时有效，若为关键字定位时，不可空(可空)',0,'','404',NULL);
INSERT INTO `categoryattr` VALUES ('404007','system','2018-03-19 18:06:36',0,'2018-03-19 18:06:36','2114-12-31 23:59:59',18,'F0A','2018-03-19 18:06:36','','itsm.tsign.borrower.width','借款人章-印章展现宽度，将以此宽度对印章图片做同比缩放。 1)	为空： 若图片宽度超过159，印章宽度等比缩小至159； 若图片宽度小于159，印章尺寸默认以图片大小为准；2)	不为空  印章宽度以传入参数为准。 (可空)',0,'','404',NULL);
INSERT INTO `categoryattr` VALUES ('404008','system','2018-03-19 18:06:36',0,'2018-03-19 18:06:36','2114-12-31 23:59:59',19,'F0A','2018-03-19 18:06:36','false','itsm.tsign.borrower.QrcodeSign','借款人章-是否是 二维码签署，默认为false。二维码签署不支持骑缝签和多页签(可空)',0,'false','404',NULL);
INSERT INTO `categoryattr` VALUES ('404009','system','2018-03-19 18:06:36',0,'2018-03-19 18:06:36','2114-12-31 23:59:59',20,'F0A','2018-03-19 18:06:36','false','itsm.tsign.borrower.cacellingSign','借款人章-是否是作废签签署，默认为false(可空)',0,'false','404',NULL);
INSERT INTO `categoryattr` VALUES ('404010','system','2018-03-19 18:06:36',0,'2018-03-19 18:06:36','2114-12-31 23:59:59',21,'F0A','2018-03-19 18:06:36','','itsm.tsign.borrower.AddSignTime','借款人章-是否显示本地签署时间，需要width设置92以上才可以看到时间(可空)',0,'','404',NULL);
/*!40000 ALTER TABLE `categoryattr` ENABLE KEYS */;
UNLOCK TABLES;

--
-- Table structure for table `claimdetail`
--

DROP TABLE IF EXISTS `claimdetail`;
/*!40101 SET @saved_cs_client     = @@character_set_client */;
/*!40101 SET character_set_client = utf8 */;
CREATE TABLE `claimdetail` (
  `claimDetailId` varchar(32) NOT NULL,
  `createBy` varchar(32) DEFAULT NULL,
  `createTime` datetime DEFAULT NULL,
  `version` int(11) DEFAULT NULL,
  `amount` decimal(19,2) DEFAULT NULL,
  `claimDate` date DEFAULT NULL,
  `claimMan` varchar(32) DEFAULT NULL,
  `reClaimMan` varchar(32) DEFAULT NULL,
  `reClaimtime` date DEFAULT NULL,
  `recoveryStatus` int(11) DEFAULT NULL,
  `status` int(11) DEFAULT NULL,
  `productId` varchar(32) NOT NULL,
  PRIMARY KEY (`claimDetailId`),
  KEY `FK_haqwptgpr4l8j1kjwv4hxyaqg` (`productId`),
  CONSTRAINT `FK_haqwptgpr4l8j1kjwv4hxyaqg` FOREIGN KEY (`productId`) REFERENCES `product` (`productId`)
) ENGINE=InnoDB DEFAULT CHARSET=utf8;
/*!40101 SET character_set_client = @saved_cs_client */;

--
-- Dumping data for table `claimdetail`
--

LOCK TABLES `claimdetail` WRITE;
/*!40000 ALTER TABLE `claimdetail` DISABLE KEYS */;
/*!40000 ALTER TABLE `claimdetail` ENABLE KEYS */;
UNLOCK TABLES;

--
-- Table structure for table `claimitem`
--

DROP TABLE IF EXISTS `claimitem`;
/*!40101 SET @saved_cs_client     = @@character_set_client */;
/*!40101 SET character_set_client = utf8 */;
CREATE TABLE `claimitem` (
  `claimItemId` varchar(32) NOT NULL,
  `createBy` varchar(32) DEFAULT NULL,
  `createTime` datetime DEFAULT NULL,
  `version` int(11) DEFAULT NULL,
  `factItemAmount` decimal(19,2) DEFAULT NULL,
  `itemAmount` decimal(19,2) DEFAULT NULL,
  `itemTypeCd` varchar(6) DEFAULT NULL,
  `itemTypeNm` varchar(64) DEFAULT NULL,
  `recoveryStatus` int(11) DEFAULT NULL,
  `claimDetailId` varchar(32) NOT NULL,
  PRIMARY KEY (`claimItemId`),
  KEY `FK_3neg9sc1i1g5fxt4edm9tio3o` (`claimDetailId`),
  CONSTRAINT `FK_3neg9sc1i1g5fxt4edm9tio3o` FOREIGN KEY (`claimDetailId`) REFERENCES `claimdetail` (`claimDetailId`)
) ENGINE=InnoDB DEFAULT CHARSET=utf8;
/*!40101 SET character_set_client = @saved_cs_client */;

--
-- Dumping data for table `claimitem`
--

LOCK TABLES `claimitem` WRITE;
/*!40000 ALTER TABLE `claimitem` DISABLE KEYS */;
/*!40000 ALTER TABLE `claimitem` ENABLE KEYS */;
UNLOCK TABLES;

--
-- Table structure for table `cms_article`
--

DROP TABLE IF EXISTS `cms_article`;
/*!40101 SET @saved_cs_client     = @@character_set_client */;
/*!40101 SET character_set_client = utf8 */;
CREATE TABLE `cms_article` (
  `article_id` varchar(32) NOT NULL,
  `createBy` varchar(32) DEFAULT NULL,
  `createTime` datetime DEFAULT NULL,
  `version` int(11) DEFAULT NULL,
  `deleted` int(11) DEFAULT NULL,
  `updateBy` varchar(255) NOT NULL,
  `updateTime` datetime NOT NULL,
  `article_content` longtext,
  `article_keyword` varchar(512) DEFAULT NULL,
  `article_outline` varchar(512) DEFAULT NULL,
  `article_subtitle` varchar(255) DEFAULT NULL,
  `article_title` varchar(255) DEFAULT NULL,
  `channel_code` varchar(128) DEFAULT NULL,
  `listSort` int(11) DEFAULT NULL,
  `recomment` int(11) DEFAULT '1',
  `status` int(11) DEFAULT '1',
  `channel_id` varchar(32) NOT NULL,
  `link_url` varchar(2000) DEFAULT NULL,
  `activityType` int(11) DEFAULT NULL,
  PRIMARY KEY (`article_id`),
  KEY `FK_lfkytqlwoutq98g8j5f4ci62h` (`channel_id`),
  CONSTRAINT `FK_lfkytqlwoutq98g8j5f4ci62h` FOREIGN KEY (`channel_id`) REFERENCES `cms_channel` (`channel_id`)
) ENGINE=InnoDB DEFAULT CHARSET=utf8;
/*!40101 SET character_set_client = @saved_cs_client */;

--
-- Dumping data for table `cms_article`
--

LOCK TABLES `cms_article` WRITE;
/*!40000 ALTER TABLE `cms_article` DISABLE KEYS */;
/*!40000 ALTER TABLE `cms_article` ENABLE KEYS */;
UNLOCK TABLES;

--
-- Table structure for table `cms_article_attachment`
--

DROP TABLE IF EXISTS `cms_article_attachment`;
/*!40101 SET @saved_cs_client     = @@character_set_client */;
/*!40101 SET character_set_client = utf8 */;
CREATE TABLE `cms_article_attachment` (
  `articleId` varchar(32) NOT NULL,
  `attachmentId` varchar(32) NOT NULL,
  UNIQUE KEY `UK_7o2qdq6f9lp2tqu3ox7u85t3w` (`attachmentId`),
  KEY `FK_nubdyvdfrm4oouaa05e54d04n` (`articleId`),
  CONSTRAINT `FK_7o2qdq6f9lp2tqu3ox7u85t3w` FOREIGN KEY (`attachmentId`) REFERENCES `attachment` (`attachmentId`) ON DELETE CASCADE,
  CONSTRAINT `FK_nubdyvdfrm4oouaa05e54d04n` FOREIGN KEY (`articleId`) REFERENCES `cms_article` (`article_id`)
) ENGINE=InnoDB DEFAULT CHARSET=utf8;
/*!40101 SET character_set_client = @saved_cs_client */;

--
-- Dumping data for table `cms_article_attachment`
--

LOCK TABLES `cms_article_attachment` WRITE;
/*!40000 ALTER TABLE `cms_article_attachment` DISABLE KEYS */;
INSERT INTO `cms_article_attachment` VALUES ('ff8080815acc26dd015acc724310008a','ff8080815bf048ea015bf0e325f00003');
INSERT INTO `cms_article_attachment` VALUES ('ff8080815ba9d98f015bb342da89001e','ff8080815bf5cc31015bf6249d610004');
INSERT INTO `cms_article_attachment` VALUES ('ff808081635c44830163b512bf1900f9','ff808081635c44830163b513b1b400fa');
/*!40000 ALTER TABLE `cms_article_attachment` ENABLE KEYS */;
UNLOCK TABLES;

--
-- Table structure for table `cms_channel`
--

DROP TABLE IF EXISTS `cms_channel`;
/*!40101 SET @saved_cs_client     = @@character_set_client */;
/*!40101 SET character_set_client = utf8 */;
CREATE TABLE `cms_channel` (
  `channel_id` varchar(32) NOT NULL,
  `createBy` varchar(32) DEFAULT NULL,
  `createTime` datetime DEFAULT NULL,
  `version` int(11) DEFAULT NULL,
  `deleted` int(11) DEFAULT NULL,
  `updateBy` varchar(255) NOT NULL,
  `updateTime` datetime NOT NULL,
  `channel_code` varchar(128) DEFAULT NULL,
  `channel_name` varchar(255) DEFAULT NULL,
  `channel_param1` int(11) DEFAULT NULL,
  `channel_param2` int(11) DEFAULT NULL,
  `channel_param3` int(11) DEFAULT NULL,
  `channel_remark` varchar(255) DEFAULT NULL,
  `editable` int(11) DEFAULT NULL,
  `parent_id` varchar(32) DEFAULT NULL,
  PRIMARY KEY (`channel_id`),
  UNIQUE KEY `UK_3ybr80q0c9045dx6sle0jfeic` (`channel_code`),
  KEY `FK_ryo96gpsxqqfip3m2nvgdp1nc` (`parent_id`),
  CONSTRAINT `FK_ryo96gpsxqqfip3m2nvgdp1nc` FOREIGN KEY (`parent_id`) REFERENCES `cms_channel` (`channel_id`)
) ENGINE=InnoDB DEFAULT CHARSET=utf8;
/*!40101 SET character_set_client = @saved_cs_client */;

--
-- Dumping data for table `cms_channel`
--

LOCK TABLES `cms_channel` WRITE;
/*!40000 ALTER TABLE `cms_channel` DISABLE KEYS */;
INSERT INTO `cms_channel` VALUES ('0','system','2015-03-13 10:21:33',1,0,'admin','2015-03-13 10:21:33','0','分类栏目',3,0,0,'分类栏目顶级分类',0,NULL);
INSERT INTO `cms_channel` VALUES ('0000000058723f0501587248197e0000','system','2016-11-18 11:27:12',1,0,'admin','2016-11-18 11:27:12','aboutjob','招聘信息(缩略图110*110)',3,0,3,'招聘信息专区；缩略图大小110px*110px',NULL,'5000');
INSERT INTO `cms_channel` VALUES ('00000000587575550158757c10200000','system','2016-11-23 16:11:39',1,0,'admin','2016-11-23 16:11:39','activityZone','活动中心(缩略图宽730*高200)',3,1,4,'活动专区(缩略图宽730*高200)',NULL,'5000');
INSERT INTO `cms_channel` VALUES ('000000005875fd4a0158762359a9000f','system','2016-11-18 14:32:58',1,1,'admin','2016-11-18 14:32:58','platformInformation','平台资讯',3,1,4,'平台资讯',1,'5000');
INSERT INTO `cms_channel` VALUES ('000000005884bd97015884cee8a80000','system','2016-11-21 10:55:02',0,0,'admin','2016-11-21 10:55:02','6000','运营详情',3,1,4,NULL,1,'0');
INSERT INTO `cms_channel` VALUES ('000000005884bd97015884cf830d0001','system','2016-11-21 10:55:53',1,0,'admin','2016-11-21 10:55:53','6001','2015年',1,1,0,NULL,NULL,'000000005884bd97015884cee8a80000');
INSERT INTO `cms_channel` VALUES ('000000005884bd97015884d0177d0002','system','2016-11-21 10:56:19',0,0,'admin','2016-11-21 10:56:19','6002','2016年',1,1,1,NULL,1,'000000005884bd97015884cee8a80000');
INSERT INTO `cms_channel` VALUES ('0000000058d7fd3d0158dc41a9c400e0','system','2016-12-08 10:27:20',1,1,'admin','2016-12-08 10:27:20','information_publicity','信息公示',1,0,0,'信息公示',1,'5020');
INSERT INTO `cms_channel` VALUES ('0000000058d7fd3d0158dc51d45d00f6','system','2017-01-11 12:07:12',3,0,'admin','2017-01-11 12:07:12','website_statement','网站声明',2,0,0,'网站声明',NULL,'5030');
INSERT INTO `cms_channel` VALUES ('000000005921c1c50159246bf7c1000f','system','2017-02-15 14:33:57',2,0,'admin','2017-02-15 14:33:57','activityZone1','活动中心(APP)(缩略图宽345*高110)',3,1,5,'(缩略图宽345*高110)',NULL,'5000');
INSERT INTO `cms_channel` VALUES ('000000005a73d2ab015a7401c1680062','system','2018-03-27 15:12:41',1,0,'admin','2018-03-27 15:12:41','4302','首页平台资讯广告（宽：580*高：345）',2,1,1,'首页平台资讯广告（宽：580*高：345）',NULL,'4000');
INSERT INTO `cms_channel` VALUES ('1000','system','2015-03-13 17:43:42',17,0,'admin','2015-03-13 17:43:42','1000','网页片段',3,0,3,'网页的一部分',0,'0');
INSERT INTO `cms_channel` VALUES ('1100','system','2015-03-16 10:22:01',9,0,'admin','2015-03-16 10:22:01','1100','协议文件',3,0,1,'协议相关的内容文件',0,'1000');
INSERT INTO `cms_channel` VALUES ('1101','system','2015-03-13 17:40:01',4,0,'admin','2015-03-13 17:40:01','1101','注册协议',2,0,2,'网站注册的协议内容',0,'1100');
INSERT INTO `cms_channel` VALUES ('1102','system','2015-03-13 10:08:37',4,0,'admin','2015-03-13 10:08:37','1102','安装协议',2,0,3,NULL,0,'1100');
INSERT INTO `cms_channel` VALUES ('1103','system','2015-03-13 10:08:41',1,0,'admin','2015-03-13 10:08:41','1103','投资协议',2,0,4,'投资的协议',0,'1100');
INSERT INTO `cms_channel` VALUES ('1104','system','2015-03-13 10:08:44',1,0,'admin','2015-03-13 10:08:44','1104','债权转让及受让协议',2,0,5,'债权转让及受让协议',0,'1100');
INSERT INTO `cms_channel` VALUES ('1105','system','2015-03-13 10:08:51',1,0,'admin','2015-03-13 10:08:51','1105','借款协议',2,0,6,'融资者和平台签订的协议',0,'1100');
INSERT INTO `cms_channel` VALUES ('1106','system','2015-03-13 10:08:55',1,0,'admin','2015-03-13 10:08:55','1106','担保协议',2,0,7,'融资者和担保方签订的协议',0,'1100');
INSERT INTO `cms_channel` VALUES ('1107','system','2015-03-13 11:10:18',6,0,'admin','2015-03-13 11:10:18','1107','信息咨询服务协议',2,0,8,'平台为投资人提供的服务签订的协议',0,'1100');
INSERT INTO `cms_channel` VALUES ('1108','system','2015-03-16 10:21:15',3,0,'admin','2015-03-16 10:21:15','1108','隐私条款',3,0,9,'一般注册时使用',0,'1000');
INSERT INTO `cms_channel` VALUES ('1109','system','2015-03-13 11:10:23',4,0,'admin','2015-03-13 11:10:23','1109','经纪人协议',2,0,10,'经纪人协议',0,'1100');
INSERT INTO `cms_channel` VALUES ('3000','system','2015-03-13 17:49:27',6,0,'admin','2015-03-13 17:49:27','3000','链接管理',3,0,0,'链接管理',0,'0');
INSERT INTO `cms_channel` VALUES ('3001','system','2015-03-22 18:00:58',1,0,'huang','2015-03-22 18:00:58','3001','合作伙伴',1,1,0,'合作伙伴',0,'3000');
INSERT INTO `cms_channel` VALUES ('3002','system','2015-03-11 11:13:35',0,0,'system','2015-03-11 11:13:35','3002','友情链接',1,1,0,'友情链接',0,'3000');
INSERT INTO `cms_channel` VALUES ('4000','system','2015-03-13 10:10:11',2,0,'admin','2015-03-13 10:10:11','4000','广告管理',3,0,0,'包含滚动字幕和幻灯片广告',0,'0');
INSERT INTO `cms_channel` VALUES ('4101','system','2018-03-27 15:13:38',3,0,'admin','2018-03-27 15:13:38','4101','首页图片广告1920*378',1,1,0,'首页图片广告',NULL,'4000');
INSERT INTO `cms_channel` VALUES ('4102','system','2015-03-22 17:57:56',2,0,'huang','2015-03-22 17:57:56','4102','关于我们图片广告1920*181',1,1,0,'首页文字公告',0,'4000');
INSERT INTO `cms_channel` VALUES ('4103','system','2015-03-22 17:58:17',2,0,'huang','2015-03-22 17:58:17','4103','首页温馨提示公告文字',2,1,0,'首页温馨提示公告只有1条',0,'4000');
INSERT INTO `cms_channel` VALUES ('4201','system','2015-03-22 17:59:06',2,0,'huang','2015-03-22 17:59:06','4201','注册页广告420*360',1,1,0,'注册页广告只有1张',0,'4000');
INSERT INTO `cms_channel` VALUES ('4202','system','2015-03-22 17:58:50',2,0,'huang','2015-03-22 17:58:50','4202','登录页广告1920*480',1,1,0,'登录页广告只有1张',0,'4000');
INSERT INTO `cms_channel` VALUES ('4203','system','2015-03-22 17:59:19',2,0,'huang','2015-03-22 17:59:19','4203','帮助中心图片广告1920*181',1,1,0,'帮助中心广告只有1张',0,'4000');
INSERT INTO `cms_channel` VALUES ('4301','system','2016-12-02 14:49:32',2,0,'admin','2016-12-02 14:49:32','4301','app首页广告图',1,1,0,NULL,NULL,'4000');
INSERT INTO `cms_channel` VALUES ('5000','system','2015-03-13 10:10:06',1,0,'admin','2015-03-13 10:10:06','5000','文章管理',3,0,0,'大类固定不可更改',0,'0');
INSERT INTO `cms_channel` VALUES ('5010','system','2015-03-11 11:13:35',1,1,'system','2015-03-11 11:13:35','5010','关于我们',1,1,0,'关于我们连接',0,'5000');
INSERT INTO `cms_channel` VALUES ('5020','system','2015-03-25 15:39:16',1,0,'admin','2015-03-25 15:39:16','5020','资讯公告',1,1,0,'大类包含行业资讯、帮助中心、资讯公告',NULL,'5000');
INSERT INTO `cms_channel` VALUES ('5021','system','2015-03-22 17:56:10',1,0,'huang','2015-03-22 17:56:10','5021','行业资讯',1,0,7,'首页底部行业资讯',0,'5020');
INSERT INTO `cms_channel` VALUES ('5022','system','2017-02-15 15:07:37',3,0,'admin','2017-02-15 15:07:37','5022','公告消息',1,1,9,'首页底部平台公告',NULL,'5020');
INSERT INTO `cms_channel` VALUES ('5030','system','2017-01-11 12:07:07',4,0,'admin','2017-01-11 12:07:07','5030','网站声明',1,1,0,'网站声明',NULL,'5000');
INSERT INTO `cms_channel` VALUES ('8a2a8c2d50d177fd0150d18c00db0003','system','2016-12-08 10:15:26',2,1,'admin','2016-12-08 10:15:26','5024','还款公告',2,0,1,'1',NULL,'5020');
INSERT INTO `cms_channel` VALUES ('8a2a8c2d50d177fd0150d18d4ae80004','system','2015-11-04 16:11:49',0,0,'zhengda','2015-11-04 16:11:49','4107','新手指引后面广告190*87',2,1,1,'1',1,'4000');
INSERT INTO `cms_channel` VALUES ('8a2aa91c4c5ad40b014c649d5c0f0161','system','2015-03-29 16:19:36',1,1,'admin','2015-03-29 16:19:36','50237','关于还款',2,1,NULL,NULL,NULL,NULL);
INSERT INTO `cms_channel` VALUES ('8a2aa91c4c6990cc014c6a0b8c290657','system','2015-03-30 17:38:03',1,1,'admin','2015-03-30 17:38:03','50236','常见问题',1,1,NULL,NULL,NULL,'5023');
INSERT INTO `cms_channel` VALUES ('8a2aa91c4d8fa087014de66bdb3c1319','system','2015-06-12 14:19:37',2,0,'zhengda','2015-06-12 14:19:37','4208','项目详情页广告1920*181',3,1,1,'1',NULL,'4000');
INSERT INTO `cms_channel` VALUES ('8a2aa91c4d8fa087014de66d63a4131a','system','2015-06-12 14:20:41',1,0,'zhengda','2015-06-12 14:20:41','5090','帮助中心',1,1,1,NULL,NULL,'5000');
INSERT INTO `cms_channel` VALUES ('8a2aa91c4d8fa087014de66def19131b','system','2015-06-12 14:21:13',2,1,'zhengda','2015-06-12 14:21:13','5091','关于我们',1,1,5,'5',NULL,'8a2aa91c4d8fa087014de66d63a4131a');
INSERT INTO `cms_channel` VALUES ('8a2aa91c4d8fa087014de66e7f52131c','system','2015-06-12 14:21:50',1,1,'zhengda','2015-06-12 14:21:50','5092','帮助中心',1,1,2,'2',NULL,'8a2aa91c4d8fa087014de66d63a4131a');
INSERT INTO `cms_channel` VALUES ('8a2aa91c4d8fa087014de66e7f52132c','system','2015-06-12 14:21:50',1,1,'zhengda','2015-06-12 14:21:50','5093','新手入门',1,1,2,'2',NULL,'8a2aa91c4d8fa087014de66d63a4131a');
INSERT INTO `cms_channel` VALUES ('8a2aa91c4d8fa087014de66e7f52133c','system','2017-02-19 15:42:33',2,0,'admin','2017-02-19 15:42:33','5094','关于资金存管',1,1,2,'2',NULL,'8a2aa91c4d8fa087014de66d63a4131a');
INSERT INTO `cms_channel` VALUES ('8a2aa91c4d8fa087014de66e7f52134c','system','2016-12-08 10:36:52',1,0,'admin','2016-12-08 10:36:52','5095','投资常见问题',1,1,2,'2',NULL,'8a2aa91c4d8fa087014de66d63a4131a');
INSERT INTO `cms_channel` VALUES ('8a2aa91c4d8fa087014de66e7f52135c','system','2017-02-15 18:45:47',2,0,'admin','2017-02-15 18:45:47','5096','充值提现问题',1,1,2,'2',NULL,'8a2aa91c4d8fa087014de66d63a4131a');
INSERT INTO `cms_channel` VALUES ('ff8080814c3b7f34014c3b8c041c0003','system','2015-11-04 16:12:21',2,0,'zhengda','2015-11-04 16:12:21','4104','新手指引750*87',1,1,0,NULL,NULL,'4000');
INSERT INTO `cms_channel` VALUES ('ff8080814c3ba19a014c40e68c050078','system','2015-03-22 18:00:04',1,0,'huang','2015-03-22 18:00:04','4204','实名认证广告390*410',1,1,NULL,NULL,0,'4000');
INSERT INTO `cms_channel` VALUES ('ff8080814c3ba19a014c40e7208a0079','system','2015-03-22 18:00:10',1,0,'huang','2015-03-22 18:00:10','4205','选择银行卡广告390*410',1,1,NULL,NULL,0,'4000');
INSERT INTO `cms_channel` VALUES ('ff8080814c3ba19a014c40e77c79007a','system','2015-03-22 18:00:17',1,0,'huang','2015-03-22 18:00:17','4206','绑卡页面广告390*410',1,1,NULL,NULL,0,'4000');
INSERT INTO `cms_channel` VALUES ('ff8080814c3ba19a014c40e8a70a007b','system','2015-03-22 18:00:36',1,0,'huang','2015-03-22 18:00:36','4207','注册成功页面广告390*330',1,1,NULL,NULL,0,'4000');
INSERT INTO `cms_channel` VALUES ('ff8080815aa19f76015aa1aacb120012','system','2017-03-06 11:30:09',0,0,'admin','2017-03-06 11:30:09','5023','理财问答',1,1,10,NULL,1,'5020');
INSERT INTO `cms_channel` VALUES ('ff808081612ca22c01614815ded30011','system','2018-01-31 01:20:48',0,0,'admin','2018-01-31 01:20:48','5040','信息披露',1,1,0,NULL,1,'5000');
INSERT INTO `cms_channel` VALUES ('ff808081612ca22c0161481632930012','system','2018-01-31 01:21:18',2,1,'admin','2018-01-31 01:21:18','5041','备案信息',1,1,0,NULL,NULL,NULL);
INSERT INTO `cms_channel` VALUES ('ff808081612ca22c01614816de130013','system','2018-01-31 01:21:53',0,0,'admin','2018-01-31 01:21:53','5042','组织信息',1,1,0,NULL,1,'ff808081612ca22c01614815ded30011');
INSERT INTO `cms_channel` VALUES ('ff808081612ca22c0161481748a30014','system','2018-01-31 01:22:20',0,0,'admin','2018-01-31 01:22:20','5043','审核信息',1,1,0,NULL,1,'ff808081612ca22c01614815ded30011');
INSERT INTO `cms_channel` VALUES ('ff808081612ca22c0161481782800015','system','2018-01-31 01:22:35',0,0,'admin','2018-01-31 01:22:35','5044','运营数据',1,1,0,NULL,1,'ff808081612ca22c01614815ded30011');
INSERT INTO `cms_channel` VALUES ('ff808081612ca22c01614817bf6e0016','system','2018-01-31 01:22:51',0,0,'admin','2018-01-31 01:22:51','5045','项目信息',1,1,0,NULL,1,'ff808081612ca22c01614815ded30011');
INSERT INTO `cms_channel` VALUES ('ff808081612ca22c016148187e850017','system','2018-01-31 01:23:40',0,0,'admin','2018-01-31 01:23:40','5046','备案信息',1,1,0,NULL,1,'ff808081612ca22c01614815ded30011');
/*!40000 ALTER TABLE `cms_channel` ENABLE KEYS */;
UNLOCK TABLES;

--
-- Table structure for table `cms_fragment`
--

DROP TABLE IF EXISTS `cms_fragment`;
/*!40101 SET @saved_cs_client     = @@character_set_client */;
/*!40101 SET character_set_client = utf8 */;
CREATE TABLE `cms_fragment` (
  `fragment_id` varchar(32) NOT NULL,
  `createBy` varchar(32) DEFAULT NULL,
  `createTime` datetime DEFAULT NULL,
  `version` int(11) DEFAULT NULL,
  `deleted` int(11) DEFAULT NULL,
  `updateBy` varchar(255) NOT NULL,
  `updateTime` datetime NOT NULL,
  `channel_code` varchar(128) DEFAULT NULL,
  `fragment_content` longtext,
  `fragment_title` varchar(255) DEFAULT NULL,
  `path` varchar(255) DEFAULT NULL,
  `status` int(11) DEFAULT '1',
  `channel_id` varchar(32) NOT NULL,
  PRIMARY KEY (`fragment_id`),
  KEY `FK_hudags8bn7127mh0wnda7219y` (`channel_id`),
  CONSTRAINT `FK_hudags8bn7127mh0wnda7219y` FOREIGN KEY (`channel_id`) REFERENCES `cms_channel` (`channel_id`)
) ENGINE=InnoDB DEFAULT CHARSET=utf8;
/*!40101 SET character_set_client = @saved_cs_client */;

--
-- Dumping data for table `cms_fragment`
--

LOCK TABLES `cms_fragment` WRITE;
/*!40000 ALTER TABLE `cms_fragment` DISABLE KEYS */;
/*!40000 ALTER TABLE `cms_fragment` ENABLE KEYS */;
UNLOCK TABLES;

--
-- Table structure for table `cms_link`
--

DROP TABLE IF EXISTS `cms_link`;
/*!40101 SET @saved_cs_client     = @@character_set_client */;
/*!40101 SET character_set_client = utf8 */;
CREATE TABLE `cms_link` (
  `link_id` varchar(32) NOT NULL,
  `createBy` varchar(32) DEFAULT NULL,
  `createTime` datetime DEFAULT NULL,
  `version` int(11) DEFAULT NULL,
  `channel_code` varchar(128) DEFAULT NULL,
  `link_title` varchar(255) DEFAULT NULL,
  `link_url` varchar(2000) DEFAULT NULL,
  `listSort` int(11) DEFAULT NULL,
  `status` int(11) DEFAULT '1',
  `updateBy` varchar(32) DEFAULT NULL,
  `updateTime` datetime DEFAULT NULL,
  `channel_id` varchar(32) NOT NULL,
  PRIMARY KEY (`link_id`),
  KEY `FK_sxe765jax095xr05dx9qsyc2e` (`channel_id`),
  CONSTRAINT `FK_sxe765jax095xr05dx9qsyc2e` FOREIGN KEY (`channel_id`) REFERENCES `cms_channel` (`channel_id`)
) ENGINE=InnoDB DEFAULT CHARSET=utf8;
/*!40101 SET character_set_client = @saved_cs_client */;

--
-- Dumping data for table `cms_link`
--

LOCK TABLES `cms_link` WRITE;
/*!40000 ALTER TABLE `cms_link` DISABLE KEYS */;
INSERT INTO `cms_link` VALUES ('000000005889b204015889dffec8000d','system','2017-02-22 12:39:18',2,'3001','第一财经',NULL,1,1,'admin','2017-02-22 12:39:18','3001');
INSERT INTO `cms_link` VALUES ('000000005889b204015889e0c58b0011','system','2016-11-24 10:42:01',1,'3001','微财富',NULL,2,1,'admin','2016-11-24 10:42:01','3001');
INSERT INTO `cms_link` VALUES ('000000005889b204015889e180a00019','system','2017-02-22 12:39:35',3,'3001','网易金融',NULL,3,1,'admin','2017-02-22 12:39:35','3001');
INSERT INTO `cms_link` VALUES ('000000005889b204015889e23989001b','system','2017-02-22 12:39:09',2,'3001','苏宁金融',NULL,4,1,'admin','2017-02-22 12:39:09','3001');
INSERT INTO `cms_link` VALUES ('000000005889b204015889e2d67d001d','system','2017-02-22 12:38:59',2,'3001','京东金融',NULL,5,1,'admin','2017-02-22 12:38:59','3001');
INSERT INTO `cms_link` VALUES ('000000005889e33e015889e49d220001','system','2018-04-12 13:28:13',2,'3001','麦子金服',NULL,6,1,'admin','2018-04-12 13:28:13','3001');
INSERT INTO `cms_link` VALUES ('000000005889e33e015889e551330003','system','2017-02-22 12:39:46',1,'3001','华夏银行',NULL,7,1,'admin','2017-02-22 12:39:46','3001');
INSERT INTO `cms_link` VALUES ('000000005889e33e015889e5e91e0005','system','2017-02-22 12:39:53',1,'3001','晋中银行',NULL,8,1,'admin','2017-02-22 12:39:53','3001');
INSERT INTO `cms_link` VALUES ('000000005889e33e015889e670090009','system','2017-02-22 12:40:01',1,'3001','民生银行',NULL,9,1,'admin','2017-02-22 12:40:01','3001');
INSERT INTO `cms_link` VALUES ('000000005889e33e015889e783f8000d','system','2017-02-22 12:40:24',1,'3001','招商银行',NULL,11,1,'admin','2017-02-22 12:40:24','3001');
INSERT INTO `cms_link` VALUES ('000000005889e33e015889e817f4000f','system','2017-02-22 12:39:27',2,'3001','浙商银行',NULL,12,1,'admin','2017-02-22 12:39:27','3001');
/*!40000 ALTER TABLE `cms_link` ENABLE KEYS */;
UNLOCK TABLES;

--
-- Table structure for table `cms_link_attachment`
--

DROP TABLE IF EXISTS `cms_link_attachment`;
/*!40101 SET @saved_cs_client     = @@character_set_client */;
/*!40101 SET character_set_client = utf8 */;
CREATE TABLE `cms_link_attachment` (
  `linkId` varchar(32) NOT NULL,
  `attachmentId` varchar(32) NOT NULL,
  UNIQUE KEY `UK_b8dxpxacm21jvh8ymiuc5urwh` (`attachmentId`),
  KEY `FK_9oombyvrioxqrxoj33cpfwt50` (`linkId`),
  CONSTRAINT `FK_9oombyvrioxqrxoj33cpfwt50` FOREIGN KEY (`linkId`) REFERENCES `cms_link` (`link_id`),
  CONSTRAINT `FK_b8dxpxacm21jvh8ymiuc5urwh` FOREIGN KEY (`attachmentId`) REFERENCES `attachment` (`attachmentId`) ON DELETE CASCADE
) ENGINE=InnoDB DEFAULT CHARSET=utf8;
/*!40101 SET character_set_client = @saved_cs_client */;

--
-- Dumping data for table `cms_link_attachment`
--

LOCK TABLES `cms_link_attachment` WRITE;
/*!40000 ALTER TABLE `cms_link_attachment` DISABLE KEYS */;
/*!40000 ALTER TABLE `cms_link_attachment` ENABLE KEYS */;
UNLOCK TABLES;

--
-- Table structure for table `cms_operational_detail`
--

DROP TABLE IF EXISTS `cms_operational_detail`;
/*!40101 SET @saved_cs_client     = @@character_set_client */;
/*!40101 SET character_set_client = utf8 */;
CREATE TABLE `cms_operational_detail` (
  `cmsOperationalDetailId` varchar(32) NOT NULL,
  `createBy` varchar(32) DEFAULT NULL,
  `createTime` datetime DEFAULT NULL,
  `version` int(11) DEFAULT NULL,
  `deleted` int(11) DEFAULT NULL,
  `updateBy` varchar(255) NOT NULL,
  `updateTime` datetime NOT NULL,
  `cmsReportId` varchar(32) DEFAULT NULL,
  `listSort` int(11) DEFAULT NULL,
  `status` int(11) DEFAULT NULL,
  `title` varchar(60) DEFAULT NULL,
  `cmsChannelId` varchar(32) NOT NULL,
  `contentFileId` varchar(32) DEFAULT NULL,
  `coverImageId` varchar(32) DEFAULT NULL,
  PRIMARY KEY (`cmsOperationalDetailId`),
  KEY `FK_hmfmma4v9wm63g185dg2812h6` (`cmsChannelId`),
  KEY `FK_nry6g9axvwvm02daj6h73sbcc` (`contentFileId`),
  KEY `FK_fss14swp73p44ns85wx11bki9` (`coverImageId`),
  CONSTRAINT `FK_fss14swp73p44ns85wx11bki9` FOREIGN KEY (`coverImageId`) REFERENCES `attachment` (`attachmentId`),
  CONSTRAINT `FK_hmfmma4v9wm63g185dg2812h6` FOREIGN KEY (`cmsChannelId`) REFERENCES `cms_channel` (`channel_id`),
  CONSTRAINT `FK_nry6g9axvwvm02daj6h73sbcc` FOREIGN KEY (`contentFileId`) REFERENCES `attachment` (`attachmentId`)
) ENGINE=InnoDB DEFAULT CHARSET=utf8;
/*!40101 SET character_set_client = @saved_cs_client */;

--
-- Dumping data for table `cms_operational_detail`
--

LOCK TABLES `cms_operational_detail` WRITE;
/*!40000 ALTER TABLE `cms_operational_detail` DISABLE KEYS */;
/*!40000 ALTER TABLE `cms_operational_detail` ENABLE KEYS */;
UNLOCK TABLES;

--
-- Table structure for table `cms_slide`
--

DROP TABLE IF EXISTS `cms_slide`;
/*!40101 SET @saved_cs_client     = @@character_set_client */;
/*!40101 SET character_set_client = utf8 */;
CREATE TABLE `cms_slide` (
  `slide_id` varchar(32) NOT NULL,
  `createBy` varchar(32) DEFAULT NULL,
  `createTime` datetime DEFAULT NULL,
  `version` int(11) DEFAULT NULL,
  `channel_code` varchar(128) DEFAULT NULL,
  `effTime` datetime DEFAULT NULL,
  `expTime` datetime DEFAULT NULL,
  `listSort` int(11) DEFAULT NULL,
  `slide_title` varchar(255) DEFAULT NULL,
  `slide_url` varchar(255) DEFAULT NULL,
  `slide_written` varchar(255) DEFAULT NULL,
  `status` int(11) DEFAULT '1',
  `updateBy` varchar(32) DEFAULT NULL,
  `updateTime` datetime DEFAULT NULL,
  `channel_id` varchar(32) NOT NULL,
  `position` int(11) DEFAULT NULL,
  PRIMARY KEY (`slide_id`),
  KEY `FK_6f9nyepjqf8apdk5g65r2kmcx` (`channel_id`),
  CONSTRAINT `FK_6f9nyepjqf8apdk5g65r2kmcx` FOREIGN KEY (`channel_id`) REFERENCES `cms_channel` (`channel_id`)
) ENGINE=InnoDB DEFAULT CHARSET=utf8;
/*!40101 SET character_set_client = @saved_cs_client */;

--
-- Dumping data for table `cms_slide`
--

LOCK TABLES `cms_slide` WRITE;
/*!40000 ALTER TABLE `cms_slide` DISABLE KEYS */;
INSERT INTO `cms_slide` VALUES ('8a2a8c2d517bda79015189e2c1f70147','system','2017-05-12 17:12:01',17,'4301','2015-12-01 00:00:00','2020-03-03 23:59:59',1,'app首页广告图-01','http://222.177.14.56:8780/piaojuke_czbank-frontmobile/aboutus/activityAppAD?name=20170510',NULL,1,'admin','2017-05-12 17:12:01','4301',2);
INSERT INTO `cms_slide` VALUES ('8a2a8c2d517bda79015189e34b150149','system','2017-05-11 14:03:48',9,'4301','2015-12-01 00:00:00','2020-03-03 23:59:59',0,'app首页广告图-02',NULL,NULL,1,'admin','2017-05-11 14:03:48','4301',2);
INSERT INTO `cms_slide` VALUES ('8a2a8c2d517bda79015189e3ab1a014b','system','2017-05-11 14:04:02',14,'4301','2015-12-01 00:00:00','2020-03-03 23:59:59',0,'app首页广告图-03','http://222.177.14.56:8780/piaojuke_czbank-front/wiki/2015zhongqiu',NULL,1,'admin','2017-05-11 14:04:02','4301',2);
INSERT INTO `cms_slide` VALUES ('ff8080815acae8b4015acc2122580233','system','2017-05-10 17:25:39',9,'4302','2017-03-14 00:00:00','2017-06-30 23:59:59',NULL,'资讯区副banner','http://222.177.14.56:8780/piaojuke_czbank-front/wiki/upgrade?name=0510',NULL,1,'admin','2017-05-10 17:25:39','000000005a73d2ab015a7401c1680062',1);
INSERT INTO `cms_slide` VALUES ('ff8080815acae8b4015acc25237b023a','system','2018-10-11 11:02:40',8,'4101','2017-03-13 00:00:00','2019-04-15 23:59:59',NULL,'银行存管',NULL,NULL,1,'admin','2018-10-11 11:02:41','4101',1);
INSERT INTO `cms_slide` VALUES ('ff8080815acc26dd015acc276a06000b','system','2018-06-22 13:54:02',11,'4101','2017-03-13 00:00:00','2019-03-15 23:59:59',NULL,'升级活动',NULL,NULL,1,'admin','2018-06-22 13:54:02','4101',1);
INSERT INTO `cms_slide` VALUES ('ff8080815acc26dd015acc2839cb000e','system','2018-06-22 13:45:48',5,'4101','2017-03-13 00:00:00','2019-03-15 23:59:59',NULL,'融资信息',NULL,NULL,1,'admin','2018-06-22 13:45:48','4101',1);
INSERT INTO `cms_slide` VALUES ('ff8080815cc36969015cc49b2446492b','system','2017-06-20 18:01:21',7,'4301','2017-06-20 00:00:00','2018-08-20 23:59:59',4,'app首页广告图-04','http://222.177.14.56:8780/piaojuke_czbank-frontmobile/aboutus/activityAppAD?name=20170620',NULL,1,'admin','2017-06-20 18:01:21','4301',2);
INSERT INTO `cms_slide` VALUES ('ff80808163d803670163d90661610001','system','2018-06-07 14:54:24',0,'4201','2018-06-07 00:00:00','2018-06-21 23:59:59',NULL,'二维码',NULL,NULL,0,'admin',NULL,'4201',1);
INSERT INTO `cms_slide` VALUES ('ff80808163ec902b0163fc1ca3a0000a','system','2018-06-14 10:25:25',0,'4201','2018-06-14 00:00:00','2018-06-28 23:59:59',NULL,'注册',NULL,NULL,1,'admin',NULL,'4201',1);
/*!40000 ALTER TABLE `cms_slide` ENABLE KEYS */;
UNLOCK TABLES;

--
-- Table structure for table `cms_slide_attachment`
--

DROP TABLE IF EXISTS `cms_slide_attachment`;
/*!40101 SET @saved_cs_client     = @@character_set_client */;
/*!40101 SET character_set_client = utf8 */;
CREATE TABLE `cms_slide_attachment` (
  `slideId` varchar(32) NOT NULL,
  `attachmentId` varchar(32) NOT NULL,
  UNIQUE KEY `UK_g7l62dova8uig9ah3v533jx1y` (`attachmentId`),
  KEY `FK_ow5alp7bawmo9f54hrwv110ph` (`slideId`),
  CONSTRAINT `FK_g7l62dova8uig9ah3v533jx1y` FOREIGN KEY (`attachmentId`) REFERENCES `attachment` (`attachmentId`) ON DELETE CASCADE,
  CONSTRAINT `FK_ow5alp7bawmo9f54hrwv110ph` FOREIGN KEY (`slideId`) REFERENCES `cms_slide` (`slide_id`)
) ENGINE=InnoDB DEFAULT CHARSET=utf8;
/*!40101 SET character_set_client = @saved_cs_client */;

--
-- Dumping data for table `cms_slide_attachment`
--

LOCK TABLES `cms_slide_attachment` WRITE;
/*!40000 ALTER TABLE `cms_slide_attachment` DISABLE KEYS */;
INSERT INTO `cms_slide_attachment` VALUES ('8a2a8c2d517bda79015189e2c1f70147','ff8080815bfbac7d015bfbedd8460001');
INSERT INTO `cms_slide_attachment` VALUES ('8a2a8c2d517bda79015189e34b150149','ff8080815bf5cc31015bf61b25760001');
INSERT INTO `cms_slide_attachment` VALUES ('8a2a8c2d517bda79015189e3ab1a014b','ff8080815bf5cc31015bf61b606d0002');
INSERT INTO `cms_slide_attachment` VALUES ('ff8080815acae8b4015acc2122580233','ff8080815bf048ea015bf0e159850001');
INSERT INTO `cms_slide_attachment` VALUES ('ff8080815acae8b4015acc25237b023a','ff80808166593958016661136ee8003a');
INSERT INTO `cms_slide_attachment` VALUES ('ff8080815acc26dd015acc276a06000b','ff8080816425688f016426078e9e0001');
INSERT INTO `cms_slide_attachment` VALUES ('ff8080815acc26dd015acc2839cb000e','ff8080816425688f01642606f2af0000');
INSERT INTO `cms_slide_attachment` VALUES ('ff8080815cc36969015cc49b2446492b','ff8080815cc36969015cc49b16da492a');
INSERT INTO `cms_slide_attachment` VALUES ('ff80808163d803670163d90661610001','ff80808163d803670163d905f76e0000');
INSERT INTO `cms_slide_attachment` VALUES ('ff80808163ec902b0163fc1ca3a0000a','ff80808163ec902b0163fc1c92050009');
/*!40000 ALTER TABLE `cms_slide_attachment` ENABLE KEYS */;
UNLOCK TABLES;

--
-- Table structure for table `comm_config`
--

DROP TABLE IF EXISTS `comm_config`;
/*!40101 SET @saved_cs_client     = @@character_set_client */;
/*!40101 SET character_set_client = utf8 */;
CREATE TABLE `comm_config` (
  `commConfigId` varchar(32) NOT NULL,
  `createBy` varchar(32) DEFAULT NULL,
  `createTime` datetime DEFAULT NULL,
  `version` int(11) DEFAULT NULL,
  `brokerKind` int(11) DEFAULT NULL,
  `commMonth` int(11) DEFAULT NULL,
  `commNm` varchar(255) DEFAULT NULL,
  `commRate` decimal(19,8) DEFAULT NULL,
  `commlevel` int(11) DEFAULT NULL,
  `gradeLimit` int(11) DEFAULT NULL,
  `rate21` decimal(19,8) DEFAULT NULL,
  `rate22` decimal(19,8) DEFAULT NULL,
  `rate31` decimal(19,8) DEFAULT NULL,
  `rate32` decimal(19,8) DEFAULT NULL,
  `rate33` decimal(19,8) DEFAULT NULL,
  `amountVerify` decimal(19,4) DEFAULT NULL,
  `investingAmt` decimal(19,4) DEFAULT NULL,
  `remark` varchar(200) DEFAULT NULL,
  PRIMARY KEY (`commConfigId`)
) ENGINE=InnoDB DEFAULT CHARSET=utf8;
/*!40101 SET character_set_client = @saved_cs_client */;

--
-- Dumping data for table `comm_config`
--

LOCK TABLES `comm_config` WRITE;
/*!40000 ALTER TABLE `comm_config` DISABLE KEYS */;
INSERT INTO `comm_config` VALUES ('1','system','2015-09-06 17:54:15',1,1,1,'1',1.00000000,1,1,1.00000000,1.00000000,1.00000000,1.00000000,1.00000000,NULL,NULL,NULL);
INSERT INTO `comm_config` VALUES ('2','system','2015-09-06 17:54:53',1,0,2,'1',1.00000000,1,1,1.00000000,1.00000000,1.00000000,1.00000000,1.00000000,NULL,NULL,NULL);
/*!40000 ALTER TABLE `comm_config` ENABLE KEYS */;
UNLOCK TABLES;

--
-- Table structure for table `company`
--

DROP TABLE IF EXISTS `company`;
/*!40101 SET @saved_cs_client     = @@character_set_client */;
/*!40101 SET character_set_client = utf8 */;
CREATE TABLE `company` (
  `memberId` varchar(32) NOT NULL,
  `createBy` varchar(32) DEFAULT NULL,
  `createTime` datetime DEFAULT NULL,
  `version` int(11) DEFAULT NULL,
  `companyAddress` varchar(256) DEFAULT NULL,
  `companyCd` varchar(20) DEFAULT NULL,
  `companyComplaint` varchar(2000) DEFAULT NULL,
  `companyCredit` varchar(2000) DEFAULT NULL,
  `companyDesc` varchar(2000) DEFAULT NULL,
  `companyFinance` varchar(2000) DEFAULT NULL,
  `companyLicence` varchar(32) DEFAULT NULL,
  `companyNm` varchar(255) DEFAULT NULL,
  `companyOperate` varchar(2000) DEFAULT NULL,
  `companyRange` varchar(2000) DEFAULT NULL,
  `foundTime` datetime DEFAULT NULL,
  `legalPerson` varchar(64) DEFAULT NULL,
  `legalPersonIDCard` varchar(18) DEFAULT NULL,
  `phone` varchar(255) DEFAULT NULL,
  `registedFund` decimal(19,2) DEFAULT NULL,
  `status` int(11) DEFAULT NULL,
  `taxNo` varchar(32) DEFAULT NULL,
  `upateTime` datetime DEFAULT NULL,
  `updateBy` varchar(32) DEFAULT NULL,
  `account` varchar(20) DEFAULT NULL,
  `bankBranchNo` varchar(20) DEFAULT NULL,
  `isCurrentBankFlag` int(11) DEFAULT NULL,
  PRIMARY KEY (`memberId`)
) ENGINE=InnoDB DEFAULT CHARSET=utf8;
/*!40101 SET character_set_client = @saved_cs_client */;

--
-- Dumping data for table `company`
--

LOCK TABLES `company` WRITE;
/*!40000 ALTER TABLE `company` DISABLE KEYS */;
INSERT INTO `company` VALUES ('00000000588f795001588fb15a130004','admin','2016-11-23 13:38:34',1,NULL,'1111111',NULL,NULL,NULL,NULL,'222-555','重庆企业company1',NULL,NULL,NULL,'cq',NULL,NULL,NULL,NULL,'5556666','2016-11-23 13:43:25','system',NULL,NULL,NULL);
INSERT INTO `company` VALUES ('00000000588f795001588fcd61800010','admin','2016-11-23 14:09:11',1,NULL,'234234',NULL,NULL,NULL,NULL,'234234','中国重庆company2',NULL,NULL,NULL,'company2',NULL,NULL,NULL,NULL,'234234','2018-08-23 10:07:13','system',NULL,NULL,0);
INSERT INTO `company` VALUES ('4028a11a657f3ce201657f6f2ad30001','admin','2018-08-28 15:28:36',0,NULL,NULL,NULL,NULL,NULL,NULL,'91140100701151493F','爱丽丝',NULL,NULL,NULL,NULL,NULL,NULL,NULL,NULL,NULL,NULL,NULL,'6223093310072088571','316821000018',1);
INSERT INTO `company` VALUES ('4028a11a657f3ce201657f71f5800003','admin','2018-08-28 15:31:39',0,NULL,NULL,NULL,NULL,NULL,NULL,'91140100701151493G','爱丽丝',NULL,NULL,NULL,NULL,NULL,NULL,NULL,NULL,NULL,NULL,NULL,'6223093310072088571','316821000018',1);
INSERT INTO `company` VALUES ('4028a11a657f3ce201657f729af50005','admin','2018-08-28 15:32:21',0,NULL,NULL,NULL,NULL,NULL,NULL,'91140100701151493H','爱丽丝',NULL,NULL,NULL,NULL,NULL,NULL,NULL,NULL,NULL,NULL,NULL,'6223093310072088571','316821000018',1);
INSERT INTO `company` VALUES ('4028a2335ffce5e0015ffd442be40006','admin','2017-11-27 19:37:02',0,NULL,NULL,NULL,NULL,NULL,NULL,'222222222','222222222',NULL,NULL,NULL,NULL,NULL,NULL,NULL,NULL,NULL,NULL,NULL,'22222222222',NULL,0);
INSERT INTO `company` VALUES ('4028a2335ffce5e0015ffd463a0e000c','admin','2017-11-27 19:39:18',0,NULL,NULL,NULL,NULL,NULL,NULL,'333333333333','3333',NULL,NULL,NULL,NULL,NULL,NULL,NULL,NULL,NULL,NULL,NULL,'333333333333333',NULL,0);
INSERT INTO `company` VALUES ('4028b8815f043d09015f044ecc000000','admin','2017-10-10 11:23:13',1,NULL,NULL,NULL,NULL,NULL,NULL,'asd','测试',NULL,NULL,NULL,NULL,NULL,NULL,NULL,NULL,NULL,'2017-10-10 11:23:41','system','asdasd',NULL,0);
INSERT INTO `company` VALUES ('8a80d78557576efe015757bd59d30029','admin','2016-09-23 23:50:09',5,NULL,'MA1JL5602',NULL,NULL,NULL,NULL,'91500103331621610D','上海益如芒资产管理有限公司',NULL,NULL,NULL,NULL,NULL,NULL,NULL,NULL,'91310118MA1JL56023','2017-11-30 11:51:17','system','121920545310401','308290003556',1);
INSERT INTO `company` VALUES ('ff8080815e9d5ddf01609d51a6a80000','admin','2017-12-28 21:31:02',9,NULL,NULL,NULL,NULL,NULL,NULL,'lic48','name48',NULL,NULL,NULL,NULL,NULL,NULL,NULL,NULL,NULL,'2017-11-29 21:03:01','system','62220266020202','403601000114',1);
INSERT INTO `company` VALUES ('ff8080815f518cdd015f70043743002c','admin','2017-10-31 09:20:45',0,NULL,NULL,NULL,NULL,NULL,NULL,'500123456789','测试借款公司企业一',NULL,NULL,NULL,NULL,NULL,NULL,NULL,NULL,NULL,NULL,NULL,'600123456789','102797450111',0);
INSERT INTO `company` VALUES ('ff8080815f71266f015f712b6ee20000','admin','2017-10-31 14:43:12',1,NULL,NULL,NULL,NULL,NULL,NULL,'lic47','name47',NULL,NULL,NULL,NULL,NULL,NULL,NULL,NULL,NULL,'2017-10-31 14:47:34','system','card47',NULL,0);
INSERT INTO `company` VALUES ('ff8080815f71266f015f71332be80004','admin','2017-10-31 14:51:39',2,NULL,NULL,NULL,NULL,NULL,NULL,'lic46','name46',NULL,NULL,NULL,NULL,NULL,NULL,NULL,NULL,NULL,'2017-11-30 11:32:06','system','card46','46464646464612',1);
INSERT INTO `company` VALUES ('ff8080816000906d0160065af56b0011','admin','2017-11-29 13:58:32',0,NULL,NULL,NULL,NULL,NULL,NULL,'lic123','comp1',NULL,NULL,NULL,NULL,NULL,NULL,NULL,NULL,NULL,NULL,NULL,NULL,NULL,0);
INSERT INTO `company` VALUES ('ff8080816000906d0160067dcef50018','admin','2017-11-29 14:36:36',0,NULL,NULL,NULL,NULL,NULL,NULL,'91510100343155899B','上海统硕贸易有限公司',NULL,NULL,NULL,NULL,NULL,NULL,NULL,NULL,NULL,NULL,NULL,'121917493410101','308290003556',1);
INSERT INTO `company` VALUES ('ff8080816007debb01600b0a217e000f','admin','2017-11-30 11:48:21',3,NULL,NULL,NULL,NULL,NULL,NULL,'91310115301401545J','上海讯燕贸易有限公司',NULL,NULL,NULL,NULL,NULL,NULL,NULL,NULL,NULL,'2017-12-27 16:17:46','system',NULL,NULL,0);
INSERT INTO `company` VALUES ('ff80808160c456180160c47bf9ff0001','admin','2018-01-05 12:02:27',0,NULL,NULL,NULL,NULL,NULL,NULL,'lic50','name50',NULL,NULL,NULL,NULL,NULL,NULL,NULL,NULL,NULL,NULL,NULL,'card50','123123321321',0);
INSERT INTO `company` VALUES ('ff80808160c456180160c5000f46000f','admin','2018-01-05 14:26:43',0,NULL,NULL,NULL,NULL,NULL,NULL,'lic60','name60',NULL,NULL,NULL,NULL,NULL,NULL,NULL,NULL,NULL,NULL,NULL,'card60','123123123456',0);
INSERT INTO `company` VALUES ('ff808081623bdb3601623c035bc9000a','admin','2018-03-19 10:07:55',0,NULL,NULL,NULL,NULL,NULL,NULL,'916206020639391973','武威绿色家园玻璃钢有限公司',NULL,NULL,NULL,NULL,NULL,NULL,NULL,NULL,NULL,NULL,NULL,NULL,NULL,0);
INSERT INTO `company` VALUES ('ff808081623ce4ae01623cea5e880000','admin','2018-03-19 14:20:15',0,NULL,NULL,NULL,NULL,NULL,NULL,'91620100MA72RXE32Q','甘肃兰欣新型建材有限责任公司',NULL,NULL,NULL,NULL,NULL,NULL,NULL,NULL,NULL,NULL,NULL,NULL,NULL,0);
INSERT INTO `company` VALUES ('ff80808162474dfb0162477d98420017','admin','2018-03-21 15:37:16',0,NULL,NULL,NULL,NULL,NULL,NULL,'91310118065993592X','上海米果箱包有限公司',NULL,NULL,NULL,NULL,NULL,NULL,NULL,NULL,NULL,NULL,NULL,NULL,NULL,0);
INSERT INTO `company` VALUES ('ff808081651dab90016521b7cf0f0019','admin','2018-08-10 10:43:38',3,NULL,NULL,NULL,NULL,NULL,NULL,'91350502M00013U486','abc公司',NULL,NULL,NULL,NULL,NULL,NULL,NULL,NULL,NULL,'2018-08-10 17:30:46','system','6228481698729220013','203465220016',0);
INSERT INTO `company` VALUES ('ff808081651dab90016522d5f10e0027','admin','2018-08-10 15:56:10',2,NULL,NULL,NULL,NULL,NULL,NULL,'91310115MA1H7F3J8W','上海车辆公司',NULL,NULL,NULL,NULL,NULL,NULL,NULL,NULL,NULL,'2018-08-22 12:23:08','system','586994536100010','011465215024',1);
INSERT INTO `company` VALUES ('ff808081651dab9001654610d81a015c','admin','2018-08-17 12:07:13',1,NULL,NULL,NULL,NULL,NULL,NULL,'0011221','dd公司1',NULL,NULL,NULL,NULL,NULL,NULL,NULL,NULL,NULL,'2018-08-17 12:08:06','system',NULL,NULL,0);
INSERT INTO `company` VALUES ('ff808081651dab90016546dc776f017e','admin','2018-08-17 15:49:38',0,NULL,NULL,NULL,NULL,NULL,NULL,'914404003980278789','上海第一担保有限公司',NULL,NULL,NULL,NULL,NULL,NULL,NULL,NULL,NULL,NULL,NULL,'16513516813','381612151548',1);
INSERT INTO `company` VALUES ('ff808081655b0c6f01655fc3818b0035','admin','2018-08-22 11:52:52',0,NULL,NULL,NULL,NULL,NULL,NULL,'34209385092750','某公司',NULL,NULL,NULL,NULL,NULL,NULL,NULL,NULL,NULL,NULL,NULL,'293492309480235','234235665522',1);
INSERT INTO `company` VALUES ('ff80808165e629cf01661ad16e6f004b','admin','2018-09-27 19:37:04',1,NULL,NULL,NULL,NULL,NULL,NULL,'232323232323','2323',NULL,NULL,NULL,NULL,NULL,NULL,NULL,NULL,NULL,'2018-09-27 19:37:41','system',NULL,NULL,0);
INSERT INTO `company` VALUES ('ff80808165e629cf01661ad412e1004e','admin','2018-09-27 19:39:58',5,NULL,NULL,NULL,NULL,NULL,NULL,'111','测试1',NULL,NULL,NULL,NULL,NULL,NULL,NULL,NULL,NULL,'2018-10-27 15:28:28','system','121920545310401','308290003556',0);
INSERT INTO `company` VALUES ('ff8080816659395801666105c81f0029','admin','2018-10-11 10:47:41',0,NULL,NULL,NULL,NULL,NULL,NULL,'913101053122677246','上海赢汇贸易有限公司',NULL,NULL,NULL,NULL,NULL,NULL,NULL,NULL,NULL,NULL,NULL,'70090122000132209','313290010088',1);
INSERT INTO `company` VALUES ('ff8080816668f8b401667d412fd52ca8','admin','2018-10-16 22:21:56',0,NULL,NULL,NULL,NULL,NULL,NULL,'91310113320908886B','上海稳维贸易有限公司',NULL,NULL,NULL,NULL,NULL,NULL,NULL,NULL,NULL,NULL,NULL,'50131000483751135','322290023060',1);
/*!40000 ALTER TABLE `company` ENABLE KEYS */;
UNLOCK TABLES;

--
-- Table structure for table `company_attachment`
--

DROP TABLE IF EXISTS `company_attachment`;
/*!40101 SET @saved_cs_client     = @@character_set_client */;
/*!40101 SET character_set_client = utf8 */;
CREATE TABLE `company_attachment` (
  `memberId` varchar(32) NOT NULL,
  `attachmentId` varchar(32) NOT NULL,
  UNIQUE KEY `UK_jei8dme0xxy75g69gbe0hc7m7` (`attachmentId`),
  KEY `FK_5hhksl04o141sxwblbq1fiam9` (`memberId`),
  CONSTRAINT `FK_5hhksl04o141sxwblbq1fiam9` FOREIGN KEY (`memberId`) REFERENCES `company` (`memberId`),
  CONSTRAINT `FK_jei8dme0xxy75g69gbe0hc7m7` FOREIGN KEY (`attachmentId`) REFERENCES `attachment` (`attachmentId`) ON DELETE CASCADE
) ENGINE=InnoDB DEFAULT CHARSET=utf8;
/*!40101 SET character_set_client = @saved_cs_client */;

--
-- Dumping data for table `company_attachment`
--

LOCK TABLES `company_attachment` WRITE;
/*!40000 ALTER TABLE `company_attachment` DISABLE KEYS */;
/*!40000 ALTER TABLE `company_attachment` ENABLE KEYS */;
UNLOCK TABLES;

--
-- Table structure for table `companycontact`
--

DROP TABLE IF EXISTS `companycontact`;
/*!40101 SET @saved_cs_client     = @@character_set_client */;
/*!40101 SET character_set_client = utf8 */;
CREATE TABLE `companycontact` (
  `contactId` varchar(32) NOT NULL,
  `createBy` varchar(32) DEFAULT NULL,
  `createTime` datetime DEFAULT NULL,
  `version` int(11) DEFAULT NULL,
  `contactDesc` varchar(255) DEFAULT NULL,
  `contactDuty` varchar(64) DEFAULT NULL,
  `contactFax` varchar(32) DEFAULT NULL,
  `contactKind` int(11) DEFAULT NULL,
  `contactNm` varchar(64) DEFAULT NULL,
  `contactPhone` varchar(32) DEFAULT NULL,
  `email` varchar(128) DEFAULT NULL,
  `officePhone` varchar(32) DEFAULT NULL,
  `memberId` varchar(32) NOT NULL,
  PRIMARY KEY (`contactId`),
  KEY `FK_ff5mukej2qc6ihmugs5oykptp` (`memberId`),
  CONSTRAINT `FK_ff5mukej2qc6ihmugs5oykptp` FOREIGN KEY (`memberId`) REFERENCES `company` (`memberId`)
) ENGINE=InnoDB DEFAULT CHARSET=utf8;
/*!40101 SET character_set_client = @saved_cs_client */;

--
-- Dumping data for table `companycontact`
--

LOCK TABLES `companycontact` WRITE;
/*!40000 ALTER TABLE `companycontact` DISABLE KEYS */;
/*!40000 ALTER TABLE `companycontact` ENABLE KEYS */;
UNLOCK TABLES;

--
-- Table structure for table `compensation`
--

DROP TABLE IF EXISTS `compensation`;
/*!40101 SET @saved_cs_client     = @@character_set_client */;
/*!40101 SET character_set_client = utf8 */;
CREATE TABLE `compensation` (
  `repayId` varchar(32) NOT NULL,
  `createBy` varchar(32) DEFAULT NULL,
  `createTime` datetime DEFAULT NULL,
  `version` int(11) DEFAULT NULL,
  `amount` decimal(19,2) DEFAULT NULL,
  `claimAmount` decimal(19,2) DEFAULT NULL,
  `memberId` varchar(32) DEFAULT NULL,
  `status` int(11) DEFAULT NULL,
  `productId` varchar(32) NOT NULL,
  PRIMARY KEY (`repayId`),
  KEY `FK_i0soeaj36lwh95q23j0mnkh2c` (`productId`),
  CONSTRAINT `FK_i0soeaj36lwh95q23j0mnkh2c` FOREIGN KEY (`productId`) REFERENCES `product` (`productId`)
) ENGINE=InnoDB DEFAULT CHARSET=utf8;
/*!40101 SET character_set_client = @saved_cs_client */;

--
-- Dumping data for table `compensation`
--

LOCK TABLES `compensation` WRITE;
/*!40000 ALTER TABLE `compensation` DISABLE KEYS */;
/*!40000 ALTER TABLE `compensation` ENABLE KEYS */;
UNLOCK TABLES;

--
-- Table structure for table `contract_template`
--

DROP TABLE IF EXISTS `contract_template`;
/*!40101 SET @saved_cs_client     = @@character_set_client */;
/*!40101 SET character_set_client = utf8 */;
CREATE TABLE `contract_template` (
  `id` varchar(32) NOT NULL,
  `createBy` varchar(32) DEFAULT NULL,
  `createTime` datetime DEFAULT NULL,
  `version` int(11) DEFAULT NULL,
  `fileName` varchar(100) DEFAULT NULL,
  `isDefault` int(11) DEFAULT NULL,
  `remark` varchar(400) DEFAULT NULL,
  `status` int(11) DEFAULT NULL,
  `templateCode` varchar(40) DEFAULT NULL,
  `templateNm` varchar(60) DEFAULT NULL,
  `templateTypeCode` varchar(40) DEFAULT NULL,
  PRIMARY KEY (`id`)
) ENGINE=InnoDB DEFAULT CHARSET=utf8 ROW_FORMAT=DYNAMIC;
/*!40101 SET character_set_client = @saved_cs_client */;

--
-- Dumping data for table `contract_template`
--

LOCK TABLES `contract_template` WRITE;
/*!40000 ALTER TABLE `contract_template` DISABLE KEYS */;
INSERT INTO `contract_template` VALUES ('f2b77a5b5755dfe8015755fabc9d0001','system','2016-09-23 15:37:58',25,'票据类投资合同模板18.3.8 (1).docx',1,'20170628',0,'invest-template','投资合同模板','0');
INSERT INTO `contract_template` VALUES ('f2b77a5b5755dfe8015755fbba080002','system','2016-09-23 15:39:03',4,'债权转让协议.docx',1,'2016-11-1 update',0,'credit-transfer','债权转让合同模板','2');
/*!40000 ALTER TABLE `contract_template` ENABLE KEYS */;
UNLOCK TABLES;

--
-- Table structure for table `contract_template_producttyperule`
--

DROP TABLE IF EXISTS `contract_template_producttyperule`;
/*!40101 SET @saved_cs_client     = @@character_set_client */;
/*!40101 SET character_set_client = utf8 */;
CREATE TABLE `contract_template_producttyperule` (
  `contractTemplateId` varchar(32) NOT NULL,
  `productTypeRuleId` varchar(32) NOT NULL,
  KEY `FK_8nrddqkc9e0196ixq5se975k8` (`productTypeRuleId`),
  KEY `FK_3hh15lxeg25mougvp8dtqbcl9` (`contractTemplateId`),
  CONSTRAINT `FK_3hh15lxeg25mougvp8dtqbcl9` FOREIGN KEY (`contractTemplateId`) REFERENCES `contract_template` (`id`),
  CONSTRAINT `FK_8nrddqkc9e0196ixq5se975k8` FOREIGN KEY (`productTypeRuleId`) REFERENCES `producttyperule` (`productTypeRuleId`)
) ENGINE=InnoDB DEFAULT CHARSET=utf8;
/*!40101 SET character_set_client = @saved_cs_client */;

--
-- Dumping data for table `contract_template_producttyperule`
--

LOCK TABLES `contract_template_producttyperule` WRITE;
/*!40000 ALTER TABLE `contract_template_producttyperule` DISABLE KEYS */;
INSERT INTO `contract_template_producttyperule` VALUES ('00000000571dc5d701571df0d53d0000','0000000058d7fd3d0158d86a06140041');
INSERT INTO `contract_template_producttyperule` VALUES ('00000000571dc5d701571df0d53d0000','0000000058d7fd3d0158d86a5c8f0042');
INSERT INTO `contract_template_producttyperule` VALUES ('00000000571dc5d701571df0d53d0000','0000000058d7fd3d0158d86af3ea0043');
INSERT INTO `contract_template_producttyperule` VALUES ('00000000571dc5d701571df0d53d0000','0000000058d7fd3d0158d86dc72a0047');
INSERT INTO `contract_template_producttyperule` VALUES ('00000000571dc5d701571df0d53d0000','0000000058d7fd3d0158d87454cb0049');
INSERT INTO `contract_template_producttyperule` VALUES ('00000000571dc5d701571df0d53d0000','0000000058d7fd3d0158d8750eff004a');
INSERT INTO `contract_template_producttyperule` VALUES ('00000000571dc5d701571df0d53d0000','0000000058d7fd3d0158d87597d9004b');
INSERT INTO `contract_template_producttyperule` VALUES ('00000000571dc5d701571df0d53d0000','0000000058dc81420158dc8807600018');
INSERT INTO `contract_template_producttyperule` VALUES ('00000000571dc5d701571df0d53d0000','0000000058fb79020158fbff34f80002');
INSERT INTO `contract_template_producttyperule` VALUES ('00000000570528880157052e49890003','0000000058d7fd3d0158d86a06140041');
INSERT INTO `contract_template_producttyperule` VALUES ('00000000570528880157052e49890003','0000000058d7fd3d0158d86a5c8f0042');
INSERT INTO `contract_template_producttyperule` VALUES ('00000000570528880157052e49890003','0000000058d7fd3d0158d86af3ea0043');
INSERT INTO `contract_template_producttyperule` VALUES ('00000000570528880157052e49890003','0000000058d7fd3d0158d86dc72a0047');
INSERT INTO `contract_template_producttyperule` VALUES ('00000000570528880157052e49890003','0000000058d7fd3d0158d87454cb0049');
INSERT INTO `contract_template_producttyperule` VALUES ('00000000570528880157052e49890003','0000000058d7fd3d0158d8750eff004a');
INSERT INTO `contract_template_producttyperule` VALUES ('00000000570528880157052e49890003','0000000058d7fd3d0158d87597d9004b');
INSERT INTO `contract_template_producttyperule` VALUES ('00000000570528880157052e49890003','0000000058dc81420158dc8807600018');
INSERT INTO `contract_template_producttyperule` VALUES ('00000000570528880157052e49890003','0000000058fb79020158fbff34f80002');
INSERT INTO `contract_template_producttyperule` VALUES ('4028a2f75727f043015727f5028b0000','0000000058d7fd3d0158d86a06140041');
INSERT INTO `contract_template_producttyperule` VALUES ('4028a2f75727f043015727f5028b0000','0000000058d7fd3d0158d86a5c8f0042');
INSERT INTO `contract_template_producttyperule` VALUES ('4028a2f75727f043015727f5028b0000','0000000058d7fd3d0158d86af3ea0043');
INSERT INTO `contract_template_producttyperule` VALUES ('4028a2f75727f043015727f5028b0000','0000000058d7fd3d0158d86dc72a0047');
INSERT INTO `contract_template_producttyperule` VALUES ('4028a2f75727f043015727f5028b0000','0000000058d7fd3d0158d87454cb0049');
INSERT INTO `contract_template_producttyperule` VALUES ('4028a2f75727f043015727f5028b0000','0000000058d7fd3d0158d8750eff004a');
INSERT INTO `contract_template_producttyperule` VALUES ('4028a2f75727f043015727f5028b0000','0000000058d7fd3d0158d87597d9004b');
INSERT INTO `contract_template_producttyperule` VALUES ('4028a2f75727f043015727f5028b0000','0000000058dc81420158dc8807600018');
INSERT INTO `contract_template_producttyperule` VALUES ('4028a2f75727f043015727f5028b0000','0000000058fb79020158fbff34f80002');
INSERT INTO `contract_template_producttyperule` VALUES ('4028a2f75727f043015727f5028b0000','00000000593df3aa01593ec688b30000');
INSERT INTO `contract_template_producttyperule` VALUES ('000000005708f554015708f901ea0000','0000000058d7fd3d0158d86a06140041');
INSERT INTO `contract_template_producttyperule` VALUES ('000000005708f554015708f901ea0000','0000000058d7fd3d0158d86a5c8f0042');
INSERT INTO `contract_template_producttyperule` VALUES ('000000005708f554015708f901ea0000','0000000058d7fd3d0158d86af3ea0043');
INSERT INTO `contract_template_producttyperule` VALUES ('000000005708f554015708f901ea0000','0000000058d7fd3d0158d86dc72a0047');
INSERT INTO `contract_template_producttyperule` VALUES ('000000005708f554015708f901ea0000','0000000058d7fd3d0158d87454cb0049');
INSERT INTO `contract_template_producttyperule` VALUES ('000000005708f554015708f901ea0000','0000000058d7fd3d0158d8750eff004a');
INSERT INTO `contract_template_producttyperule` VALUES ('000000005708f554015708f901ea0000','0000000058d7fd3d0158d87597d9004b');
INSERT INTO `contract_template_producttyperule` VALUES ('000000005708f554015708f901ea0000','0000000058dc81420158dc8807600018');
INSERT INTO `contract_template_producttyperule` VALUES ('000000005708f554015708f901ea0000','0000000058fb79020158fbff34f80002');
INSERT INTO `contract_template_producttyperule` VALUES ('ff8080815cd5300c015cd2be5a620001','0000000058d7fd3d0158d86a06140041');
INSERT INTO `contract_template_producttyperule` VALUES ('ff8080815cd5300c015cd2be5a620001','0000000058d7fd3d0158d86a5c8f0042');
INSERT INTO `contract_template_producttyperule` VALUES ('ff8080815cd5300c015cd2be5a620001','0000000058d7fd3d0158d86af3ea0043');
INSERT INTO `contract_template_producttyperule` VALUES ('ff8080815cd5300c015cd2be5a620001','0000000058d7fd3d0158d86dc72a0047');
INSERT INTO `contract_template_producttyperule` VALUES ('ff808081651dab90016541ac76520122','ff80808165609ff4016564c6e7e70003');
INSERT INTO `contract_template_producttyperule` VALUES ('f2b77a5b5755dfe8015755fabc9d0001','0000000058d7fd3d0158d86a06140041');
INSERT INTO `contract_template_producttyperule` VALUES ('f2b77a5b5755dfe8015755fabc9d0001','0000000058d7fd3d0158d86a5c8f0042');
INSERT INTO `contract_template_producttyperule` VALUES ('f2b77a5b5755dfe8015755fabc9d0001','0000000058d7fd3d0158d86af3ea0043');
INSERT INTO `contract_template_producttyperule` VALUES ('f2b77a5b5755dfe8015755fabc9d0001','0000000058d7fd3d0158d86dc72a0047');
INSERT INTO `contract_template_producttyperule` VALUES ('f2b77a5b5755dfe8015755fabc9d0001','0000000058fb79020158fbff34f80002');
/*!40000 ALTER TABLE `contract_template_producttyperule` ENABLE KEYS */;
UNLOCK TABLES;

--
-- Table structure for table `contractsignrecord`
--

DROP TABLE IF EXISTS `contractsignrecord`;
/*!40101 SET @saved_cs_client     = @@character_set_client */;
/*!40101 SET character_set_client = utf8 */;
CREATE TABLE `contractsignrecord` (
  `recId` varchar(32) NOT NULL,
  `createBy` varchar(32) DEFAULT NULL,
  `createTime` datetime DEFAULT NULL,
  `version` int(11) DEFAULT NULL,
  `agreementId` varchar(32) DEFAULT NULL,
  `investorStatus` int(11) DEFAULT NULL,
  `memberId` varchar(32) DEFAULT NULL,
  `platformStatus` int(11) DEFAULT NULL,
  `retry` int(11) DEFAULT NULL,
  `sourceFile` varchar(255) DEFAULT NULL,
  `status` int(11) DEFAULT NULL,
  `investorSignServiceId` varchar(40) DEFAULT NULL,
  `platformSignServiceId` varchar(40) DEFAULT NULL,
  `scened` int(11) DEFAULT NULL,
  `sceneEvid` varchar(40) DEFAULT NULL,
  `sceneUrl` varchar(2048) DEFAULT NULL,
  `borrowerSignServiceId` varchar(40) DEFAULT NULL,
  `borrowerStatus` int(11) DEFAULT NULL,
  PRIMARY KEY (`recId`),
  KEY `FK_qfsdtct92nhbgw5dfpelocwxy` (`agreementId`),
  KEY `FK_hhg099cm9yhp0r5e9c4pykuue` (`memberId`),
  CONSTRAINT `FK_hhg099cm9yhp0r5e9c4pykuue` FOREIGN KEY (`memberId`) REFERENCES `member` (`memberId`),
  CONSTRAINT `FK_qfsdtct92nhbgw5dfpelocwxy` FOREIGN KEY (`agreementId`) REFERENCES `agreement` (`agreementId`)
) ENGINE=InnoDB DEFAULT CHARSET=utf8;
/*!40101 SET character_set_client = @saved_cs_client */;

--
-- Dumping data for table `contractsignrecord`
--

LOCK TABLES `contractsignrecord` WRITE;
/*!40000 ALTER TABLE `contractsignrecord` DISABLE KEYS */;
/*!40000 ALTER TABLE `contractsignrecord` ENABLE KEYS */;
UNLOCK TABLES;

--
-- Table structure for table `coupon`
--

DROP TABLE IF EXISTS `coupon`;
/*!40101 SET @saved_cs_client     = @@character_set_client */;
/*!40101 SET character_set_client = utf8 */;
CREATE TABLE `coupon` (
  `couponId` varchar(32) NOT NULL,
  `createBy` varchar(32) DEFAULT NULL,
  `createTime` datetime DEFAULT NULL,
  `version` int(11) DEFAULT NULL,
  `deleted` int(11) DEFAULT NULL,
  `updateBy` varchar(255) NOT NULL,
  `updateTime` datetime NOT NULL,
  `applyDate` datetime DEFAULT NULL,
  `couponCd` varchar(32) DEFAULT NULL,
  `expirationDate` datetime DEFAULT NULL,
  `remark` varchar(255) DEFAULT NULL,
  `status` int(11) DEFAULT NULL,
  `useDate` datetime DEFAULT NULL,
  `couponRuleId` varchar(32) DEFAULT NULL,
  `memberId` varchar(32) DEFAULT NULL,
  `orderId` varchar(32) DEFAULT NULL,
  `couponSrc` int(11) DEFAULT NULL,
  `couponSrcDetailDesc` varchar(100) DEFAULT NULL,
  `couponSrcObjId` varchar(50) DEFAULT NULL,
  `couponAmount` decimal(19,2) DEFAULT NULL,
  `couponNm` varchar(32) DEFAULT NULL,
  `couponType` int(11) DEFAULT NULL,
  `limitAmount` decimal(19,2) DEFAULT NULL,
  `limitDays` int(11) DEFAULT NULL,
  `sendDate` datetime DEFAULT NULL,
  `ruleId` varchar(32) DEFAULT NULL,
  PRIMARY KEY (`couponId`),
  KEY `FK_4faiughukvcq6nj0nrsxstu6f` (`couponRuleId`),
  KEY `FK_qcaaoi8x4lbbyb5skbg7d9w2u` (`memberId`),
  KEY `FK_hs36roqvlvnpscn7gtu21axyl` (`orderId`),
  KEY `idx_createTime` (`createTime`),
  KEY `FK_q3jg4gcl756cl54iep76em0c5` (`ruleId`),
  CONSTRAINT `FK_4faiughukvcq6nj0nrsxstu6f` FOREIGN KEY (`couponRuleId`) REFERENCES `coupon_rule` (`ruleId`),
  CONSTRAINT `FK_hs36roqvlvnpscn7gtu21axyl` FOREIGN KEY (`orderId`) REFERENCES `product_order` (`orderId`),
  CONSTRAINT `FK_q3jg4gcl756cl54iep76em0c5` FOREIGN KEY (`ruleId`) REFERENCES `coupon_rule` (`ruleId`),
  CONSTRAINT `FK_qcaaoi8x4lbbyb5skbg7d9w2u` FOREIGN KEY (`memberId`) REFERENCES `member` (`memberId`)
) ENGINE=InnoDB DEFAULT CHARSET=utf8;
/*!40101 SET character_set_client = @saved_cs_client */;

--
-- Dumping data for table `coupon`
--

LOCK TABLES `coupon` WRITE;
/*!40000 ALTER TABLE `coupon` DISABLE KEYS */;
/*!40000 ALTER TABLE `coupon` ENABLE KEYS */;
UNLOCK TABLES;

--
-- Table structure for table `coupon_rule`
--

DROP TABLE IF EXISTS `coupon_rule`;
/*!40101 SET @saved_cs_client     = @@character_set_client */;
/*!40101 SET character_set_client = utf8 */;
CREATE TABLE `coupon_rule` (
  `ruleId` varchar(32) NOT NULL,
  `createBy` varchar(32) DEFAULT NULL,
  `createTime` datetime DEFAULT NULL,
  `version` int(11) DEFAULT NULL,
  `deleted` int(11) DEFAULT NULL,
  `updateBy` varchar(255) NOT NULL,
  `updateTime` datetime NOT NULL,
  `couponAmtOrRate` int(11) DEFAULT NULL,
  `couponNm` varchar(32) DEFAULT NULL,
  `couponType` int(11) DEFAULT NULL,
  `limitDate` datetime DEFAULT NULL,
  `limitDays` int(11) DEFAULT NULL,
  `maxDiscountAmt` int(11) DEFAULT NULL,
  `sendQuantity` int(11) DEFAULT NULL,
  `status` int(11) DEFAULT NULL,
  `totalQuantity` int(11) DEFAULT NULL,
  `useLimitAmt` decimal(19,2) DEFAULT NULL,
  `usedQuantity` int(11) DEFAULT NULL,
  `couponAmount` decimal(19,2) DEFAULT NULL,
  `couponNum` int(11) DEFAULT NULL,
  `isPemanent` bit(1) DEFAULT NULL,
  `limitAmount` decimal(19,2) DEFAULT NULL,
  `maxLimitInvestAmt` decimal(19,2) DEFAULT NULL,
  `minLimitInvestAmt` decimal(19,2) DEFAULT NULL,
  `ruleCd` varchar(32) DEFAULT NULL,
  `isNeedAudit` int(11) DEFAULT NULL,
  PRIMARY KEY (`ruleId`)
) ENGINE=InnoDB DEFAULT CHARSET=utf8;
/*!40101 SET character_set_client = @saved_cs_client */;

--
-- Dumping data for table `coupon_rule`
--

LOCK TABLES `coupon_rule` WRITE;
/*!40000 ALTER TABLE `coupon_rule` DISABLE KEYS */;
INSERT INTO `coupon_rule` VALUES ('ff8080815b0e6ddc015b0e85a3d1001f','system','2017-03-27 14:48:10',1,0,'system','2017-03-27 14:48:10',100,'专用测试误删',1,NULL,NULL,NULL,1,1,1,1000.00,0,NULL,NULL,NULL,NULL,NULL,NULL,NULL,0);
INSERT INTO `coupon_rule` VALUES ('ff8080815b0e6ddc015b0e871b690023','system','2017-03-27 14:49:47',1,0,'system','2017-03-27 14:49:47',10,'专用加息测试误删',3,'2017-03-29 23:59:59',NULL,100,1,1,1,1000.00,0,NULL,NULL,NULL,NULL,NULL,NULL,NULL,0);
INSERT INTO `coupon_rule` VALUES ('ff8080815b0e6ddc015b0e87e4ba0028','system','2017-03-27 14:50:38',2,0,'system','2017-03-27 14:50:38',100,'提现专用测试红包误删',2,NULL,NULL,NULL,1,1,1,NULL,1,NULL,NULL,NULL,NULL,NULL,NULL,NULL,0);
INSERT INTO `coupon_rule` VALUES ('ff8080815b0edd44015b0efda4a13317','system','2017-03-27 16:59:15',5,0,'system','2017-03-27 16:59:15',100,'提现红包0327',2,NULL,NULL,NULL,4,1,100,NULL,1,NULL,NULL,NULL,NULL,NULL,NULL,NULL,0);
INSERT INTO `coupon_rule` VALUES ('ff8080815b0edd44015b0efe26c83318','system','2017-03-27 16:59:48',7,0,'system','2017-03-27 16:59:48',200,'投资红包0327',1,NULL,NULL,NULL,5,1,100,NULL,2,NULL,NULL,NULL,NULL,NULL,NULL,NULL,0);
INSERT INTO `coupon_rule` VALUES ('ff8080815b0edd44015b0efeb5f3331b','system','2017-03-27 17:00:25',5,0,'system','2017-03-27 17:00:25',5,'投资加息券',3,NULL,NULL,100,5,1,100,NULL,0,NULL,NULL,NULL,NULL,NULL,NULL,NULL,0);
INSERT INTO `coupon_rule` VALUES ('ff8080815b0edd44015b0f010f95332a','system','2017-03-27 17:02:59',6,0,'system','2017-03-27 17:02:59',150,'提现红包0327001',2,NULL,NULL,NULL,5,1,100,NULL,1,NULL,NULL,NULL,NULL,NULL,NULL,NULL,0);
INSERT INTO `coupon_rule` VALUES ('ff8080815b143812015b18263ed44c67','system','2017-03-29 11:40:11',2,0,'system','2017-03-29 11:40:11',32,'提现红包32',2,NULL,NULL,NULL,1,1,100,NULL,1,NULL,NULL,NULL,NULL,NULL,NULL,NULL,0);
INSERT INTO `coupon_rule` VALUES ('ff8080815b143812015b1826deea4c68','system','2017-03-29 11:40:52',3,0,'system','2017-03-29 11:40:52',34,'提现红包34',2,'2017-03-29 23:59:59',NULL,NULL,3,1,100,NULL,0,NULL,NULL,NULL,NULL,NULL,NULL,NULL,0);
INSERT INTO `coupon_rule` VALUES ('ff8080815b186d6c015b1882261d0000','system','2017-03-29 13:20:34',9,0,'system','2017-03-29 13:20:34',21,'21',1,NULL,NULL,NULL,5,0,100,NULL,1,NULL,NULL,NULL,NULL,NULL,NULL,NULL,0);
INSERT INTO `coupon_rule` VALUES ('ff8080815b186d6c015b188310600003','system','2017-03-29 13:21:34',2,0,'system','2017-03-29 13:21:34',13,'13',2,NULL,NULL,NULL,1,0,100,NULL,0,NULL,NULL,NULL,NULL,NULL,NULL,NULL,0);
INSERT INTO `coupon_rule` VALUES ('ff8080815b186d6c015b18872ef6000a','system','2017-03-29 13:26:04',2,0,'system','2017-03-29 13:26:04',50,'过期50',1,'2017-03-29 23:59:59',NULL,NULL,2,1,100,NULL,0,NULL,NULL,NULL,NULL,NULL,NULL,NULL,0);
INSERT INTO `coupon_rule` VALUES ('ff8080815b186d6c015b1888e7ff000d','system','2017-03-29 13:27:57',2,0,'system','2017-03-29 13:27:57',51,'禁用51',1,NULL,NULL,NULL,1,0,51,NULL,0,NULL,NULL,NULL,NULL,NULL,NULL,NULL,0);
INSERT INTO `coupon_rule` VALUES ('ff8080815b186d6c015b188ab2370012','system','2017-03-29 13:29:54',4,0,'system','2017-03-29 13:29:54',60,'投资60',1,NULL,NULL,NULL,4,1,60,NULL,0,NULL,NULL,NULL,NULL,NULL,NULL,NULL,0);
INSERT INTO `coupon_rule` VALUES ('ff8080815b186d6c015b188b47d90013','system','2017-03-29 13:30:32',39,0,'system','2017-03-29 13:30:32',1,'加息61',3,NULL,NULL,100,33,1,100,NULL,6,NULL,NULL,NULL,NULL,NULL,NULL,NULL,0);
INSERT INTO `coupon_rule` VALUES ('ff8080815b186d6c015b188badb60014','system','2017-03-29 13:30:58',2,0,'system','2017-03-29 13:30:58',2,'禁用62',3,NULL,NULL,62,1,0,100,NULL,0,NULL,NULL,NULL,NULL,NULL,NULL,NULL,0);
INSERT INTO `coupon_rule` VALUES ('ff8080815b186d6c015b188c110c0015','system','2017-03-29 13:31:24',2,0,'system','2017-03-29 13:31:24',3,'过期63',3,'2017-03-29 23:59:59',NULL,100,2,1,100,NULL,0,NULL,NULL,NULL,NULL,NULL,NULL,NULL,0);
INSERT INTO `coupon_rule` VALUES ('ff8080815b27a1b0015b28152e760030','system','2017-04-01 13:55:28',5,0,'system','2017-04-01 13:55:28',66,'过期投资红包66',1,'2017-03-31 23:59:59',NULL,NULL,3,1,100,NULL,0,NULL,NULL,NULL,NULL,NULL,NULL,NULL,0);
INSERT INTO `coupon_rule` VALUES ('ff8080815b2845df015b284798740000','system','2017-04-01 14:50:32',2,0,'system','2017-04-01 14:50:32',42,'过期加息4-2',3,'2017-04-02 23:59:59',NULL,42,1,1,100000,NULL,0,NULL,NULL,NULL,NULL,NULL,NULL,NULL,0);
INSERT INTO `coupon_rule` VALUES ('ff8080815b2845df015b28483fdc0001','system','2017-04-01 14:51:15',1,0,'system','2017-04-01 14:51:15',100,'投资红包过期测试',1,'2017-04-03 23:59:59',NULL,NULL,12772,1,20000,2000.00,0,NULL,NULL,NULL,NULL,NULL,NULL,NULL,0);
INSERT INTO `coupon_rule` VALUES ('ff8080815b2845df015b2848c0d30002','system','2017-04-01 14:51:48',2,0,'system','2017-04-01 14:51:48',10,'加息卷过期测试',3,'2017-04-04 23:59:59',NULL,50,12782,1,20000,NULL,0,NULL,NULL,NULL,NULL,NULL,NULL,NULL,0);
INSERT INTO `coupon_rule` VALUES ('ff8080815b2845df015b28492e120055','system','2017-04-01 14:52:16',1,0,'system','2017-04-01 14:52:16',50,'提现红包过期测试',2,'2017-04-06 23:59:59',NULL,NULL,12772,1,20000,NULL,0,NULL,NULL,NULL,NULL,NULL,NULL,NULL,0);
INSERT INTO `coupon_rule` VALUES ('ff8080815b2845df015b284a60e40706','system','2017-04-01 14:53:34',2,0,'system','2017-04-01 14:53:34',51,'过期加息5-1',3,'2017-05-01 23:59:59',NULL,100,12773,1,100000,NULL,0,NULL,NULL,NULL,NULL,NULL,NULL,NULL,0);
INSERT INTO `coupon_rule` VALUES ('ff8080815b2845df015b284ef3971996','system','2017-04-01 14:58:34',1,0,'system','2017-04-01 14:58:34',42,'过期投资红包4-2',1,'2017-04-02 23:59:59',NULL,NULL,0,2,1000000,NULL,0,NULL,NULL,NULL,NULL,NULL,NULL,NULL,0);
INSERT INTO `coupon_rule` VALUES ('ff8080815b2845df015b285405cb239d','system','2017-04-01 15:04:06',2,0,'system','2017-04-01 15:04:06',51,'过期投资5-1',1,'2017-05-01 23:59:59',NULL,NULL,2,1,1000,NULL,0,NULL,NULL,NULL,NULL,NULL,NULL,NULL,0);
INSERT INTO `coupon_rule` VALUES ('ff8080815b2845df015b2863e2a63c97','system','2017-04-01 15:21:26',1,0,'system','2017-04-01 15:21:26',42,'过期红包42',2,'2017-04-02 23:59:59',NULL,NULL,0,2,100,NULL,0,NULL,NULL,NULL,NULL,NULL,NULL,NULL,0);
INSERT INTO `coupon_rule` VALUES ('ff8080815b2845df015b28643d423c98','system','2017-04-01 15:21:49',4,0,'system','2017-04-01 15:21:49',51,'芝期红包51',2,'2017-05-01 23:59:59',NULL,NULL,4,1,1000,NULL,0,NULL,NULL,NULL,NULL,NULL,NULL,NULL,0);
INSERT INTO `coupon_rule` VALUES ('ff8080815b28678a015b286996a60003','system','2017-04-01 15:27:40',1,0,'system','2017-04-01 15:27:40',410,'提现红包410',2,'2017-04-10 23:59:59',NULL,NULL,12772,1,1000000,NULL,0,NULL,NULL,NULL,NULL,NULL,NULL,NULL,0);
INSERT INTO `coupon_rule` VALUES ('ff8080815b2a3b17015b2a3c65d30001','system','2017-04-01 23:57:33',2,0,'system','2017-04-01 23:57:33',58,'过期加息58',3,'2017-04-01 23:59:59',NULL,58,1,1,100,NULL,0,NULL,NULL,NULL,NULL,NULL,NULL,NULL,0);
INSERT INTO `coupon_rule` VALUES ('ff8080815b426f22015b4649ef580038','system','2017-04-07 10:41:42',1,0,'system','2017-04-07 10:41:42',11,'111',3,NULL,NULL,200,1,1,10,NULL,0,NULL,NULL,NULL,NULL,NULL,NULL,NULL,0);
INSERT INTO `coupon_rule` VALUES ('ff8080815b426f22015b4685dae40064','system','2017-04-07 11:47:09',38,0,'system','2017-04-07 11:47:09',15,'加息15%',3,NULL,NULL,10000,29,1,1000,NULL,9,NULL,NULL,NULL,NULL,NULL,NULL,NULL,0);
INSERT INTO `coupon_rule` VALUES ('ff8080815b426f22015b46fd717d0095','system','2017-04-07 13:57:46',6,0,'system','2017-04-07 13:57:46',1,'测试加息最大优惠',3,NULL,NULL,20,4,1,10000,NULL,2,NULL,NULL,NULL,NULL,NULL,NULL,NULL,0);
INSERT INTO `coupon_rule` VALUES ('ff8080815b603ef7015b60d2854332f9','system','2017-04-12 14:21:01',3,0,'system','2017-04-12 14:21:01',50,'投资红包满100可用',1,NULL,NULL,NULL,3,1,1000,100.00,0,NULL,NULL,NULL,NULL,NULL,NULL,NULL,0);
INSERT INTO `coupon_rule` VALUES ('ff8080815b603ef7015b60ee621a65fd','system','2017-04-12 14:51:27',29,0,'system','2017-04-12 14:51:27',1,'加息券最高优惠100，单笔满90000',3,NULL,NULL,100,29,1,100,90000.00,0,NULL,NULL,NULL,NULL,NULL,NULL,NULL,0);
INSERT INTO `coupon_rule` VALUES ('ff8080815b655d40015b665b91060045','system','2017-04-13 16:08:48',1,0,'system','2017-04-13 16:08:48',10,'F投资红包0413',1,'2017-04-13 23:59:59',NULL,NULL,12783,1,15000,2000.00,0,NULL,NULL,NULL,NULL,NULL,NULL,NULL,0);
INSERT INTO `coupon_rule` VALUES ('ff8080815b655d40015b665c551a0046','system','2017-04-13 16:09:38',1,0,'system','2017-04-13 16:09:38',2,'F加息券0413',3,'2017-04-14 23:59:59',NULL,100,12783,1,15000,2000.00,0,NULL,NULL,NULL,NULL,NULL,NULL,NULL,0);
INSERT INTO `coupon_rule` VALUES ('ff8080815b67b417015b67b66e280000','system','2017-04-13 22:27:40',2,0,'system','2017-04-13 22:27:40',50,'F提现红包',1,'2017-04-14 23:59:59',NULL,NULL,12783,0,20000,NULL,0,NULL,NULL,NULL,NULL,NULL,NULL,NULL,0);
INSERT INTO `coupon_rule` VALUES ('ff8080815bc4baaa015bc4e5af0022d1','system','2017-05-02 00:43:58',9,0,'system','2017-05-02 00:43:58',1020,'批量提现红包',2,NULL,NULL,NULL,12780,1,20000,NULL,0,NULL,NULL,NULL,NULL,NULL,NULL,NULL,0);
INSERT INTO `coupon_rule` VALUES ('ff8080815bc4baaa015bc50179ea785b','system','2017-05-02 01:14:20',8,0,'system','2017-05-02 01:14:20',106,'批量提现红包1',2,NULL,NULL,NULL,12779,1,100000,NULL,0,NULL,NULL,NULL,NULL,NULL,NULL,NULL,0);
INSERT INTO `coupon_rule` VALUES ('ff8080815bd204b6015bd64e3c62188a','system','2017-05-05 09:51:43',1,0,'system','2017-05-05 09:51:43',80,'好友投资送优惠80元',1,NULL,NULL,NULL,1,1,1000,NULL,0,NULL,NULL,NULL,NULL,NULL,NULL,NULL,0);
INSERT INTO `coupon_rule` VALUES ('ff8080815bd204b6015bd64f3efd188b','system','2017-05-05 09:52:49',1,0,'system','2017-05-05 09:52:49',66,'好友投资单笔优惠66元',1,NULL,NULL,NULL,1,1,100,NULL,0,NULL,NULL,NULL,NULL,NULL,NULL,NULL,0);
INSERT INTO `coupon_rule` VALUES ('ff8080815bd204b6015bd66776344ac6','system','2017-05-05 10:19:16',7,0,'system','2017-05-05 10:19:16',1,'加息券1',3,NULL,NULL,88,7,1,1000,2000.00,0,NULL,NULL,NULL,NULL,NULL,NULL,NULL,0);
INSERT INTO `coupon_rule` VALUES ('ff8080815bd204b6015bd67f4ac42f7c','system','2017-05-05 10:45:18',1,0,'system','2017-05-05 10:45:18',10,'加息券test',3,NULL,30,88,1,1,10,2000.00,0,NULL,NULL,NULL,NULL,NULL,NULL,NULL,0);
INSERT INTO `coupon_rule` VALUES ('ff8080815bd68b03015bd69ec5c33258','system','2017-05-05 11:19:41',1,0,'system','2017-05-05 11:19:41',68,'投资红包68',1,NULL,NULL,NULL,0,2,10000,NULL,0,NULL,NULL,NULL,NULL,NULL,NULL,NULL,0);
INSERT INTO `coupon_rule` VALUES ('ff8080815bf048ea015bf546ae840008','system','2017-05-11 10:11:41',1,0,'system','2017-05-11 10:11:41',58,'好友投资送红包',1,NULL,20,NULL,1,1,10,NULL,0,NULL,NULL,NULL,NULL,NULL,NULL,NULL,0);
INSERT INTO `coupon_rule` VALUES ('ff8080815cbf5d61015cbf76eb040000','system','2017-06-19 16:27:40',3,0,'system','2017-06-19 16:27:40',99,'优惠券重复测试1',1,NULL,NULL,NULL,2,1,9,1000.00,0,NULL,NULL,NULL,NULL,NULL,NULL,NULL,0);
INSERT INTO `coupon_rule` VALUES ('ff8080815cbf5d61015cbf7797fd0001','system','2017-06-19 16:28:24',3,0,'system','2017-06-19 16:28:24',3,'优惠券重复测试2',3,NULL,NULL,100,3,1,9,1000.00,0,NULL,NULL,NULL,NULL,NULL,NULL,NULL,0);
INSERT INTO `coupon_rule` VALUES ('ff8080815cc30786015cc32699506477','system','2017-06-20 09:38:25',2,0,'system','2017-06-20 09:38:25',100,'重复3',1,NULL,NULL,NULL,2,1,99,1000.00,0,NULL,NULL,NULL,NULL,NULL,NULL,NULL,0);
INSERT INTO `coupon_rule` VALUES ('ff8080815cc33150015cc3350d7e003c','system','2017-06-20 09:54:12',3,0,'system','2017-06-20 09:54:12',2,'重复4',3,NULL,NULL,1000,3,1,9,1000.00,0,NULL,NULL,NULL,NULL,NULL,NULL,NULL,0);
INSERT INTO `coupon_rule` VALUES ('ff8080815cc36969015cc3983a4d0007','system','2017-06-20 11:42:32',9,0,'system','2017-06-20 11:42:32',9,'重复5',2,NULL,NULL,NULL,9,1,9,1000.00,0,NULL,NULL,NULL,NULL,NULL,NULL,NULL,0);
INSERT INTO `coupon_rule` VALUES ('ff8080815cc94060015cc95185ce000a','system','2017-06-21 14:23:02',1,0,'system','2017-06-21 14:23:02',10,'优惠劵10',1,NULL,10,NULL,1,1,10,100.00,0,NULL,NULL,NULL,NULL,NULL,NULL,NULL,0);
INSERT INTO `coupon_rule` VALUES ('ff8080815cc94060015cc9525745000b','system','2017-06-21 14:23:55',10,0,'system','2017-06-21 14:23:55',10,'注册红包',3,NULL,100,10,10,1,10,NULL,0,NULL,NULL,NULL,NULL,NULL,NULL,NULL,0);
INSERT INTO `coupon_rule` VALUES ('ff8080815cc95e81015cc962c0a50005','system','2017-06-21 14:41:51',2,0,'system','2017-06-21 14:41:51',8,'注册2',3,'2017-07-07 23:59:59',NULL,100,2,1,10,NULL,0,NULL,NULL,NULL,NULL,NULL,NULL,NULL,0);
INSERT INTO `coupon_rule` VALUES ('ff808081635c44830163afbee63000c4','system','2018-05-30 14:31:53',6,0,'system','2018-05-30 14:31:53',2,'投资满2万送2%',3,NULL,20,588,6,1,7,5000.00,0,NULL,NULL,NULL,NULL,NULL,NULL,NULL,0);
/*!40000 ALTER TABLE `coupon_rule` ENABLE KEYS */;
UNLOCK TABLES;

--
-- Table structure for table `coupon_send_setting`
--

DROP TABLE IF EXISTS `coupon_send_setting`;
/*!40101 SET @saved_cs_client     = @@character_set_client */;
/*!40101 SET character_set_client = utf8 */;
CREATE TABLE `coupon_send_setting` (
  `couponSendSettingId` varchar(32) NOT NULL,
  `createBy` varchar(32) DEFAULT NULL,
  `createTime` datetime DEFAULT NULL,
  `version` int(11) DEFAULT NULL,
  `limitAmt` decimal(19,2) DEFAULT NULL,
  `limitDays` int(11) DEFAULT NULL,
  `maxNumber` int(11) DEFAULT NULL,
  `minNumber` int(11) DEFAULT NULL,
  `settingType` int(11) DEFAULT NULL,
  `status` int(11) DEFAULT NULL,
  `couponRuleId` varchar(32) DEFAULT NULL,
  PRIMARY KEY (`couponSendSettingId`),
  KEY `FK_gurlhsrhn4at59pjd2jq7vrm4` (`couponRuleId`),
  CONSTRAINT `FK_gurlhsrhn4at59pjd2jq7vrm4` FOREIGN KEY (`couponRuleId`) REFERENCES `coupon_rule` (`ruleId`)
) ENGINE=InnoDB DEFAULT CHARSET=utf8;
/*!40101 SET character_set_client = @saved_cs_client */;

--
-- Dumping data for table `coupon_send_setting`
--

LOCK TABLES `coupon_send_setting` WRITE;
/*!40000 ALTER TABLE `coupon_send_setting` DISABLE KEYS */;
INSERT INTO `coupon_send_setting` VALUES ('0000000057fade540157fae74f420078','system','2016-10-25 16:14:05',8,NULL,NULL,NULL,NULL,0,0,'ff8080815cc94060015cc9525745000b');
INSERT INTO `coupon_send_setting` VALUES ('0000000057fade540157fae74f430079','system','2016-10-25 16:14:05',6,NULL,NULL,NULL,NULL,1,0,'ff8080815b426f22015b4685dae40064');
INSERT INTO `coupon_send_setting` VALUES ('0000000057fade540157fae74f44007a','system','2016-10-25 16:14:05',18,19999.00,NULL,NULL,NULL,2,0,'ff808081635c44830163afbee63000c4');
INSERT INTO `coupon_send_setting` VALUES ('0000000057fade540157fae74f45007b','system','2016-10-25 16:14:05',17,1000.00,1000,NULL,NULL,3,1,'ff8080815bd204b6015bd64e3c62188a');
INSERT INTO `coupon_send_setting` VALUES ('0000000057fade540157fae74f46007c','system','2016-10-25 16:14:05',22,8.00,1000,NULL,NULL,4,1,'ff8080815bf048ea015bf546ae840008');
INSERT INTO `coupon_send_setting` VALUES ('0000000057fade540157fae74f47007d','system','2016-10-25 16:14:05',9,NULL,NULL,3,1,5,1,'ff8080815bc4baaa015bc50179ea785b');
INSERT INTO `coupon_send_setting` VALUES ('ff8080815aeab0e5015aeab916980014','system','2017-03-20 15:58:02',6,NULL,NULL,6,4,5,1,'ff8080815bc4baaa015bc4e5af0022d1');
INSERT INTO `coupon_send_setting` VALUES ('ff8080815bd204b6015bd23e98600022','system','2017-05-04 14:56:09',3,NULL,NULL,30,7,5,1,'ff8080815bc4baaa015bc4e5af0022d1');
/*!40000 ALTER TABLE `coupon_send_setting` ENABLE KEYS */;
UNLOCK TABLES;

--
-- Table structure for table `coupon_used`
--

DROP TABLE IF EXISTS `coupon_used`;
/*!40101 SET @saved_cs_client     = @@character_set_client */;
/*!40101 SET character_set_client = utf8 */;
CREATE TABLE `coupon_used` (
  `usedId` varchar(32) NOT NULL,
  `createBy` varchar(32) DEFAULT NULL,
  `createTime` datetime DEFAULT NULL,
  `version` int(11) DEFAULT NULL,
  `deleted` int(11) DEFAULT NULL,
  `updateBy` varchar(255) NOT NULL,
  `updateTime` datetime NOT NULL,
  `remark` varchar(255) DEFAULT NULL,
  `status` int(11) DEFAULT NULL,
  `usedCd` varchar(255) DEFAULT NULL,
  `couponId` varchar(32) DEFAULT NULL,
  `orderId` varchar(32) DEFAULT NULL,
  PRIMARY KEY (`usedId`),
  KEY `FK_by06tqvtlpbnfa8p0l83oenj8` (`couponId`),
  KEY `FK_i70gjlogovwf4op59d21rvpsk` (`orderId`),
  CONSTRAINT `FK_by06tqvtlpbnfa8p0l83oenj8` FOREIGN KEY (`couponId`) REFERENCES `coupon` (`couponId`),
  CONSTRAINT `FK_i70gjlogovwf4op59d21rvpsk` FOREIGN KEY (`orderId`) REFERENCES `product_order` (`orderId`)
) ENGINE=InnoDB DEFAULT CHARSET=utf8;
/*!40101 SET character_set_client = @saved_cs_client */;

--
-- Dumping data for table `coupon_used`
--

LOCK TABLES `coupon_used` WRITE;
/*!40000 ALTER TABLE `coupon_used` DISABLE KEYS */;
/*!40000 ALTER TABLE `coupon_used` ENABLE KEYS */;
UNLOCK TABLES;

--
-- Table structure for table `credit_assignment_application`
--

DROP TABLE IF EXISTS `credit_assignment_application`;
/*!40101 SET @saved_cs_client     = @@character_set_client */;
/*!40101 SET character_set_client = utf8 */;
CREATE TABLE `credit_assignment_application` (
  `transferAppliId` varchar(32) NOT NULL,
  `createBy` varchar(32) DEFAULT NULL,
  `createTime` datetime DEFAULT NULL,
  `version` int(11) DEFAULT NULL,
  `applicationDate` datetime DEFAULT NULL,
  `lastUpdateDate` datetime DEFAULT NULL,
  `nowStock` int(11) DEFAULT NULL,
  `previousRepayDate` datetime DEFAULT NULL,
  `quantity` int(11) DEFAULT NULL,
  `remark` varchar(80) DEFAULT NULL,
  `sellingMemberId` varchar(32) DEFAULT NULL,
  `status` int(11) DEFAULT NULL,
  `todayStock` int(11) DEFAULT NULL,
  `transferAppliCd` varchar(32) DEFAULT NULL,
  `transferDiscount` decimal(19,10) DEFAULT NULL,
  `transferPrice` decimal(19,10) DEFAULT NULL,
  `unitPrice` decimal(19,2) DEFAULT NULL,
  `creditRightId` varchar(32) DEFAULT NULL,
  `productId` varchar(32) DEFAULT NULL,
  `fullScaleTime` datetime DEFAULT NULL,
  `groundTime` datetime DEFAULT NULL,
  `minFullQuantity` int(11) DEFAULT NULL,
  `tenderEnd` datetime DEFAULT NULL,
  `tenderStart` datetime DEFAULT NULL,
  `transferredRate` decimal(12,4) DEFAULT NULL,
  `accruedInterest` decimal(19,4) DEFAULT NULL,
  `expectArrivalAmount` decimal(19,4) DEFAULT NULL,
  `nextRepayDate` datetime DEFAULT NULL,
  `transferServerFee` decimal(19,4) DEFAULT NULL,
  `transferTimes` int(11) DEFAULT NULL,
  `actualUnitPrice` decimal(19,10) DEFAULT NULL,
  `castQuantity` int(11) DEFAULT NULL,
  PRIMARY KEY (`transferAppliId`),
  KEY `FK_98xbdnyaulwvliu3evfdk27ui` (`creditRightId`),
  KEY `FK_sobid1squvs717ih431lxjw81` (`productId`),
  KEY `FK_dvw39lqboexgm2cu1mfl1l3r8` (`sellingMemberId`),
  CONSTRAINT `FK_98xbdnyaulwvliu3evfdk27ui` FOREIGN KEY (`creditRightId`) REFERENCES `creditright` (`creditRightId`),
  CONSTRAINT `FK_dvw39lqboexgm2cu1mfl1l3r8` FOREIGN KEY (`sellingMemberId`) REFERENCES `member` (`memberId`),
  CONSTRAINT `FK_sobid1squvs717ih431lxjw81` FOREIGN KEY (`productId`) REFERENCES `product` (`productId`)
) ENGINE=InnoDB DEFAULT CHARSET=utf8;
/*!40101 SET character_set_client = @saved_cs_client */;

--
-- Dumping data for table `credit_assignment_application`
--

LOCK TABLES `credit_assignment_application` WRITE;
/*!40000 ALTER TABLE `credit_assignment_application` DISABLE KEYS */;
INSERT INTO `credit_assignment_application` VALUES ('ff8080815b138302015b13c5af870002','system','2017-03-28 15:16:14',1142,'2017-03-28 15:16:14','2017-05-02 00:00:16',1000,'2017-03-27 00:00:00',1000,NULL,'5d4c74a956d69fc40156d6e2fc8b0004',1,1000,'Z170328151614328',1.0000000000,1.0009677419,1.00,'ff8080815b0de54b015b0e5667ee3492','ff8080815b0de54b015b0e47e2e83457',NULL,NULL,NULL,NULL,NULL,0.0552,NULL,NULL,'2017-04-27 00:00:00',NULL,NULL,1.0000000000,NULL);
INSERT INTO `credit_assignment_application` VALUES ('ff8080815b19b2f9015b1e0e7eae0008','system','2017-03-30 15:11:58',571,'2017-03-30 15:11:58','2017-05-02 00:00:16',53478,'2017-03-27 00:00:00',53478,NULL,'0000000057416bad015741b2ab6f004b',1,53478,'Z170330151158115',0.9900000000,0.9908611139,1.00,'ff8080815b0de54b015b0e3ff899343d','ff8080815b0de54b015b0e36b70b3421',NULL,NULL,NULL,NULL,NULL,0.1130,NULL,NULL,'2017-06-12 00:00:00',NULL,NULL,1.0000000000,NULL);
INSERT INTO `credit_assignment_application` VALUES ('ff8080815b28d03e015b3ccece200004','system','2017-04-05 14:30:37',1461,'2017-04-05 14:30:37','2017-04-10 16:05:16',0,'2017-04-01 00:00:00',9428,NULL,'ff8080815a92f7b9015a93139af2000b',2,8425,'Z170405143037842',0.9970301230,0.9985801824,1.00,'ff8080815b27a1b0015b2818694e0038','ff8080815b2378b1015b23b1b66b002f',NULL,NULL,NULL,NULL,NULL,0.0791,NULL,NULL,'2017-06-12 00:00:00',NULL,NULL,1.0000000000,NULL);
INSERT INTO `credit_assignment_application` VALUES ('ff8080815b55bf1e015b56f40abd002f','system','2017-04-10 16:21:25',1,'2017-04-10 16:21:25','2017-04-10 16:21:25',0,'2017-04-05 00:00:00',9928,NULL,'ff8080815a92f7b9015a93139af2000b',2,9928,'Z170410162125810',0.9971796938,0.9980408204,1.00,'ff8080815b28d100015b3d530c89004f','ff8080815b28d100015b3d4883cb0040',NULL,NULL,NULL,NULL,NULL,0.0783,NULL,NULL,'2017-06-12 00:00:00',NULL,NULL,1.0000000000,NULL);
INSERT INTO `credit_assignment_application` VALUES ('ff8080815b571b17015b603dd60a006e','system','2017-04-12 11:38:36',1708,'2017-04-12 11:38:36','2017-04-18 00:00:16',97900,'2017-04-10 00:00:00',99093,NULL,'ff8080815a92f7b9015a93139af2000b',1,97900,'Z170412113836916',1.0000000000,1.0031499943,1.00,'ff8080815b530406015b5592bd220012','ff8080815b530406015b558c98750003',NULL,NULL,NULL,NULL,NULL,0.1615,NULL,NULL,'2017-06-12 00:00:00',NULL,NULL,1.0000000000,NULL);
INSERT INTO `credit_assignment_application` VALUES ('ff8080815bb3ad6d015bb3b0ae300000','system','2017-04-28 16:32:32',1551,'2017-04-28 16:32:32','2017-05-04 00:00:16',9428,'2017-04-01 00:00:00',9428,NULL,'5d4c74a956d69fc40156d6e2fc8b0004',1,9428,'Z170428163232278',1.0000000000,1.0055112431,1.00,'ff8080815b27a1b0015b280d19d40015','ff8080815b2378b1015b238d57ba0016',NULL,NULL,NULL,NULL,NULL,0.0617,NULL,NULL,'2017-06-12 00:00:00',NULL,NULL,1.0000000000,NULL);
INSERT INTO `credit_assignment_application` VALUES ('ff8080815c815875015c8a9ec6d40000','system','2017-06-09 10:11:20',455,'2017-06-09 10:11:20','2017-06-11 00:00:16',827,'2017-04-01 00:00:00',927,NULL,'5d4c74a956d69fc40156d6e2fc8b0004',1,827,'Z170609101120386163',1.0000000000,1.0120499127,1.00,'ff8080815b27a1b0015b280bebd70007','ff8080815b2378b1015b239e025a0024',NULL,NULL,NULL,NULL,NULL,0.0612,NULL,NULL,'2017-06-12 00:00:00',NULL,NULL,1.0000000000,NULL);
/*!40000 ALTER TABLE `credit_assignment_application` ENABLE KEYS */;
UNLOCK TABLES;

--
-- Table structure for table `credit_assignment_setup`
--

DROP TABLE IF EXISTS `credit_assignment_setup`;
/*!40101 SET @saved_cs_client     = @@character_set_client */;
/*!40101 SET character_set_client = utf8 */;
CREATE TABLE `credit_assignment_setup` (
  `creditAssignmentSetupId` varchar(32) NOT NULL,
  `createBy` varchar(32) DEFAULT NULL,
  `createTime` datetime DEFAULT NULL,
  `version` int(11) DEFAULT NULL,
  `allowSplitFlag` int(11) NOT NULL,
  `allowTransferAgainFlag` int(11) NOT NULL,
  `holdTimeoutLimit` int(11) NOT NULL,
  `maxTransferTime` int(11) NOT NULL,
  `minHoldAmount` decimal(19,2) NOT NULL,
  `minHoldTime` int(11) NOT NULL,
  `transferDiscount` int(11) DEFAULT NULL,
  `updateBy` varchar(32) DEFAULT NULL,
  `updateDate` datetime DEFAULT NULL,
  PRIMARY KEY (`creditAssignmentSetupId`)
) ENGINE=InnoDB DEFAULT CHARSET=utf8;
/*!40101 SET character_set_client = @saved_cs_client */;

--
-- Dumping data for table `credit_assignment_setup`
--

LOCK TABLES `credit_assignment_setup` WRITE;
/*!40000 ALTER TABLE `credit_assignment_setup` DISABLE KEYS */;
/*!40000 ALTER TABLE `credit_assignment_setup` ENABLE KEYS */;
UNLOCK TABLES;

--
-- Table structure for table `credit_transaction_record`
--

DROP TABLE IF EXISTS `credit_transaction_record`;
/*!40101 SET @saved_cs_client     = @@character_set_client */;
/*!40101 SET character_set_client = utf8 */;
CREATE TABLE `credit_transaction_record` (
  `creditTransactionId` varchar(32) NOT NULL,
  `createBy` varchar(32) DEFAULT NULL,
  `createTime` datetime DEFAULT NULL,
  `version` int(11) DEFAULT NULL,
  `buyCreditId` varchar(32) DEFAULT NULL,
  `buyingMemberId` varchar(32) DEFAULT NULL,
  `buyingQuantity` bigint(20) DEFAULT NULL,
  `creditTransactionCd` varchar(32) DEFAULT NULL,
  `endDate` datetime DEFAULT NULL,
  `productId` varchar(32) DEFAULT NULL,
  `sellingMemberId` varchar(32) DEFAULT NULL,
  `status` int(11) DEFAULT NULL,
  `transactionDate` datetime DEFAULT NULL,
  `transferAppliId` varchar(32) DEFAULT NULL,
  `transferPrice` decimal(19,10) DEFAULT NULL,
  `transferRate` decimal(19,2) DEFAULT NULL,
  `transferredRate` decimal(12,4) DEFAULT NULL,
  `unitPrice` decimal(19,8) DEFAULT NULL,
  `creditRightId` varchar(32) DEFAULT NULL,
  `orderID` varchar(32) DEFAULT NULL,
  `actualUnitPrice` decimal(19,8) DEFAULT NULL,
  `transferFee` decimal(19,2) DEFAULT NULL,
  PRIMARY KEY (`creditTransactionId`),
  KEY `FK_7penqnetjqbdbstsaeie5v2yo` (`creditRightId`),
  CONSTRAINT `FK_7penqnetjqbdbstsaeie5v2yo` FOREIGN KEY (`creditRightId`) REFERENCES `creditright` (`creditRightId`)
) ENGINE=InnoDB DEFAULT CHARSET=utf8;
/*!40101 SET character_set_client = @saved_cs_client */;

--
-- Dumping data for table `credit_transaction_record`
--

LOCK TABLES `credit_transaction_record` WRITE;
/*!40000 ALTER TABLE `credit_transaction_record` DISABLE KEYS */;
INSERT INTO `credit_transaction_record` VALUES ('ff8080815b426e09015b471f76920025','system','2017-04-07 14:34:56',0,'ff8080815b426e09015b471f7648001e','00000000572213f90157222261da0002',3,'ZL170407143456018','2017-06-12 00:00:00','ff8080815b2378b1015b23b1b66b002f','ff8080815a92f7b9015a93139af2000b',1,'2017-04-07 14:34:56','ff8080815b28d03e015b3ccece200004',0.9980634811,1.00,0.0784,1.00000000,'ff8080815b27a1b0015b2818694e0038','ff8080815b426e09015b471f729c001d',1.00000000,0.30);
INSERT INTO `credit_transaction_record` VALUES ('ff8080815b426e09015b472eff2b0033','system','2017-04-07 14:51:54',0,'ff8080815b426e09015b472efee2002c','00000000572213f90157222261da0002',1000,'ZL170407145154027','2017-06-12 00:00:00','ff8080815b2378b1015b23b1b66b002f','ff8080815a92f7b9015a93139af2000b',1,'2017-04-07 14:51:54','ff8080815b28d03e015b3ccece200004',0.9980634563,1.00,0.0784,1.00000000,'ff8080815b27a1b0015b2818694e0038','ff8080815b426e09015b472efb9a002b',1.00000000,100.00);
INSERT INTO `credit_transaction_record` VALUES ('ff8080815b55bf1e015b56b8eff10016','system','2017-04-10 15:16:52',0,'ff8080815b55bf1e015b56b8ef9b000f','5d4c74a956d69fc40156d6e2fc8b0004',10,'ZL170410151652336','2017-06-12 00:00:00','ff8080815b2378b1015b23b1b66b002f','ff8080815a92f7b9015a93139af2000b',1,'2017-04-10 15:16:52','ff8080815b28d03e015b3ccece200004',0.9985801230,1.00,0.0791,1.00000000,'ff8080815b27a1b0015b2818694e0038','ff8080815b55bf1e015b56b8e477000e',1.00000000,1.00);
INSERT INTO `credit_transaction_record` VALUES ('ff8080815b55bf1e015b56e75fba002b','system','2017-04-10 16:07:35',0,'ff8080815b55bf1e015b56e75f760024','5d4c74a956d69fc40156d6e2fc8b0004',8415,'ZL170410160735610','2017-06-12 00:00:00','ff8080815b2378b1015b23b1b66b002f','ff8080815a92f7b9015a93139af2000b',1,'2017-04-10 16:07:35','ff8080815b28d03e015b3ccece200004',0.9985801824,1.00,0.0791,1.00000000,'ff8080815b27a1b0015b2818694e0038','ff8080815b55bf1e015b56e75ac60023',1.00000000,841.50);
INSERT INTO `credit_transaction_record` VALUES ('ff8080815b55bf1e015b56f555dd0038','system','2017-04-10 16:22:50',0,'ff8080815b55bf1e015b56f555a40031','5d4c74a956d69fc40156d6e2fc8b0004',9928,'ZL170410162250589','2017-06-12 00:00:00','ff8080815b28d100015b3d4883cb0040','ff8080815a92f7b9015a93139af2000b',1,'2017-04-10 16:22:50','ff8080815b55bf1e015b56f40abd002f',0.9980408204,1.00,0.0783,1.00000000,'ff8080815b28d100015b3d530c89004f','ff8080815b55bf1e015b56f550310030',1.00000000,992.80);
INSERT INTO `credit_transaction_record` VALUES ('ff8080815b655c6b015b66117c5f001a','system','2017-04-13 14:47:53',0,'ff8080815b655c6b015b66117c170013','0000000057416bad015741b2ab6f004b',3,'ZL170413144753695','2017-06-12 00:00:00','ff8080815b530406015b558c98750003','ff8080815a92f7b9015a93139af2000b',1,'2017-04-13 14:47:53','ff8080815b571b17015b603dd60a006e',1.0013500017,1.00,0.1618,1.00000000,'ff8080815b530406015b5592bd220012','ff8080815b655c6b015b661178630012',1.00000000,0.30);
INSERT INTO `credit_transaction_record` VALUES ('ff8080815b655c6b015b6615ae5f0028','system','2017-04-13 14:52:28',0,'ff8080815b655c6b015b6615ae1f0021','00000000572213f90157222261da0002',5,'ZL170413145228638','2017-06-12 00:00:00','ff8080815b530406015b558c98750003','ff8080815a92f7b9015a93139af2000b',1,'2017-04-13 14:52:28','ff8080815b571b17015b603dd60a006e',1.0013499993,1.00,0.1618,1.00000000,'ff8080815b530406015b5592bd220012','ff8080815b655c6b015b6615aa110020',1.00000000,0.50);
INSERT INTO `credit_transaction_record` VALUES ('ff8080815b655c6b015b662032d20037','system','2017-04-13 15:03:57',0,'ff8080815b655c6b015b662032940030','5d4c74a956d69fc40156d6e2fc8b0004',80,'ZL170413150357906','2017-06-12 00:00:00','ff8080815b530406015b558c98750003','ff8080815a92f7b9015a93139af2000b',1,'2017-04-13 15:03:57','ff8080815b571b17015b603dd60a006e',1.0013500001,1.00,0.1618,1.00000000,'ff8080815b530406015b5592bd220012','ff8080815b655c6b015b66202f4d002f',1.00000000,8.00);
INSERT INTO `credit_transaction_record` VALUES ('ff8080815b6685c4015b668b63b80008','system','2017-04-13 17:01:02',0,'ff8080815b6685c4015b668b632b0001','5d4c74a956d69fc40156d6e2fc8b0004',1000,'ZL170413170102775','2017-06-12 00:00:00','ff8080815b530406015b558c98750003','ff8080815a92f7b9015a93139af2000b',1,'2017-04-13 17:01:02','ff8080815b571b17015b603dd60a006e',1.0013499992,1.00,0.1618,1.00000000,'ff8080815b530406015b5592bd220012','ff8080815b6685c4015b668b5f640000',1.00000000,100.00);
INSERT INTO `credit_transaction_record` VALUES ('ff8080815b67c191015b6a12ecf80009','system','2017-04-14 09:27:56',0,'ff8080815b67c191015b6a12ec770002','5d4c74a956d69fc40156d6e2fc8b0004',5,'ZL170414092756920','2017-06-12 00:00:00','ff8080815b530406015b558c98750003','ff8080815a92f7b9015a93139af2000b',1,'2017-04-14 09:27:56','ff8080815b571b17015b603dd60a006e',1.0017999989,1.00,0.1617,1.00000000,'ff8080815b530406015b5592bd220012','ff8080815b67c191015b6a12e8430001',1.00000000,0.50);
INSERT INTO `credit_transaction_record` VALUES ('ff8080815b67c191015b6a33f374001b','system','2017-04-14 10:04:01',0,'ff8080815b67c191015b6a33f30d0014','5d4c74a956d69fc40156d6e2fc8b0004',100,'ZL170414100401268','2017-06-12 00:00:00','ff8080815b530406015b558c98750003','ff8080815a92f7b9015a93139af2000b',1,'2017-04-14 10:04:01','ff8080815b571b17015b603dd60a006e',1.0018000000,1.00,0.1617,1.00000000,'ff8080815b530406015b5592bd220012','ff8080815b67c191015b6a33ed4b0013',1.00000000,10.00);
INSERT INTO `credit_transaction_record` VALUES ('ff8080815c815875015c8be879060009','system','2017-06-09 16:11:27',0,'ff8080815c815875015c8be878710002','ff8080815bfc21fd015c0b4730b300a5',100,'ZL170609161127365161','2017-06-12 00:00:00','ff8080815b2378b1015b239e025a0024','5d4c74a956d69fc40156d6e2fc8b0004',1,'2017-06-09 16:11:27','ff8080815c815875015c8a9ec6d40000',1.0118783711,1.01,0.0612,1.00000000,'ff8080815b27a1b0015b280bebd70007','ff8080815c815875015c8be871430001',1.00000000,10.00);
/*!40000 ALTER TABLE `credit_transaction_record` ENABLE KEYS */;
UNLOCK TABLES;

--
-- Table structure for table `creditright`
--

DROP TABLE IF EXISTS `creditright`;
/*!40101 SET @saved_cs_client     = @@character_set_client */;
/*!40101 SET character_set_client = utf8 */;
CREATE TABLE `creditright` (
  `creditRightId` varchar(32) NOT NULL,
  `createBy` varchar(32) DEFAULT NULL,
  `createTime` datetime DEFAULT NULL,
  `version` int(11) DEFAULT NULL,
  `effTime` datetime DEFAULT NULL,
  `expTime` datetime DEFAULT NULL,
  `orderId` varchar(32) DEFAULT NULL,
  `quantity` bigint(20) DEFAULT NULL,
  `status` int(11) DEFAULT NULL,
  `unitPrice` decimal(19,8) DEFAULT NULL,
  `memberId` varchar(32) DEFAULT NULL,
  `productId` varchar(32) DEFAULT NULL,
  `actualUnitPrice` decimal(19,8) DEFAULT NULL,
  PRIMARY KEY (`creditRightId`),
  KEY `FK_eqseck2cpbb0xak56usfokeyq` (`memberId`),
  KEY `FK_7ujpqflge0bsjrbqpg9aq361s` (`productId`),
  KEY `FK_m4h905bf95fydtd6jguqd981g` (`orderId`),
  CONSTRAINT `FK_7ujpqflge0bsjrbqpg9aq361s` FOREIGN KEY (`productId`) REFERENCES `product` (`productId`),
  CONSTRAINT `FK_eqseck2cpbb0xak56usfokeyq` FOREIGN KEY (`memberId`) REFERENCES `member` (`memberId`),
  CONSTRAINT `FK_m4h905bf95fydtd6jguqd981g` FOREIGN KEY (`orderId`) REFERENCES `product_order` (`orderId`)
) ENGINE=InnoDB DEFAULT CHARSET=utf8;
/*!40101 SET character_set_client = @saved_cs_client */;

--
-- Dumping data for table `creditright`
--

LOCK TABLES `creditright` WRITE;
/*!40000 ALTER TABLE `creditright` DISABLE KEYS */;
INSERT INTO `creditright` VALUES ('4028218166dcfd5d0166de3fe3b50006','system','2018-11-04 18:23:41',0,'2018-11-04 00:00:00','2018-12-03 00:00:00','4028218166dcfcf40166dcff7d140000',2000,1,1.00000000,'ff80808162272ed1016227340b250002','4028218166da2a890166dcc0fcd100b0',1.00000000);
INSERT INTO `creditright` VALUES ('4028218166dcfd5d0166de3fe3b90007','system','2018-11-04 18:23:41',0,'2018-11-04 00:00:00','2018-12-03 00:00:00','4028218166dcfcf40166dcffd21d0006',7951,1,1.00000000,'ff80808162272ed1016227340b250002','4028218166da2a890166dcc0fcd100b0',1.00000000);
/*!40000 ALTER TABLE `creditright` ENABLE KEYS */;
UNLOCK TABLES;

--
-- Table structure for table `cst`
--

DROP TABLE IF EXISTS `cst`;
/*!40101 SET @saved_cs_client     = @@character_set_client */;
/*!40101 SET character_set_client = utf8 */;
CREATE TABLE `cst` (
  `name` varchar(255) NOT NULL,
  `val` int(11) NOT NULL,
  `msg` varchar(255) CHARACTER SET utf8 DEFAULT NULL
) ENGINE=InnoDB DEFAULT CHARSET=latin1;
/*!40101 SET character_set_client = @saved_cs_client */;

--
-- Dumping data for table `cst`
--

LOCK TABLES `cst` WRITE;
/*!40000 ALTER TABLE `cst` DISABLE KEYS */;
INSERT INTO `cst` VALUES ('product',10,'草稿');
INSERT INTO `cst` VALUES ('product',11,'待审核');
INSERT INTO `cst` VALUES ('product',12,'已废弃');
INSERT INTO `cst` VALUES ('product',13,'已撤回');
INSERT INTO `cst` VALUES ('product',14,'审核驳回');
INSERT INTO `cst` VALUES ('product',15,'审核失败');
INSERT INTO `cst` VALUES ('product',31,'待招标(待上线)');
INSERT INTO `cst` VALUES ('product',40,'已撤标');
INSERT INTO `cst` VALUES ('product',32,'已上线');
INSERT INTO `cst` VALUES ('product',30,'招标中');
INSERT INTO `cst` VALUES ('product',60,'满标待审');
INSERT INTO `cst` VALUES ('product',61,'流标待处理');
INSERT INTO `cst` VALUES ('product',80,'待放款');
INSERT INTO `cst` VALUES ('product',85,'放款中');
INSERT INTO `cst` VALUES ('product',90,'还款中');
INSERT INTO `cst` VALUES ('product',100,'已还完');
INSERT INTO `cst` VALUES ('product',70,'废标待退款');
INSERT INTO `cst` VALUES ('product',101,'废标已退款');
INSERT INTO `cst` VALUES ('product',71,'流标待退款');
INSERT INTO `cst` VALUES ('product',73,'撤标待退款');
INSERT INTO `cst` VALUES ('product',102,'流标已退款');
INSERT INTO `cst` VALUES ('product',50,'已流标');
INSERT INTO `cst` VALUES ('product',103,'撤标已退款');
/*!40000 ALTER TABLE `cst` ENABLE KEYS */;
UNLOCK TABLES;

--
-- Table structure for table `customercomment`
--

DROP TABLE IF EXISTS `customercomment`;
/*!40101 SET @saved_cs_client     = @@character_set_client */;
/*!40101 SET character_set_client = utf8 */;
CREATE TABLE `customercomment` (
  `commentId` varchar(32) NOT NULL,
  `createBy` varchar(32) DEFAULT NULL,
  `createTime` datetime DEFAULT NULL,
  `version` int(11) DEFAULT NULL,
  `deleted` int(11) DEFAULT NULL,
  `updateBy` varchar(255) NOT NULL,
  `updateTime` datetime NOT NULL,
  `auditDesc` varchar(600) DEFAULT NULL,
  `auditTime` datetime DEFAULT NULL,
  `auditor` varchar(255) DEFAULT NULL,
  `centent` varchar(600) DEFAULT NULL,
  `cententType` varchar(255) DEFAULT NULL,
  `email` varchar(255) DEFAULT NULL,
  `memberId` varchar(255) DEFAULT NULL,
  `phone` varchar(255) DEFAULT NULL,
  `realCd` varchar(255) DEFAULT NULL,
  `realNm` varchar(255) DEFAULT NULL,
  PRIMARY KEY (`commentId`)
) ENGINE=InnoDB DEFAULT CHARSET=utf8;
/*!40101 SET character_set_client = @saved_cs_client */;

--
-- Dumping data for table `customercomment`
--

LOCK TABLES `customercomment` WRITE;
/*!40000 ALTER TABLE `customercomment` DISABLE KEYS */;
/*!40000 ALTER TABLE `customercomment` ENABLE KEYS */;
UNLOCK TABLES;

--
-- Table structure for table `incomeplan`
--

DROP TABLE IF EXISTS `incomeplan`;
/*!40101 SET @saved_cs_client     = @@character_set_client */;
/*!40101 SET character_set_client = utf8 */;
CREATE TABLE `incomeplan` (
  `incomePlanId` varchar(32) NOT NULL,
  `createBy` varchar(32) DEFAULT NULL,
  `createTime` datetime DEFAULT NULL,
  `version` int(11) DEFAULT NULL,
  `period` int(11) DEFAULT NULL,
  `planCapital` decimal(19,8) DEFAULT NULL,
  `planInterest` decimal(19,8) DEFAULT NULL,
  `planTime` datetime DEFAULT NULL,
  `planTotal` decimal(19,8) DEFAULT NULL,
  `status` int(11) DEFAULT NULL,
  `productId` varchar(32) DEFAULT NULL,
  PRIMARY KEY (`incomePlanId`),
  KEY `FK_kmvhuycboddbffq38djt3lqxa` (`productId`),
  CONSTRAINT `FK_kmvhuycboddbffq38djt3lqxa` FOREIGN KEY (`productId`) REFERENCES `product` (`productId`)
) ENGINE=InnoDB DEFAULT CHARSET=utf8;
/*!40101 SET character_set_client = @saved_cs_client */;

--
-- Dumping data for table `incomeplan`
--

LOCK TABLES `incomeplan` WRITE;
/*!40000 ALTER TABLE `incomeplan` DISABLE KEYS */;
/*!40000 ALTER TABLE `incomeplan` ENABLE KEYS */;
UNLOCK TABLES;

--
-- Table structure for table `invest_order`
--

DROP TABLE IF EXISTS `invest_order`;
/*!40101 SET @saved_cs_client     = @@character_set_client */;
/*!40101 SET character_set_client = utf8 */;
CREATE TABLE `invest_order` (
  `product_id` varchar(32) NOT NULL,
  `order_id` varchar(32) NOT NULL,
  PRIMARY KEY (`product_id`,`order_id`),
  UNIQUE KEY `UK_fqai5124mdxdh45wxs1033612` (`order_id`),
  CONSTRAINT `FK_fqai5124mdxdh45wxs1033612` FOREIGN KEY (`order_id`) REFERENCES `product_order` (`orderId`),
  CONSTRAINT `FK_q33xohq3v80fn2tvb19xow475` FOREIGN KEY (`product_id`) REFERENCES `product` (`productId`)
) ENGINE=InnoDB DEFAULT CHARSET=utf8;
/*!40101 SET character_set_client = @saved_cs_client */;

--
-- Dumping data for table `invest_order`
--

LOCK TABLES `invest_order` WRITE;
/*!40000 ALTER TABLE `invest_order` DISABLE KEYS */;
/*!40000 ALTER TABLE `invest_order` ENABLE KEYS */;
UNLOCK TABLES;

--
-- Table structure for table `itemtemplate`
--

DROP TABLE IF EXISTS `itemtemplate`;
/*!40101 SET @saved_cs_client     = @@character_set_client */;
/*!40101 SET character_set_client = utf8 */;
CREATE TABLE `itemtemplate` (
  `templateId` varchar(32) NOT NULL,
  `createBy` varchar(32) DEFAULT NULL,
  `createTime` datetime DEFAULT NULL,
  `version` int(11) DEFAULT NULL,
  `defaultFlag` bit(1) DEFAULT NULL,
  `templateNm` varchar(128) DEFAULT NULL,
  PRIMARY KEY (`templateId`)
) ENGINE=InnoDB DEFAULT CHARSET=utf8;
/*!40101 SET character_set_client = @saved_cs_client */;

--
-- Dumping data for table `itemtemplate`
--

LOCK TABLES `itemtemplate` WRITE;
/*!40000 ALTER TABLE `itemtemplate` DISABLE KEYS */;
INSERT INTO `itemtemplate` VALUES ('ff8080815451b467015451b71ae20001','system','2016-04-26 16:37:15',0,'\0','无费用模板');
INSERT INTO `itemtemplate` VALUES ('ff808081651dab900165231e51660060','system','2018-08-10 17:15:14',0,'\0','fff');
/*!40000 ALTER TABLE `itemtemplate` ENABLE KEYS */;
UNLOCK TABLES;

--
-- Table structure for table `itemtemplate_itemtype`
--

DROP TABLE IF EXISTS `itemtemplate_itemtype`;
/*!40101 SET @saved_cs_client     = @@character_set_client */;
/*!40101 SET character_set_client = utf8 */;
CREATE TABLE `itemtemplate_itemtype` (
  `itemtemplate_id` varchar(32) NOT NULL,
  `itemtype_id` varchar(32) NOT NULL,
  KEY `FK_6fp2xe1y39mv483t7dk1ufhnb` (`itemtype_id`),
  KEY `FK_f4t149cy4yr44rwyss3hr14te` (`itemtemplate_id`),
  CONSTRAINT `FK_6fp2xe1y39mv483t7dk1ufhnb` FOREIGN KEY (`itemtype_id`) REFERENCES `itemtype` (`itemTypeId`),
  CONSTRAINT `FK_f4t149cy4yr44rwyss3hr14te` FOREIGN KEY (`itemtemplate_id`) REFERENCES `itemtemplate` (`templateId`)
) ENGINE=InnoDB DEFAULT CHARSET=utf8;
/*!40101 SET character_set_client = @saved_cs_client */;

--
-- Dumping data for table `itemtemplate_itemtype`
--

LOCK TABLES `itemtemplate_itemtype` WRITE;
/*!40000 ALTER TABLE `itemtemplate_itemtype` DISABLE KEYS */;
/*!40000 ALTER TABLE `itemtemplate_itemtype` ENABLE KEYS */;
UNLOCK TABLES;

--
-- Table structure for table `itemtype`
--

DROP TABLE IF EXISTS `itemtype`;
/*!40101 SET @saved_cs_client     = @@character_set_client */;
/*!40101 SET character_set_client = utf8 */;
CREATE TABLE `itemtype` (
  `itemTypeId` varchar(32) NOT NULL,
  `createBy` varchar(32) DEFAULT NULL,
  `createTime` datetime DEFAULT NULL,
  `version` int(11) DEFAULT NULL,
  `biller` int(11) DEFAULT NULL,
  `calOnlineFlag` int(11) DEFAULT NULL,
  `charger` int(11) DEFAULT NULL,
  `edited` int(11) DEFAULT NULL,
  `feeType` varchar(3) DEFAULT NULL,
  `itemTypeCd` varchar(6) DEFAULT NULL,
  `itemTypeNm` varchar(64) DEFAULT NULL,
  `itemTypePCd` varchar(6) DEFAULT NULL,
  `maxAmount` decimal(19,4) DEFAULT NULL,
  `minAmount` decimal(19,4) DEFAULT NULL,
  `node` int(11) DEFAULT NULL,
  `periodOrDay` int(11) DEFAULT NULL,
  `rate` decimal(19,4) DEFAULT NULL,
  `rateReferened` int(11) DEFAULT NULL,
  PRIMARY KEY (`itemTypeId`),
  UNIQUE KEY `UK_si31827seowf4fsik6yhwucut` (`itemTypeCd`)
) ENGINE=InnoDB DEFAULT CHARSET=utf8;
/*!40101 SET character_set_client = @saved_cs_client */;

--
-- Dumping data for table `itemtype`
--

LOCK TABLES `itemtype` WRITE;
/*!40000 ALTER TABLE `itemtype` DISABLE KEYS */;
INSERT INTO `itemtype` VALUES ('01','system','2015-01-28 00:00:01',1,NULL,0,NULL,0,'100','100000','本金',NULL,NULL,0.0000,0,1,NULL,7);
INSERT INTO `itemtype` VALUES ('02','system','2015-01-28 00:00:01',9,2,0,1,0,'100','100100','投资',NULL,NULL,0.0000,0,1,NULL,7);
INSERT INTO `itemtype` VALUES ('03','system','2015-01-28 00:00:01',3,1,0,1,0,'100','100200','债权转让',NULL,NULL,0.0000,0,1,NULL,7);
INSERT INTO `itemtype` VALUES ('04','system','2015-01-28 00:00:01',3,1,0,2,1,'100','100300','充值',NULL,NULL,0.0000,0,1,NULL,7);
INSERT INTO `itemtype` VALUES ('05','system','2015-01-28 00:00:01',1,1,0,1,1,'100','100400','提现','1',NULL,0.0000,0,1,NULL,7);
INSERT INTO `itemtype` VALUES ('06','system','2015-01-28 00:00:01',1,1,0,1,1,'100','100500','借款','1',NULL,0.0000,0,1,NULL,7);
INSERT INTO `itemtype` VALUES ('07','system','2015-01-28 00:00:01',1,1,0,1,1,'100','100600','还款','1',NULL,0.0000,0,1,NULL,7);
INSERT INTO `itemtype` VALUES ('08','system','2015-01-28 00:00:01',1,1,0,1,1,'100','100700','收款','1',NULL,0.0000,0,1,NULL,7);
INSERT INTO `itemtype` VALUES ('09','system','2015-01-28 00:00:01',2,1,0,2,1,'100','100800','利息',NULL,NULL,0.0000,0,1,NULL,7);
INSERT INTO `itemtype` VALUES ('10','system','2015-01-28 00:00:01',5,1,0,2,1,'200','200000','逾期利息',NULL,NULL,NULL,4,1,NULL,6);
INSERT INTO `itemtype` VALUES ('ff8080814c086198014c0bb4c1cc001e','system','2015-03-12 09:58:57',1,1,0,11,1,'201','201001','平台服务费',NULL,NULL,NULL,1,NULL,NULL,1);
INSERT INTO `itemtype` VALUES ('ff8080814c086198014c0bb51a45001f','system','2015-03-12 09:59:20',3,1,0,12,1,'204','204002','项目担保费',NULL,NULL,NULL,1,NULL,NULL,1);
INSERT INTO `itemtype` VALUES ('ff8080814c086198014c0bb5de9c0020','system','2015-03-12 10:00:10',2,1,0,11,1,'203','203003','追偿利息',NULL,NULL,NULL,6,1,NULL,6);
INSERT INTO `itemtype` VALUES ('ff8080814c086198014c0bb67f100021','system','2015-03-12 10:00:51',0,1,0,15,1,'205','205004','渠道服务费',NULL,NULL,NULL,1,NULL,NULL,1);
/*!40000 ALTER TABLE `itemtype` ENABLE KEYS */;
UNLOCK TABLES;

--
-- Table structure for table `loandetail`
--

DROP TABLE IF EXISTS `loandetail`;
/*!40101 SET @saved_cs_client     = @@character_set_client */;
/*!40101 SET character_set_client = utf8 */;
CREATE TABLE `loandetail` (
  `loanDetailId` varchar(32) NOT NULL,
  `createBy` varchar(32) DEFAULT NULL,
  `createTime` datetime DEFAULT NULL,
  `version` int(11) DEFAULT NULL,
  `amount` decimal(19,2) DEFAULT NULL,
  `charger` int(11) DEFAULT NULL,
  `loanId` varchar(32) DEFAULT NULL,
  `outTransferNo` varchar(32) DEFAULT NULL,
  `outsideOrderNo` varchar(32) DEFAULT NULL,
  `outsideSerialNo` varchar(32) DEFAULT NULL,
  `paymentTime` datetime DEFAULT NULL,
  `productId` varchar(32) DEFAULT NULL,
  `resultStr` varchar(128) DEFAULT NULL,
  `status` int(11) DEFAULT NULL,
  `memberId` varchar(32) DEFAULT NULL,
  PRIMARY KEY (`loanDetailId`),
  KEY `FK_dsqbqjr0ti46ornlb4jlm03v1` (`memberId`),
  CONSTRAINT `FK_dsqbqjr0ti46ornlb4jlm03v1` FOREIGN KEY (`memberId`) REFERENCES `member` (`memberId`)
) ENGINE=InnoDB DEFAULT CHARSET=utf8;
/*!40101 SET character_set_client = @saved_cs_client */;

--
-- Dumping data for table `loandetail`
--

LOCK TABLES `loandetail` WRITE;
/*!40000 ALTER TABLE `loandetail` DISABLE KEYS */;
/*!40000 ALTER TABLE `loandetail` ENABLE KEYS */;
UNLOCK TABLES;

--
-- Table structure for table `loaninfo`
--

DROP TABLE IF EXISTS `loaninfo`;
/*!40101 SET @saved_cs_client     = @@character_set_client */;
/*!40101 SET character_set_client = utf8 */;
CREATE TABLE `loaninfo` (
  `loanId` varchar(32) NOT NULL,
  `createBy` varchar(32) DEFAULT NULL,
  `createTime` datetime DEFAULT NULL,
  `version` int(11) DEFAULT NULL,
  `loanAmount` decimal(19,2) DEFAULT NULL,
  `loanTime` datetime DEFAULT NULL,
  `loanType` int(11) DEFAULT NULL,
  `status` int(11) DEFAULT NULL,
  `productId` varchar(32) DEFAULT NULL,
  `outsideOrderNo` varchar(32) DEFAULT NULL,
  `outsideSerialNo` varchar(32) DEFAULT NULL,
  `paymentTimes` int(11) DEFAULT NULL,
  PRIMARY KEY (`loanId`),
  KEY `FK_nt9ehuala3ru2wpigljy7423f` (`productId`),
  CONSTRAINT `FK_nt9ehuala3ru2wpigljy7423f` FOREIGN KEY (`productId`) REFERENCES `product` (`productId`)
) ENGINE=InnoDB DEFAULT CHARSET=utf8;
/*!40101 SET character_set_client = @saved_cs_client */;

--
-- Dumping data for table `loaninfo`
--

LOCK TABLES `loaninfo` WRITE;
/*!40000 ALTER TABLE `loaninfo` DISABLE KEYS */;
/*!40000 ALTER TABLE `loaninfo` ENABLE KEYS */;
UNLOCK TABLES;

--
-- Table structure for table `loanrecord`
--

DROP TABLE IF EXISTS `loanrecord`;
/*!40101 SET @saved_cs_client     = @@character_set_client */;
/*!40101 SET character_set_client = utf8 */;
CREATE TABLE `loanrecord` (
  `loanId` varchar(32) NOT NULL,
  `createBy` varchar(32) DEFAULT NULL,
  `createTime` datetime DEFAULT NULL,
  `version` int(11) DEFAULT NULL,
  `loanAmount` decimal(19,2) DEFAULT NULL,
  `loanDate` datetime DEFAULT NULL,
  `loanEndDate` datetime DEFAULT NULL,
  `loanOperator` varchar(32) DEFAULT NULL,
  `loanOrderId` varchar(32) DEFAULT NULL,
  `objId` varchar(32) DEFAULT NULL,
  `objType` int(11) DEFAULT NULL,
  `status` int(11) DEFAULT NULL,
  PRIMARY KEY (`loanId`)
) ENGINE=InnoDB DEFAULT CHARSET=utf8;
/*!40101 SET character_set_client = @saved_cs_client */;

--
-- Dumping data for table `loanrecord`
--

LOCK TABLES `loanrecord` WRITE;
/*!40000 ALTER TABLE `loanrecord` DISABLE KEYS */;
/*!40000 ALTER TABLE `loanrecord` ENABLE KEYS */;
UNLOCK TABLES;

--
-- Table structure for table `member`
--

DROP TABLE IF EXISTS `member`;
/*!40101 SET @saved_cs_client     = @@character_set_client */;
/*!40101 SET character_set_client = utf8 */;
CREATE TABLE `member` (
  `memberId` varchar(32) NOT NULL,
  `createBy` varchar(32) DEFAULT NULL,
  `createTime` datetime DEFAULT NULL,
  `version` int(11) DEFAULT NULL,
  `deleted` int(11) DEFAULT NULL,
  `updateBy` varchar(255) NOT NULL,
  `updateTime` datetime NOT NULL,
  `auditType` int(11) DEFAULT NULL,
  `bankNo` varchar(20) DEFAULT NULL,
  `email` varchar(64) DEFAULT NULL,
  `idCard` varchar(18) DEFAULT NULL,
  `lastLogin` datetime DEFAULT NULL,
  `lastLoginIp` varchar(32) DEFAULT NULL,
  `level` int(11) DEFAULT NULL,
  `loginCount` int(11) DEFAULT NULL,
  `memberIdZ` varchar(32) DEFAULT NULL,
  `memberKind` int(11) DEFAULT NULL,
  `password` varchar(32) DEFAULT NULL,
  `phone` varchar(13) DEFAULT NULL,
  `promotionId` varchar(12) DEFAULT NULL,
  `realCd` varchar(32) DEFAULT NULL,
  `realCdZ` varchar(32) DEFAULT NULL,
  `realNm` varchar(64) DEFAULT NULL,
  `realNmZ` varchar(64) DEFAULT NULL,
  `registTime` datetime DEFAULT NULL,
  `status` int(11) DEFAULT NULL,
  `bankcardType` int(11) DEFAULT NULL,
  `operationSrc` int(11) DEFAULT NULL,
  `isOpenZJB` int(11) DEFAULT NULL,
  `noviceStandardQuota` decimal(19,2) DEFAULT NULL,
  `statusZ` int(11) DEFAULT NULL,
  `passSalt` varchar(10) DEFAULT NULL,
  `deviceTokenIOS` varchar(100) DEFAULT NULL,
  `memberCd` varchar(255) DEFAULT NULL,
  `errorloginCount` int(11) DEFAULT NULL,
  `riskResult` int(3) DEFAULT '0' COMMENT '风险测试结果',
  `eSealStatus` int(11) DEFAULT NULL,
  `eSignAccountId` varchar(32) DEFAULT NULL,
  `riskResultDate` timestamp NULL DEFAULT NULL,
  PRIMARY KEY (`memberId`)
) ENGINE=InnoDB DEFAULT CHARSET=utf8;
/*!40101 SET character_set_client = @saved_cs_client */;

--
-- Dumping data for table `member`
--

LOCK TABLES `member` WRITE;
/*!40000 ALTER TABLE `member` DISABLE KEYS */;
INSERT INTO `member` VALUES ('00000000588f795001588fb15a130004','admin','2016-11-23 13:38:34',1,0,'system','2016-11-23 13:38:34',8,NULL,NULL,NULL,'2016-11-29 09:24:15',NULL,1,1,NULL,1,'e94a058967acf32559383ad1e3feb064','15823408801',NULL,'company1',NULL,'wxm',NULL,'2016-11-23 13:38:34',1,0,NULL,NULL,0.00,0,'480264',NULL,'15823408801',NULL,40,0,NULL,'2018-11-03 15:08:12');
INSERT INTO `member` VALUES ('00000000588f795001588fcd61800010','admin','2016-11-23 14:09:11',4,0,'system','2016-11-23 14:09:11',0,NULL,NULL,NULL,'2016-11-30 15:01:42',NULL,1,3,NULL,12,'e94a058967acf32559383ad1e3feb064','15823408802',NULL,'company2',NULL,'company2',NULL,'2016-11-23 14:09:11',1,0,NULL,NULL,0.00,0,'480264',NULL,'15823408802',NULL,40,0,NULL,'2018-11-03 15:08:12');
INSERT INTO `member` VALUES ('1e127118779d47eba82b015320c1717d','system','2017-03-11 00:36:33',200,0,'admin','2018-02-13 17:03:23',27,'6210193310200064888',NULL,'510303198301050012','2018-11-03 23:30:04','0:0:0:0:0:0:0:1',1,123,'',0,'e94a058967acf32559383ad1e3feb064','18982283449','18982283449','A6IxhrX6','','陈悦彬','','2014-10-11 22:02:14',1,0,0,0,0.00,0,'480264',NULL,'18982283449',0,40,1,'152ADF3BAFF042548911F87E5159181A','2018-11-03 15:08:12');
INSERT INTO `member` VALUES ('4028218166da2a310166da5524eb0002','system','2018-11-04 00:08:25',1,0,'system','2018-11-04 00:08:25',8,NULL,NULL,NULL,'2018-11-04 00:08:56','127.0.0.1',1,1,NULL,0,'61f20efd32c74cebc4472cd1a5c32756','18982283448','18982283448','KSPikwSw',NULL,NULL,NULL,'2018-11-04 00:08:25',1,0,0,0,10000.00,0,'381758',NULL,NULL,0,0,0,NULL,NULL);
INSERT INTO `member` VALUES ('4028a11a657f3ce201657f6f2ad30001','admin','2018-08-28 15:28:36',0,0,'system','2018-08-28 15:28:36',0,NULL,NULL,NULL,NULL,NULL,1,0,NULL,1,'e94a058967acf32559383ad1e3feb064','lxhjh',NULL,NULL,NULL,'爱丽丝',NULL,'2018-08-28 15:28:36',1,0,NULL,0,0.00,0,'480264',NULL,'lxhjh',0,40,0,NULL,'2018-11-03 15:08:12');
INSERT INTO `member` VALUES ('4028a11a657f3ce201657f71f5800003','admin','2018-08-28 15:31:39',0,0,'system','2018-08-28 15:31:39',0,NULL,NULL,NULL,NULL,NULL,1,0,NULL,1,'e94a058967acf32559383ad1e3feb064','lxhjh',NULL,NULL,NULL,'爱丽丝',NULL,'2018-08-28 15:31:39',1,0,NULL,0,0.00,0,'480264',NULL,'lxhjh',0,40,0,NULL,'2018-11-03 15:08:12');
INSERT INTO `member` VALUES ('4028a11a657f3ce201657f729af50005','admin','2018-08-28 15:32:21',0,0,'system','2018-08-28 15:32:21',0,NULL,NULL,NULL,NULL,NULL,1,0,NULL,1,'e94a058967acf32559383ad1e3feb064','lxhjh',NULL,NULL,NULL,'爱丽丝',NULL,'2018-08-28 15:32:21',1,0,NULL,0,0.00,0,'480264',NULL,'lxhjh',0,40,0,NULL,'2018-11-03 15:08:12');
INSERT INTO `member` VALUES ('4028a2335ffce5e0015ffd442be40006','admin','2017-11-27 19:37:03',0,0,'system','2017-11-27 19:37:03',0,NULL,NULL,NULL,NULL,NULL,1,0,NULL,1,'e94a058967acf32559383ad1e3feb064','111111111',NULL,NULL,NULL,'222222222',NULL,'2017-11-27 19:37:03',1,0,NULL,0,0.00,0,'480264',NULL,'111111111',NULL,40,0,NULL,'2018-11-03 15:08:12');
INSERT INTO `member` VALUES ('4028a2335ffce5e0015ffd463a0e000c','admin','2017-11-27 19:39:18',0,0,'system','2017-11-27 19:39:18',0,NULL,NULL,NULL,NULL,NULL,1,0,NULL,1,'e94a058967acf32559383ad1e3feb064','3333',NULL,NULL,NULL,'3333',NULL,'2017-11-27 19:39:18',1,0,NULL,0,0.00,0,'480264',NULL,'3333',NULL,40,0,NULL,'2018-11-03 15:08:12');
INSERT INTO `member` VALUES ('4028b8815f043d09015f044ecc000000','admin','2017-10-10 11:23:13',0,0,'system','2017-10-10 11:23:13',0,NULL,NULL,NULL,NULL,NULL,1,0,NULL,1,'e94a058967acf32559383ad1e3feb064','11',NULL,NULL,NULL,'测试',NULL,'2017-10-10 11:23:13',1,0,NULL,0,0.00,0,'480264',NULL,'11',NULL,40,0,NULL,'2018-11-03 15:08:12');
INSERT INTO `member` VALUES ('8a80d78557576efe015757bd59d30029','admin','2016-09-23 23:50:09',21,0,'system','2016-09-23 23:50:09',0,NULL,NULL,NULL,'2018-10-16 17:15:36','218.81.1.149',1,11,NULL,1,'e94a058967acf32559383ad1e3feb064','17717554963',NULL,'17717554963',NULL,'上海富商金融信息服务有限公司',NULL,'2016-09-23 23:50:09',1,0,NULL,NULL,0.00,NULL,'480264',NULL,'00002',0,40,1,'D7EF2E032515405EB5BDBEA54C6BEA04','2018-11-03 15:08:12');
INSERT INTO `member` VALUES ('ff8080814faaed76014fabcbf1a40030','system','2015-01-01 09:00:00',2,0,'system','2015-01-01 09:00:00',27,'695603432','0202222@163.com','421121198808220018','2015-01-01 09:00:00',NULL,1,1,NULL,11,'e94a058967acf32559383ad1e3feb064','15802370934',NULL,'PTZH',NULL,'平台账户',NULL,'2015-01-01 09:00:00',1,NULL,NULL,NULL,0.00,0,'480264',NULL,'15802370934',NULL,40,0,NULL,'2018-11-03 15:08:12');
INSERT INTO `member` VALUES ('ff8080815e9d5ddf01609d51a6a80000','admin','2017-12-28 21:31:02',0,0,'system','2017-12-28 21:31:02',0,NULL,NULL,NULL,NULL,NULL,1,0,NULL,1,'e94a058967acf32559383ad1e3feb064','48',NULL,NULL,NULL,'name48',NULL,'2017-12-28 21:31:02',1,0,NULL,0,0.00,0,'480264',NULL,'48',NULL,40,0,NULL,'2018-11-03 15:08:12');
INSERT INTO `member` VALUES ('ff8080815f518cdd015f70043743002c','admin','2017-10-31 09:20:45',0,0,'system','2017-10-31 09:20:45',0,NULL,NULL,NULL,NULL,NULL,1,0,NULL,1,'e94a058967acf32559383ad1e3feb064','13300001111',NULL,NULL,NULL,'测试借款公司企业一',NULL,'2017-10-31 09:20:45',1,0,NULL,0,0.00,0,'480264',NULL,'13300001111',NULL,40,0,NULL,'2018-11-03 15:08:12');
INSERT INTO `member` VALUES ('ff8080815f71266f015f712b6ee20000','admin','2017-10-31 14:43:12',0,0,'system','2017-10-31 14:43:12',0,NULL,NULL,NULL,NULL,NULL,1,0,NULL,1,'e94a058967acf32559383ad1e3feb064','47',NULL,NULL,NULL,'name47',NULL,'2017-10-31 14:43:12',1,0,NULL,0,0.00,0,'480264',NULL,'47',NULL,40,0,NULL,'2018-11-03 15:08:12');
INSERT INTO `member` VALUES ('ff8080815f71266f015f71332be80004','admin','2017-10-31 14:51:39',1,0,'system','2017-10-31 14:51:39',0,NULL,NULL,NULL,NULL,NULL,1,0,NULL,1,'e94a058967acf32559383ad1e3feb064','46',NULL,NULL,NULL,'name46',NULL,'2017-10-31 14:51:39',1,0,NULL,0,0.00,0,'480264',NULL,'46',NULL,40,0,NULL,'2018-11-03 15:08:12');
INSERT INTO `member` VALUES ('ff8080816000906d0160065af56b0011','admin','2017-11-29 13:58:32',0,0,'system','2017-11-29 13:58:32',0,NULL,NULL,NULL,NULL,NULL,1,0,NULL,1,'e94a058967acf32559383ad1e3feb064','12',NULL,NULL,NULL,'comp1',NULL,'2017-11-29 13:58:32',1,0,NULL,0,0.00,0,'480264',NULL,'12',NULL,40,0,NULL,'2018-11-03 15:08:12');
INSERT INTO `member` VALUES ('ff8080816000906d0160067dcef50018','admin','2017-11-29 14:36:36',0,0,'system','2017-11-29 14:36:36',0,NULL,NULL,NULL,NULL,NULL,1,0,NULL,1,'e94a058967acf32559383ad1e3feb064','ts',NULL,NULL,NULL,'上海统硕贸易有限公司',NULL,'2017-11-29 14:36:36',1,0,NULL,0,0.00,0,'480264',NULL,'ts',NULL,40,0,NULL,'2018-11-03 15:08:12');
INSERT INTO `member` VALUES ('ff8080816007debb01600b0a217e000f','admin','2017-11-30 11:48:21',31,0,'admin','2018-10-27 22:23:19',0,NULL,NULL,NULL,'2018-10-29 11:48:06','0:0:0:0:0:0:0:1',1,9,NULL,1,'e94a058967acf32559383ad1e3feb064','00001',NULL,NULL,NULL,'上海讯燕贸易有限公司',NULL,'2017-11-30 11:48:21',1,0,NULL,0,0.00,0,'480264',NULL,'00001',5,40,1,'B3325F6FF8904EABBFF2E32B810DDE2C','2018-11-03 15:08:12');
INSERT INTO `member` VALUES ('ff80808160c456180160c47bf9ff0001','admin','2018-01-05 12:02:27',0,0,'system','2018-01-05 12:02:27',0,NULL,NULL,NULL,NULL,NULL,1,0,NULL,1,'e94a058967acf32559383ad1e3feb064','50',NULL,NULL,NULL,'name50',NULL,'2018-01-05 12:02:27',1,0,NULL,0,0.00,0,'480264',NULL,'50',NULL,40,0,NULL,'2018-11-03 15:08:12');
INSERT INTO `member` VALUES ('ff80808160c456180160c5000f46000f','admin','2018-01-05 14:26:43',0,0,'system','2018-01-05 14:26:43',0,NULL,NULL,NULL,NULL,NULL,1,0,NULL,1,'e94a058967acf32559383ad1e3feb064','60',NULL,NULL,NULL,'name60',NULL,'2018-01-05 14:26:43',1,0,NULL,0,0.00,0,'480264',NULL,'60',NULL,40,0,NULL,'2018-11-03 15:08:12');
INSERT INTO `member` VALUES ('ff80808162272ed1016227340b250002','system','2018-03-15 09:09:04',32,0,'system','2018-03-15 09:09:04',11,'6210193310200514239',NULL,'321112199212075651','2018-11-04 18:25:55','0:0:0:0:0:0:0:1',1,24,NULL,0,'e94a058967acf32559383ad1e3feb064','15310405001','15310405001','ogjHRqk5',NULL,'秦尉寒',NULL,'2018-03-15 09:09:04',1,0,0,0,10000.00,0,'480264',NULL,NULL,0,40,1,'9A384B0A587A4F569314171D27C4FDAF','2018-11-03 15:08:12');
INSERT INTO `member` VALUES ('ff80808162272ed10162273faf320016','system','2018-03-15 09:21:47',9,0,'system','2018-03-15 09:21:47',11,'6210193310200514247',NULL,'440512197506229053','2018-11-04 00:06:18','0:0:0:0:0:0:0:1',1,6,NULL,0,'e94a058967acf32559383ad1e3feb064','15310405002','15310405002','2RqZCIAg',NULL,'杨珑莘',NULL,'2018-03-15 09:21:47',1,0,0,0,10000.00,0,'480264',NULL,NULL,0,40,1,'BA2414F11C3F42FEA2A11517A00C4935','2018-11-03 15:08:12');
INSERT INTO `member` VALUES ('ff8080816229a91901622c7458bd0006','system','2018-03-16 09:37:25',15,0,'system','2018-03-16 09:37:25',11,'6210193310200514809',NULL,'120112198905012319','2018-11-04 00:05:59','0:0:0:0:0:0:0:1',1,10,NULL,0,'e94a058967acf32559383ad1e3feb064','15310405003','15310405003','MXGtZgwl',NULL,'杨肖任',NULL,'2018-03-16 09:37:25',1,0,0,0,10000.00,0,'480264',NULL,NULL,0,40,1,'AEB6C2A8FEAB4AB080A84BE68C57F094','2018-11-03 15:08:12');
INSERT INTO `member` VALUES ('ff808081623bdb3601623c035bc9000a','admin','2018-03-19 10:07:55',2,0,'system','2018-03-19 10:07:55',0,NULL,NULL,NULL,NULL,NULL,1,0,NULL,1,'e94a058967acf32559383ad1e3feb064','wwysjy',NULL,NULL,NULL,'武威绿色家园玻璃钢有限公司',NULL,'2018-03-19 10:07:55',1,0,NULL,0,0.00,0,'480264',NULL,'wwysjy',0,40,1,'88A1CC02B6654EAB9C731C21F51E769F','2018-11-03 15:08:12');
INSERT INTO `member` VALUES ('ff808081623ce4ae01623cea5e880000','admin','2018-03-19 14:20:15',2,0,'system','2018-03-19 14:20:15',0,NULL,NULL,NULL,NULL,NULL,1,0,NULL,1,'e94a058967acf32559383ad1e3feb064','gslx',NULL,NULL,NULL,'甘肃兰欣新型建材有限责任公司',NULL,'2018-03-19 14:20:15',1,0,NULL,0,0.00,0,'480264',NULL,'gslx',0,40,1,'503B4EE1994D4456B9872635894E87A5','2018-11-03 15:08:12');
INSERT INTO `member` VALUES ('ff80808162474dfb0162477d98420017','admin','2018-03-21 15:37:16',2,0,'system','2018-03-21 15:37:16',0,NULL,NULL,NULL,NULL,NULL,1,0,NULL,1,'e94a058967acf32559383ad1e3feb064','shmg',NULL,NULL,NULL,'上海米果箱包有限公司',NULL,'2018-03-21 15:37:16',1,0,NULL,0,0.00,0,'480264',NULL,'shmg',0,40,1,'47CCEB331FA844FE84A4FC0D6F8DA679','2018-11-03 15:08:12');
INSERT INTO `member` VALUES ('ff808081651dab90016521b7cf0f0019','admin','2018-08-10 10:43:38',0,0,'system','2018-08-10 10:43:38',0,NULL,NULL,NULL,NULL,NULL,1,0,NULL,1,'e94a058967acf32559383ad1e3feb064','99001',NULL,NULL,NULL,'abc公司',NULL,'2018-08-10 10:43:38',1,0,NULL,0,0.00,0,'480264',NULL,'99001',0,40,0,NULL,'2018-11-03 15:08:12');
INSERT INTO `member` VALUES ('ff808081651dab90016522d5f10e0027','admin','2018-08-10 15:56:10',0,0,'system','2018-08-10 15:56:10',0,NULL,NULL,NULL,NULL,NULL,1,0,NULL,1,'e94a058967acf32559383ad1e3feb064','99009',NULL,NULL,NULL,'上海车辆公司',NULL,'2018-08-10 15:56:10',1,0,NULL,0,0.00,0,'480264',NULL,'99009',0,40,0,NULL,'2018-11-03 15:08:12');
INSERT INTO `member` VALUES ('ff808081651dab9001654610d81a015c','admin','2018-08-17 12:07:13',1,0,'system','2018-08-17 12:07:13',0,NULL,NULL,NULL,NULL,NULL,1,0,NULL,1,'e94a058967acf32559383ad1e3feb064','02120',NULL,NULL,NULL,'dd公司1',NULL,'2018-08-17 12:07:13',1,0,NULL,0,0.00,0,'480264',NULL,'02120',0,40,0,NULL,'2018-11-03 15:08:12');
INSERT INTO `member` VALUES ('ff808081651dab90016546dc776f017e','admin','2018-08-17 15:49:38',0,0,'system','2018-08-17 15:49:38',0,NULL,NULL,NULL,NULL,NULL,1,0,NULL,12,'e94a058967acf32559383ad1e3feb064','88001',NULL,NULL,NULL,'上海第一担保有限公司',NULL,'2018-08-17 15:49:38',1,0,NULL,0,0.00,0,'480264',NULL,'88001',0,40,0,NULL,'2018-11-03 15:08:12');
INSERT INTO `member` VALUES ('ff808081655b0c6f01655fc3818b0035','admin','2018-08-22 11:52:52',0,0,'system','2018-08-22 11:52:52',0,NULL,NULL,NULL,NULL,NULL,1,0,NULL,1,'e94a058967acf32559383ad1e3feb064','99002',NULL,NULL,NULL,'某公司',NULL,'2018-08-22 11:52:52',1,0,NULL,0,0.00,0,'480264',NULL,'99002',0,40,0,NULL,'2018-11-03 15:08:12');
INSERT INTO `member` VALUES ('ff80808165e629cf01661ad16e6f004b','admin','2018-09-27 19:37:04',0,0,'system','2018-09-27 19:37:04',0,NULL,NULL,NULL,NULL,NULL,1,0,NULL,1,'e94a058967acf32559383ad1e3feb064','232323',NULL,NULL,NULL,'2323',NULL,'2018-09-27 19:37:04',1,0,NULL,0,0.00,0,'480264',NULL,'232323',0,40,0,NULL,'2018-11-03 15:08:12');
INSERT INTO `member` VALUES ('ff80808165e629cf01661ad412e1004e','admin','2018-09-27 19:39:58',3,0,'system','2018-09-27 19:39:58',8,NULL,NULL,NULL,NULL,NULL,1,0,NULL,1,'e94a058967acf32559383ad1e3feb064','000008',NULL,'000008',NULL,'测试1',NULL,'2018-09-27 19:39:58',1,0,NULL,0,0.00,0,'480264',NULL,'000008',0,40,0,NULL,'2018-11-03 15:08:12');
INSERT INTO `member` VALUES ('ff8080816659395801666105c81f0029','admin','2018-10-11 10:47:41',24,0,'admin','2018-10-26 12:28:35',0,NULL,NULL,NULL,'2018-10-29 11:48:57','0:0:0:0:0:0:0:1',1,16,NULL,1,'e94a058967acf32559383ad1e3feb064','00268',NULL,NULL,NULL,'上海赢汇贸易有限公司',NULL,'2018-10-11 10:47:41',1,0,NULL,0,0.00,0,'480264',NULL,'00268',0,40,1,'D8B763B589354EB1BC2AEAF83F59136F','2018-11-03 15:08:12');
INSERT INTO `member` VALUES ('ff8080816668f8b401667d412fd52ca8','admin','2018-10-16 22:21:56',2,0,'admin','2018-10-26 10:20:31',0,NULL,NULL,NULL,NULL,NULL,1,0,NULL,1,'e94a058967acf32559383ad1e3feb064','00233',NULL,NULL,NULL,'上海稳维贸易有限公司',NULL,'2018-10-16 22:21:56',1,0,NULL,0,0.00,0,'480264',NULL,'00233',0,40,0,NULL,'2018-11-03 15:08:12');
/*!40000 ALTER TABLE `member` ENABLE KEYS */;
UNLOCK TABLES;

--
-- Table structure for table `member_audit`
--

DROP TABLE IF EXISTS `member_audit`;
/*!40101 SET @saved_cs_client     = @@character_set_client */;
/*!40101 SET character_set_client = utf8 */;
CREATE TABLE `member_audit` (
  `auditId` varchar(32) NOT NULL,
  `createBy` varchar(32) DEFAULT NULL,
  `createTime` datetime DEFAULT NULL,
  `version` int(11) DEFAULT NULL,
  `auditAuthor` varchar(32) DEFAULT NULL,
  `auditDesc` varchar(256) DEFAULT NULL,
  `auditTime` datetime DEFAULT NULL,
  `auditType` int(11) DEFAULT NULL,
  `status` int(11) DEFAULT NULL,
  `submitTime` datetime DEFAULT NULL,
  `memberId` varchar(32) DEFAULT NULL,
  PRIMARY KEY (`auditId`),
  KEY `FK_r9isbgtgqva8v44lago34k7s8` (`memberId`),
  CONSTRAINT `FK_r9isbgtgqva8v44lago34k7s8` FOREIGN KEY (`memberId`) REFERENCES `member` (`memberId`)
) ENGINE=InnoDB DEFAULT CHARSET=utf8;
/*!40101 SET character_set_client = @saved_cs_client */;

--
-- Dumping data for table `member_audit`
--

LOCK TABLES `member_audit` WRITE;
/*!40000 ALTER TABLE `member_audit` DISABLE KEYS */;
INSERT INTO `member_audit` VALUES ('ff8080815b1436fe015b17c8557a0017','system','2017-03-29 09:57:36',0,'系統','第三方开户操作成功,实名认证成功','2017-03-29 09:57:36',1,1,NULL,'ff8080815b1436fe015b17c5243f0013');
INSERT INTO `member_audit` VALUES ('ff8080815b28b3d1015b28cb51610001','system','2017-04-01 17:14:24',0,'系統','第三方开户操作成功,实名认证成功','2017-04-01 17:14:24',1,1,NULL,'ff8080815af3d90a015af49b8d4a001d');
INSERT INTO `member_audit` VALUES ('ff8080815b28d03e015b28d3bfb50001','system','2017-04-01 17:23:37',0,'系統','第三方开户操作成功,实名认证成功','2017-04-01 17:23:37',1,1,NULL,'ff8080815afdfdab015afed369630002');
INSERT INTO `member_audit` VALUES ('ff8080815b28d03e015b28e1c11f0003','system','2017-04-01 17:38:55',0,'系統','第三方开户操作成功,实名认证成功','2017-04-01 17:38:55',1,1,NULL,'ff8080815aea991a015aeaa041a6000d');
INSERT INTO `member_audit` VALUES ('ff8080815b65442a015b6551e9b1000b','system','2017-04-13 11:18:38',0,'系統','第三方开户操作成功,实名认证成功','2017-04-13 11:18:38',1,1,NULL,'ff8080815b65442a015b654c864a0002');
INSERT INTO `member_audit` VALUES ('ff8080815bc4b9e6015bc4d24b9a0001','system','2017-05-02 00:22:47',0,'系統','第三方开户操作成功,实名认证成功','2017-05-02 00:22:47',1,1,NULL,'ff8080815af3d90a015af4a3bc790024');
INSERT INTO `member_audit` VALUES ('ff8080815bd20382015bd6622475003e','system','2017-05-05 10:13:27',0,'系統','第三方开户操作成功,实名认证成功','2017-05-05 10:13:27',1,1,NULL,'ff8080815bd20382015bd660e29c0034');
INSERT INTO `member_audit` VALUES ('ff8080815bd20382015bd672e79e0059','system','2017-05-05 10:31:46',0,'系統','第三方开户操作成功,实名认证成功','2017-05-05 10:31:46',1,1,NULL,'ff8080815bd20382015bd671968d004f');
INSERT INTO `member_audit` VALUES ('ff8080815beaebac015beb5572df0001','system','2017-05-09 11:51:37',0,'系統','第三方开户操作成功,实名认证成功','2017-05-09 11:51:37',1,1,NULL,'00da21071d654571a8d311a227b29a0e');
INSERT INTO `member_audit` VALUES ('ff8080815c15099e015c1989b42e0005','system','2017-05-18 11:11:13',0,'系統','第三方开户操作成功,实名认证成功','2017-05-18 11:11:13',1,1,NULL,'ff8080815bfc21fd015c0b4730b300a5');
INSERT INTO `member_audit` VALUES ('ff8080815c1acf21015c1ad36ec90001','system','2017-05-18 17:11:23',0,'系統','第三方开户操作成功,实名认证成功','2017-05-18 17:11:23',1,1,NULL,'ff8080815bfc21fd015c0b3759c60092');
INSERT INTO `member_audit` VALUES ('ff8080815c426364015c4264d0280001','system','2017-05-26 09:35:22',0,'系統','第三方开户操作成功,实名认证成功','2017-05-26 09:35:22',1,1,NULL,'ff8080815bfc21fd015bfc260ccd000b');
INSERT INTO `member_audit` VALUES ('ff8080815c426364015c426a81b00008','system','2017-05-26 09:41:35',0,'系統','第三方开户操作成功,实名认证成功','2017-05-26 09:41:35',1,1,NULL,'ff8080815bfc21fd015c0b49997b00bd');
INSERT INTO `member_audit` VALUES ('ff8080815c426364015c42a4f816000f','system','2017-05-26 10:45:26',0,'系統','第三方开户操作成功,实名认证成功','2017-05-26 10:45:26',1,1,NULL,'ff8080815bfc21fd015c0b47c68100b0');
INSERT INTO `member_audit` VALUES ('ff8080815c426364015c42a92db70016','system','2017-05-26 10:50:02',0,'系統','第三方开户操作成功,实名认证成功','2017-05-26 10:50:02',1,1,NULL,'ff8080815bfc21fd015c0b099281007c');
INSERT INTO `member_audit` VALUES ('ff8080815c426364015c42acdb78001d','system','2017-05-26 10:54:03',0,'系統','第三方开户操作成功,实名认证成功','2017-05-26 10:54:03',1,1,NULL,'ff8080815bfc21fd015c0b0bb0390087');
INSERT INTO `member_audit` VALUES ('ff8080815c426364015c42c5268f0024','system','2017-05-26 11:20:35',0,'系統','第三方开户操作成功,实名认证成功','2017-05-26 11:20:35',1,1,NULL,'ff8080815bfc21fd015c0afc27f10071');
INSERT INTO `member_audit` VALUES ('ff8080815c426364015c42cfce5e002b','system','2017-05-26 11:32:14',0,'系統','第三方开户操作成功,实名认证成功','2017-05-26 11:32:14',1,1,NULL,'ff8080815bfc21fd015bfc42e3b80018');
INSERT INTO `member_audit` VALUES ('ff8080815c426364015c43597d540032','system','2017-05-26 14:02:37',0,'系統','第三方开户操作成功,实名认证成功','2017-05-26 14:02:37',1,1,NULL,'ff8080815acdc9ee015ad0d8c2160047');
INSERT INTO `member_audit` VALUES ('ff8080815da19d1b015da6ecf2280013','system','2017-08-03 15:08:52',0,'系統','第三方开户操作成功,实名认证成功','2017-08-03 15:08:52',1,1,NULL,'ff8080815da19d1b015da6d77127000b');
INSERT INTO `member_audit` VALUES ('ff80808162272ed10162273cdfc00006','system','2018-03-15 09:18:43',0,'系統','第三方开户操作成功,实名认证成功','2018-03-15 09:18:43',1,1,NULL,'ff80808162272ed1016227340b250002');
INSERT INTO `member_audit` VALUES ('ff80808162272ed1016227426673001a','system','2018-03-15 09:24:45',0,'系統','第三方开户操作成功,实名认证成功','2018-03-15 09:24:45',1,1,NULL,'ff80808162272ed10162273faf320016');
INSERT INTO `member_audit` VALUES ('ff808081622c87a601622cb6a3950003','system','2018-03-16 10:49:49',0,'系統','第三方开户操作成功,实名认证成功','2018-03-16 10:49:49',1,1,NULL,'ff8080816229a91901622c7458bd0006');
INSERT INTO `member_audit` VALUES ('ff808081622c87a601622d5852e1001e','system','2018-03-16 13:46:25',0,'系統','第三方开户操作成功,实名认证成功','2018-03-16 13:46:25',1,1,NULL,'ff808081622c87a601622d0fff6f001a');
INSERT INTO `member_audit` VALUES ('ff808081622e4ed701622e56fb6c0006','system','2018-03-16 18:24:35',0,'系統','第三方开户操作成功,实名认证成功','2018-03-16 18:24:35',1,1,NULL,'ff808081622e4ed701622e55b2220002');
INSERT INTO `member_audit` VALUES ('ff808081622ec25501622ed228ee0006','system','2018-03-16 20:39:07',0,'系統','第三方开户操作成功,实名认证成功','2018-03-16 20:39:07',1,1,NULL,'ff808081622ec25501622ed0b5560002');
INSERT INTO `member_audit` VALUES ('ff808081623bd97d01623bfac58a000a','system','2018-03-19 09:58:33',0,'系統','第三方开户操作成功,实名认证成功','2018-03-19 09:58:33',1,1,NULL,'ff808081623bd97d01623bf966910006');
INSERT INTO `member_audit` VALUES ('ff808081623bd97d01623bfe4f49001a','system','2018-03-19 10:02:24',0,'系統','第三方开户操作成功,实名认证成功','2018-03-19 10:02:24',1,1,NULL,'ff808081623bd97d01623bfcc4930016');
INSERT INTO `member_audit` VALUES ('ff808081623ce31101623cf0eb470007','system','2018-03-19 14:27:24',0,'系統','第三方开户操作成功,实名认证成功','2018-03-19 14:27:24',1,1,NULL,'ff808081623ce31101623cefba560002');
INSERT INTO `member_audit` VALUES ('ff80808162474c6c0162478501b30010','system','2018-03-21 15:45:21',0,'系統','第三方开户操作成功,实名认证成功','2018-03-21 15:45:21',1,1,NULL,'ff80808162474c6c01624782f366000c');
INSERT INTO `member_audit` VALUES ('ff80808162474c6c01624789fb1b0023','system','2018-03-21 15:50:47',0,'系統','第三方开户操作成功,实名认证成功','2018-03-21 15:50:47',1,1,NULL,'ff80808162474c6c016247891104001f');
/*!40000 ALTER TABLE `member_audit` ENABLE KEYS */;
UNLOCK TABLES;

--
-- Table structure for table `member_old_capital_flow`
--

DROP TABLE IF EXISTS `member_old_capital_flow`;
/*!40101 SET @saved_cs_client     = @@character_set_client */;
/*!40101 SET character_set_client = utf8 */;
CREATE TABLE `member_old_capital_flow` (
  `flowId` varchar(32) NOT NULL,
  `createBy` varchar(32) DEFAULT NULL,
  `createTime` datetime DEFAULT NULL,
  `version` int(11) DEFAULT NULL,
  `deleted` int(11) DEFAULT NULL,
  `updateBy` varchar(255) NOT NULL,
  `updateTime` datetime NOT NULL,
  `amount` decimal(19,2) DEFAULT NULL,
  `flag` int(11) DEFAULT NULL,
  `remark` varchar(200) DEFAULT NULL,
  `status` int(11) DEFAULT NULL,
  `memberId` varchar(32) NOT NULL,
  PRIMARY KEY (`flowId`),
  KEY `FK_51gx5mm5lpcymecvd2yp1l22i` (`memberId`),
  CONSTRAINT `FK_51gx5mm5lpcymecvd2yp1l22i` FOREIGN KEY (`memberId`) REFERENCES `member` (`memberId`)
) ENGINE=InnoDB DEFAULT CHARSET=utf8;
/*!40101 SET character_set_client = @saved_cs_client */;

--
-- Dumping data for table `member_old_capital_flow`
--

LOCK TABLES `member_old_capital_flow` WRITE;
/*!40000 ALTER TABLE `member_old_capital_flow` DISABLE KEYS */;
/*!40000 ALTER TABLE `member_old_capital_flow` ENABLE KEYS */;
UNLOCK TABLES;

--
-- Table structure for table `member_old_info`
--

DROP TABLE IF EXISTS `member_old_info`;
/*!40101 SET @saved_cs_client     = @@character_set_client */;
/*!40101 SET character_set_client = utf8 */;
CREATE TABLE `member_old_info` (
  `infoId` varchar(32) NOT NULL,
  `createBy` varchar(32) DEFAULT NULL,
  `createTime` datetime DEFAULT NULL,
  `version` int(11) DEFAULT NULL,
  `deleted` int(11) DEFAULT NULL,
  `updateBy` varchar(255) NOT NULL,
  `updateTime` datetime NOT NULL,
  `balance` decimal(19,2) DEFAULT NULL,
  `oldId` varchar(6) DEFAULT NULL,
  `oldIdCard` varchar(18) DEFAULT NULL,
  `remark` varchar(200) DEFAULT NULL,
  `memberId` varchar(32) NOT NULL,
  `outsideOrderNo` varchar(40) DEFAULT NULL,
  `outsideSerialNo` varchar(40) DEFAULT NULL,
  `oldName` varchar(15) DEFAULT NULL,
  PRIMARY KEY (`infoId`),
  KEY `FK_9bkxirjw1ijm3416jc15pbr0b` (`memberId`),
  CONSTRAINT `FK_9bkxirjw1ijm3416jc15pbr0b` FOREIGN KEY (`memberId`) REFERENCES `member` (`memberId`)
) ENGINE=InnoDB DEFAULT CHARSET=utf8;
/*!40101 SET character_set_client = @saved_cs_client */;

--
-- Dumping data for table `member_old_info`
--

LOCK TABLES `member_old_info` WRITE;
/*!40000 ALTER TABLE `member_old_info` DISABLE KEYS */;
/*!40000 ALTER TABLE `member_old_info` ENABLE KEYS */;
UNLOCK TABLES;

--
-- Table structure for table `member_operation_log`
--

DROP TABLE IF EXISTS `member_operation_log`;
/*!40101 SET @saved_cs_client     = @@character_set_client */;
/*!40101 SET character_set_client = utf8 */;
CREATE TABLE `member_operation_log` (
  `logId` varchar(32) NOT NULL,
  `createBy` varchar(32) DEFAULT NULL,
  `createTime` datetime DEFAULT NULL,
  `version` int(11) DEFAULT NULL,
  `operateContent` varchar(200) DEFAULT NULL,
  `operateType` varchar(255) DEFAULT NULL,
  `memberId` varchar(32) NOT NULL,
  PRIMARY KEY (`logId`),
  KEY `FK_kgsi8bw3ifw9tf9re5rrhrj4b` (`memberId`),
  CONSTRAINT `FK_kgsi8bw3ifw9tf9re5rrhrj4b` FOREIGN KEY (`memberId`) REFERENCES `member` (`memberId`)
) ENGINE=InnoDB DEFAULT CHARSET=utf8;
/*!40101 SET character_set_client = @saved_cs_client */;

--
-- Dumping data for table `member_operation_log`
--

LOCK TABLES `member_operation_log` WRITE;
/*!40000 ALTER TABLE `member_operation_log` DISABLE KEYS */;
INSERT INTO `member_operation_log` VALUES ('4028218166dcfd5d0166de3fe462000c','system','2018-11-04 12:33:43',0,'','出借','ff80808162272ed1016227340b250002');
INSERT INTO `member_operation_log` VALUES ('4028218166dcfd5d0166de3fe462000d','system','2018-11-04 12:34:05',0,'','出借','ff80808162272ed1016227340b250002');
/*!40000 ALTER TABLE `member_operation_log` ENABLE KEYS */;
UNLOCK TABLES;

--
-- Table structure for table `member_receivables`
--

DROP TABLE IF EXISTS `member_receivables`;
/*!40101 SET @saved_cs_client     = @@character_set_client */;
/*!40101 SET character_set_client = utf8 */;
CREATE TABLE `member_receivables` (
  `recId` varchar(32) NOT NULL,
  `createBy` varchar(32) DEFAULT NULL,
  `createTime` datetime DEFAULT NULL,
  `version` int(11) DEFAULT NULL,
  `actualAmount` decimal(19,2) DEFAULT NULL,
  `actualCapital` decimal(19,2) DEFAULT NULL,
  `actualDate` datetime DEFAULT NULL,
  `actualInterest` decimal(19,2) DEFAULT NULL,
  `actualOtherFee` decimal(19,2) DEFAULT NULL,
  `expectAmount` decimal(19,2) DEFAULT NULL,
  `expectCapital` decimal(19,2) DEFAULT NULL,
  `expectDate` datetime DEFAULT NULL,
  `expectInterest` decimal(19,2) DEFAULT NULL,
  `memberId` varchar(32) DEFAULT NULL,
  `orderNo` varchar(32) DEFAULT NULL,
  `outsideOrderNo` varchar(32) DEFAULT NULL,
  `period` int(11) DEFAULT NULL,
  `productId` varchar(32) DEFAULT NULL,
  `status` int(11) DEFAULT NULL,
  `orderId` varchar(32) DEFAULT NULL,
  `currentOutsideOrderNo` varchar(32) DEFAULT NULL,
  `currentOutsideSerialNo` varchar(32) DEFAULT NULL,
  `outsideSerialNo` varchar(32) DEFAULT NULL,
  `repayApplyStatus` int(11) DEFAULT NULL,
  `repayAuditStatus` int(11) DEFAULT NULL,
  `outsideOrderDate` varchar(20) DEFAULT NULL,
  `repayOutsideOrderDate` varchar(20) DEFAULT NULL,
  `repayOutsideOrderNo` varchar(32) DEFAULT NULL,
  `repayOutsideSerialNo` varchar(32) DEFAULT NULL,
  `advanceRepayPenaltyAmt` decimal(19,2) DEFAULT NULL,
  `InterestDateBegin` varchar(255) DEFAULT NULL,
  `InterestDateEnd` varchar(255) DEFAULT NULL,
  `preReapyInterest` decimal(19,2) DEFAULT NULL,
  PRIMARY KEY (`recId`),
  KEY `FK_kq0g342v5p1f6rq4sx3b5ov31` (`memberId`),
  KEY `FK_9dxqdovtf1y1bj4id6f52qvvl` (`orderId`),
  KEY `ndx_productId` (`productId`),
  CONSTRAINT `FK_9dxqdovtf1y1bj4id6f52qvvl` FOREIGN KEY (`orderId`) REFERENCES `product_order` (`orderId`),
  CONSTRAINT `FK_kq0g342v5p1f6rq4sx3b5ov31` FOREIGN KEY (`memberId`) REFERENCES `member` (`memberId`)
) ENGINE=InnoDB DEFAULT CHARSET=utf8;
/*!40101 SET character_set_client = @saved_cs_client */;

--
-- Dumping data for table `member_receivables`
--

LOCK TABLES `member_receivables` WRITE;
/*!40000 ALTER TABLE `member_receivables` DISABLE KEYS */;
INSERT INTO `member_receivables` VALUES ('4028218166dcfd5d0166de3fe36c0000','system','2018-11-04 18:23:41',0,0.00,0.00,NULL,0.00,0.00,2009.67,2000.00,'2018-12-03 00:00:00',9.67,'ff80808162272ed1016227340b250002','J181104123343172386','PJK2018110412334300001',1,'4028218166da2a890166dcc0fcd100b0',0,'4028218166dcfcf40166dcff7d140000',NULL,NULL,NULL,NULL,NULL,NULL,NULL,NULL,NULL,NULL,'2018-11-04','2018-12-03',NULL);
INSERT INTO `member_receivables` VALUES ('4028218166dcfd5d0166de3fe38b0001','system','2018-11-04 18:23:41',0,0.00,0.00,NULL,0.00,0.00,7989.43,7951.00,'2018-12-03 00:00:00',38.43,'ff80808162272ed1016227340b250002','J181104123404953443','PJK2018110412340400005',1,'4028218166da2a890166dcc0fcd100b0',0,'4028218166dcfcf40166dcffd21d0006',NULL,NULL,NULL,NULL,NULL,NULL,NULL,NULL,NULL,NULL,'2018-11-04','2018-12-03',NULL);
/*!40000 ALTER TABLE `member_receivables` ENABLE KEYS */;
UNLOCK TABLES;

--
-- Table structure for table `memberrisktestanswer`
--

DROP TABLE IF EXISTS `memberrisktestanswer`;
/*!40101 SET @saved_cs_client     = @@character_set_client */;
/*!40101 SET character_set_client = utf8 */;
CREATE TABLE `memberrisktestanswer` (
  `memberRiskTestAnswerId` varchar(32) NOT NULL,
  `createBy` varchar(32) DEFAULT NULL,
  `createTime` datetime DEFAULT NULL,
  `version` int(11) DEFAULT NULL,
  `deleted` int(11) DEFAULT NULL,
  `updateBy` varchar(255) NOT NULL,
  `updateTime` datetime NOT NULL,
  `riskTestAnswer` longtext,
  `memberId` varchar(32) NOT NULL,
  PRIMARY KEY (`memberRiskTestAnswerId`),
  KEY `FK_ommve7l0oh6273lrlgc7i7wrj` (`memberId`),
  CONSTRAINT `FK_ommve7l0oh6273lrlgc7i7wrj` FOREIGN KEY (`memberId`) REFERENCES `member` (`memberId`)
) ENGINE=InnoDB DEFAULT CHARSET=utf8;
/*!40101 SET character_set_client = @saved_cs_client */;

--
-- Dumping data for table `memberrisktestanswer`
--

LOCK TABLES `memberrisktestanswer` WRITE;
/*!40000 ALTER TABLE `memberrisktestanswer` DISABLE KEYS */;
/*!40000 ALTER TABLE `memberrisktestanswer` ENABLE KEYS */;
UNLOCK TABLES;

--
-- Table structure for table `memberseal`
--

DROP TABLE IF EXISTS `memberseal`;
/*!40101 SET @saved_cs_client     = @@character_set_client */;
/*!40101 SET character_set_client = utf8 */;
CREATE TABLE `memberseal` (
  `sealId` varchar(32) NOT NULL,
  `createBy` varchar(32) DEFAULT NULL,
  `createTime` datetime DEFAULT NULL,
  `version` int(11) DEFAULT NULL,
  `deleted` int(11) DEFAULT NULL,
  `updateBy` varchar(255) NOT NULL,
  `updateTime` datetime NOT NULL,
  `sealData` longtext,
  `memberId` varchar(32) NOT NULL,
  `evid` varchar(32) DEFAULT NULL,
  `relateStatus` int(11) DEFAULT NULL,
  PRIMARY KEY (`sealId`),
  KEY `FK_h4coancrh0psdqcladirpstc9` (`memberId`),
  CONSTRAINT `FK_h4coancrh0psdqcladirpstc9` FOREIGN KEY (`memberId`) REFERENCES `member` (`memberId`)
) ENGINE=InnoDB DEFAULT CHARSET=utf8;
/*!40101 SET character_set_client = @saved_cs_client */;

--
-- Dumping data for table `memberseal`
--

LOCK TABLES `memberseal` WRITE;
/*!40000 ALTER TABLE `memberseal` DISABLE KEYS */;
/*!40000 ALTER TABLE `memberseal` ENABLE KEYS */;
UNLOCK TABLES;

--
-- Table structure for table `notice`
--

DROP TABLE IF EXISTS `notice`;
/*!40101 SET @saved_cs_client     = @@character_set_client */;
/*!40101 SET character_set_client = utf8 */;
CREATE TABLE `notice` (
  `noticeId` varchar(32) NOT NULL,
  `createBy` varchar(32) DEFAULT NULL,
  `createTime` datetime DEFAULT NULL,
  `version` int(11) DEFAULT NULL,
  `effTime` datetime NOT NULL,
  `expTime` datetime NOT NULL,
  `listSort` int(11) NOT NULL,
  `state` varchar(3) NOT NULL,
  `stateTime` datetime NOT NULL,
  `acceptBy` varchar(32) DEFAULT NULL,
  `acceptNm` varchar(64) DEFAULT NULL,
  `batchNo` varchar(32) DEFAULT NULL,
  `content` longtext,
  `deleted` int(11) DEFAULT NULL,
  `noticeTitle` varchar(100) DEFAULT NULL,
  `readed` int(11) DEFAULT NULL,
  `title` varchar(100) DEFAULT NULL,
  PRIMARY KEY (`noticeId`)
) ENGINE=InnoDB DEFAULT CHARSET=utf8;
/*!40101 SET character_set_client = @saved_cs_client */;

--
-- Dumping data for table `notice`
--

LOCK TABLES `notice` WRITE;
/*!40000 ALTER TABLE `notice` DISABLE KEYS */;
/*!40000 ALTER TABLE `notice` ENABLE KEYS */;
UNLOCK TABLES;

--
-- Table structure for table `old_sys_repay`
--

DROP TABLE IF EXISTS `old_sys_repay`;
/*!40101 SET @saved_cs_client     = @@character_set_client */;
/*!40101 SET character_set_client = utf8 */;
CREATE TABLE `old_sys_repay` (
  `oldSysRepayId` varchar(32) NOT NULL,
  `createBy` varchar(32) DEFAULT NULL,
  `createTime` datetime DEFAULT NULL,
  `version` int(11) DEFAULT NULL,
  `buyTime` datetime DEFAULT NULL,
  `capital` decimal(19,2) DEFAULT NULL,
  `interest` decimal(19,2) DEFAULT NULL,
  `oldOrderCd` varchar(32) DEFAULT NULL,
  `oldOrderId` varchar(11) DEFAULT NULL,
  `oldProductId` varchar(11) DEFAULT NULL,
  `oldUserId` varchar(6) DEFAULT NULL,
  `outsideOrderNo` varchar(40) DEFAULT NULL,
  `outsideSerialNo` varchar(40) DEFAULT NULL,
  `repayTime` datetime DEFAULT NULL,
  `status` int(11) DEFAULT NULL,
  `totalAmt` decimal(19,2) DEFAULT NULL,
  PRIMARY KEY (`oldSysRepayId`)
) ENGINE=InnoDB DEFAULT CHARSET=utf8;
/*!40101 SET character_set_client = @saved_cs_client */;

--
-- Dumping data for table `old_sys_repay`
--

LOCK TABLES `old_sys_repay` WRITE;
/*!40000 ALTER TABLE `old_sys_repay` DISABLE KEYS */;
/*!40000 ALTER TABLE `old_sys_repay` ENABLE KEYS */;
UNLOCK TABLES;

--
-- Table structure for table `order_detail`
--

DROP TABLE IF EXISTS `order_detail`;
/*!40101 SET @saved_cs_client     = @@character_set_client */;
/*!40101 SET character_set_client = utf8 */;
CREATE TABLE `order_detail` (
  `orderdetailId` varchar(32) NOT NULL,
  `createBy` varchar(32) DEFAULT NULL,
  `createTime` datetime DEFAULT NULL,
  `version` int(11) DEFAULT NULL,
  `itemAmount` decimal(19,2) DEFAULT NULL,
  `itemTypeCd` varchar(6) DEFAULT NULL,
  `itemTypeNm` varchar(64) DEFAULT NULL,
  `memberIdA` varchar(32) DEFAULT NULL,
  `memberIdZ` varchar(32) DEFAULT NULL,
  `orderId` varchar(32) DEFAULT NULL,
  PRIMARY KEY (`orderdetailId`)
) ENGINE=InnoDB DEFAULT CHARSET=utf8;
/*!40101 SET character_set_client = @saved_cs_client */;

--
-- Dumping data for table `order_detail`
--

LOCK TABLES `order_detail` WRITE;
/*!40000 ALTER TABLE `order_detail` DISABLE KEYS */;
/*!40000 ALTER TABLE `order_detail` ENABLE KEYS */;
UNLOCK TABLES;

--
-- Table structure for table `order_extra_info`
--

DROP TABLE IF EXISTS `order_extra_info`;
/*!40101 SET @saved_cs_client     = @@character_set_client */;
/*!40101 SET character_set_client = utf8 */;
CREATE TABLE `order_extra_info` (
  `infoId` varchar(32) NOT NULL,
  `createBy` varchar(32) DEFAULT NULL,
  `createTime` datetime DEFAULT NULL,
  `version` int(11) DEFAULT NULL,
  `orderId` varchar(32) DEFAULT NULL,
  `orderInfoNm` varchar(32) DEFAULT NULL,
  `orderInfoVal` varchar(200) DEFAULT NULL,
  `payPlatform` varchar(32) DEFAULT NULL,
  `payPlatformCd` varchar(32) DEFAULT NULL,
  `remark` varchar(96) DEFAULT NULL,
  PRIMARY KEY (`infoId`),
  KEY `index_oei_info` (`orderInfoNm`,`orderInfoVal`)
) ENGINE=InnoDB DEFAULT CHARSET=utf8;
/*!40101 SET character_set_client = @saved_cs_client */;

--
-- Dumping data for table `order_extra_info`
--

LOCK TABLES `order_extra_info` WRITE;
/*!40000 ALTER TABLE `order_extra_info` DISABLE KEYS */;
/*!40000 ALTER TABLE `order_extra_info` ENABLE KEYS */;
UNLOCK TABLES;

--
-- Table structure for table `outsideorderrecord`
--

DROP TABLE IF EXISTS `outsideorderrecord`;
/*!40101 SET @saved_cs_client     = @@character_set_client */;
/*!40101 SET character_set_client = utf8 */;
CREATE TABLE `outsideorderrecord` (
  `outsideId` varchar(32) NOT NULL,
  `createBy` varchar(32) DEFAULT NULL,
  `createTime` datetime DEFAULT NULL,
  `version` int(11) DEFAULT NULL,
  `orderId` varchar(32) DEFAULT NULL,
  `outsideOrderId` varchar(32) DEFAULT NULL,
  `outsideSerialNo` varchar(32) DEFAULT NULL,
  PRIMARY KEY (`outsideId`)
) ENGINE=InnoDB DEFAULT CHARSET=utf8;
/*!40101 SET character_set_client = @saved_cs_client */;

--
-- Dumping data for table `outsideorderrecord`
--

LOCK TABLES `outsideorderrecord` WRITE;
/*!40000 ALTER TABLE `outsideorderrecord` DISABLE KEYS */;
/*!40000 ALTER TABLE `outsideorderrecord` ENABLE KEYS */;
UNLOCK TABLES;

--
-- Table structure for table `payrespdata`
--

DROP TABLE IF EXISTS `payrespdata`;
/*!40101 SET @saved_cs_client     = @@character_set_client */;
/*!40101 SET character_set_client = utf8 */;
CREATE TABLE `payrespdata` (
  `respId` varchar(32) NOT NULL,
  `createBy` varchar(32) DEFAULT NULL,
  `createTime` datetime DEFAULT NULL,
  `version` int(11) DEFAULT NULL,
  `deleted` int(11) DEFAULT NULL,
  `updateBy` varchar(255) NOT NULL,
  `updateTime` datetime NOT NULL,
  `remark` varchar(255) DEFAULT NULL,
  `respCd` varchar(8) DEFAULT NULL,
  `respMsg` varchar(255) DEFAULT NULL,
  `returnType` varchar(16) DEFAULT NULL,
  `showCd` varchar(8) DEFAULT NULL,
  `showMsg` varchar(255) DEFAULT NULL,
  `status` int(11) DEFAULT NULL,
  `subType` varchar(16) DEFAULT NULL,
  `returnTypeCd` varchar(255) DEFAULT NULL,
  `subTypeCd` varchar(255) DEFAULT NULL,
  PRIMARY KEY (`respId`)
) ENGINE=InnoDB DEFAULT CHARSET=utf8;
/*!40101 SET character_set_client = @saved_cs_client */;

--
-- Dumping data for table `payrespdata`
--

LOCK TABLES `payrespdata` WRITE;
/*!40000 ALTER TABLE `payrespdata` DISABLE KEYS */;
/*!40000 ALTER TABLE `payrespdata` ENABLE KEYS */;
UNLOCK TABLES;

--
-- Table structure for table `personal`
--

DROP TABLE IF EXISTS `personal`;
/*!40101 SET @saved_cs_client     = @@character_set_client */;
/*!40101 SET character_set_client = utf8 */;
CREATE TABLE `personal` (
  `memberId` varchar(32) NOT NULL,
  `createBy` varchar(32) DEFAULT NULL,
  `createTime` datetime DEFAULT NULL,
  `version` int(11) DEFAULT NULL,
  `address` varchar(255) DEFAULT NULL,
  `area` varchar(255) DEFAULT NULL,
  `birthday` date DEFAULT NULL,
  `city` varchar(255) DEFAULT NULL,
  `contactFax` varchar(32) DEFAULT NULL,
  `ecpName` varchar(255) DEFAULT NULL,
  `ecpRelation` int(11) DEFAULT NULL,
  `ecpTelephone` varchar(11) DEFAULT NULL,
  `education` varchar(255) DEFAULT NULL,
  `email` varchar(64) DEFAULT NULL,
  `gender` varchar(2) DEFAULT NULL,
  `industry` varchar(255) DEFAULT NULL,
  `legalPersonIDCard` varchar(32) DEFAULT NULL,
  `monthIncome` varchar(255) DEFAULT NULL,
  `msn` varchar(32) DEFAULT NULL,
  `officePhone` varchar(32) DEFAULT NULL,
  `province` varchar(255) DEFAULT NULL,
  `qq` varchar(32) DEFAULT NULL,
  `status` int(11) DEFAULT NULL,
  `telephone` varchar(11) DEFAULT NULL,
  `updateBy` varchar(32) DEFAULT 'system',
  `updateTime` datetime DEFAULT '2015-07-10 00:00:00',
  `deleted` int(11) DEFAULT NULL,
  `areaNm` varchar(255) DEFAULT NULL,
  `cityNm` varchar(255) DEFAULT NULL,
  `industryNm` varchar(255) DEFAULT NULL,
  `provinceNm` varchar(255) DEFAULT NULL,
  `borrowingTimes` varchar(255) DEFAULT NULL,
  `creditInfo` varchar(255) DEFAULT NULL,
  `income` varchar(255) DEFAULT NULL,
  `liabilities` varchar(255) DEFAULT NULL,
  PRIMARY KEY (`memberId`)
) ENGINE=InnoDB DEFAULT CHARSET=utf8;
/*!40101 SET character_set_client = @saved_cs_client */;

--
-- Dumping data for table `personal`
--

LOCK TABLES `personal` WRITE;
/*!40000 ALTER TABLE `personal` DISABLE KEYS */;
INSERT INTO `personal` VALUES ('00000000571c120301571da1b8410002',NULL,NULL,0,'','3336',NULL,'394',NULL,NULL,NULL,NULL,'1','920957398@qq.com','0','1',NULL,'1',NULL,NULL,'32','920957398',1,'15310402797','system','2017-03-18 15:23:58',NULL,'巴南区','重庆','农、林、牧、渔业','重庆',NULL,NULL,NULL,NULL);
INSERT INTO `personal` VALUES ('00000000572213f90157222261da0002','system','2017-03-29 15:10:11',2,NULL,NULL,NULL,NULL,NULL,NULL,NULL,NULL,'2',NULL,NULL,'5',NULL,'3',NULL,NULL,NULL,NULL,1,'13900000011','system','2017-03-29 15:10:11',0,NULL,NULL,'建筑业',NULL,NULL,NULL,NULL,NULL);
INSERT INTO `personal` VALUES ('00000000572256250157226425320007',NULL,NULL,0,'','1078',NULL,'138',NULL,NULL,NULL,NULL,'1','','0','1',NULL,'1',NULL,NULL,'10','',1,'','system','2017-02-17 09:35:48',NULL,'长安区','石家庄','','河北',NULL,NULL,NULL,NULL);
INSERT INTO `personal` VALUES ('000000005722b2c80157264bf082001f',NULL,NULL,0,'木某街道办事处01号','','1978-09-19','169',NULL,NULL,NULL,NULL,'2','281332@qq.com','1','3',NULL,'2',NULL,NULL,'12','271082905',1,'13010101010','system','2016-09-19 11:31:13',NULL,'请选择','大兴安岭','制造业','黑龙江',NULL,NULL,NULL,NULL);
INSERT INTO `personal` VALUES ('00000000573aff8d01573b5c2cec0022',NULL,NULL,0,'天星桥','3330','1990-09-20','394',NULL,NULL,NULL,NULL,'2','632528832@qq.com','1','9',NULL,'',NULL,NULL,'32','632528832',1,'15310606465','system','2016-09-18 12:54:47',NULL,'3330','394','9','32',NULL,NULL,NULL,NULL);
INSERT INTO `personal` VALUES ('00000000574081e70157408dd6c30004',NULL,NULL,0,'这里是地址','1836','1992-05-13','222',NULL,NULL,NULL,NULL,'2','820858674@qq.com','1','9',NULL,'2',NULL,NULL,'16','820858674',1,'18725727801','system','2016-11-10 17:36:34',NULL,'白下区','无锡','信息传输、软件和信息技术服务业','江苏',NULL,NULL,NULL,NULL);
INSERT INTO `personal` VALUES ('0000000057416bad015741b2ab6f004b','system','2017-03-29 16:52:24',8,'89764465456546456546546456546546654646',NULL,NULL,NULL,NULL,NULL,NULL,NULL,'3','460886652@qq.com',NULL,'1',NULL,'2',NULL,NULL,NULL,'6622666',1,'15823408405','system','2017-03-29 16:52:24',0,NULL,NULL,'农、林、牧、渔业',NULL,NULL,NULL,NULL,NULL);
INSERT INTO `personal` VALUES ('00000000583eba310158427662f100bc',NULL,NULL,0,'','null',NULL,'null',NULL,NULL,NULL,NULL,'1','','0','1',NULL,'1',NULL,NULL,'null','',1,'','system','2017-03-20 10:43:59',NULL,'','','农、林、牧、渔业','',NULL,NULL,NULL,NULL);
INSERT INTO `personal` VALUES ('5d4c74a956d69fc40156d6e2fc8b0004',NULL,NULL,0,'','3335','2017-03-08','394',NULL,NULL,NULL,NULL,'2','','1','2',NULL,'1',NULL,NULL,'32','',1,'','system','2017-03-23 09:33:49',NULL,'沙坪坝区','重庆','采矿业','重庆',NULL,NULL,NULL,NULL);
INSERT INTO `personal` VALUES ('ff8080815af3d90a015af49b8d4a001d',NULL,NULL,0,NULL,NULL,NULL,NULL,NULL,NULL,NULL,NULL,'1',NULL,NULL,'3',NULL,'2',NULL,NULL,'32',NULL,1,NULL,'system','2017-03-23 11:12:38',NULL,NULL,NULL,'制造业','重庆',NULL,NULL,NULL,NULL);
INSERT INTO `personal` VALUES ('ff8080815da19d1b015da6d77127000b','system','2018-06-15 16:01:34',0,NULL,NULL,NULL,NULL,NULL,NULL,NULL,NULL,'1',NULL,NULL,'1',NULL,'1',NULL,NULL,NULL,NULL,1,NULL,'system','2018-06-15 16:01:34',0,NULL,NULL,NULL,NULL,NULL,NULL,NULL,NULL);
/*!40000 ALTER TABLE `personal` ENABLE KEYS */;
UNLOCK TABLES;

--
-- Table structure for table `praise`
--

DROP TABLE IF EXISTS `praise`;
/*!40101 SET @saved_cs_client     = @@character_set_client */;
/*!40101 SET character_set_client = utf8 */;
CREATE TABLE `praise` (
  `praiseId` varchar(32) NOT NULL,
  `createBy` varchar(32) DEFAULT NULL,
  `createTime` datetime DEFAULT NULL,
  `version` int(11) DEFAULT NULL,
  `deleted` int(11) DEFAULT NULL,
  `updateBy` varchar(255) NOT NULL,
  `updateTime` datetime NOT NULL,
  `isPraise` int(11) DEFAULT NULL,
  `memberId` varchar(255) DEFAULT NULL,
  `themeId` varchar(255) DEFAULT NULL,
  PRIMARY KEY (`praiseId`)
) ENGINE=InnoDB DEFAULT CHARSET=utf8;
/*!40101 SET character_set_client = @saved_cs_client */;

--
-- Dumping data for table `praise`
--

LOCK TABLES `praise` WRITE;
/*!40000 ALTER TABLE `praise` DISABLE KEYS */;
/*!40000 ALTER TABLE `praise` ENABLE KEYS */;
UNLOCK TABLES;

--
-- Table structure for table `processaudithistory`
--

DROP TABLE IF EXISTS `processaudithistory`;
/*!40101 SET @saved_cs_client     = @@character_set_client */;
/*!40101 SET character_set_client = utf8 */;
CREATE TABLE `processaudithistory` (
  `historyId` varchar(32) NOT NULL,
  `createBy` varchar(32) DEFAULT NULL,
  `createTime` datetime DEFAULT NULL,
  `version` int(11) DEFAULT NULL,
  `auditContent` varchar(200) DEFAULT NULL,
  `auditContentWeb` varchar(255) DEFAULT NULL,
  `auditDate` datetime DEFAULT NULL,
  `auditOpinion` varchar(200) DEFAULT NULL,
  `auditor` varchar(32) DEFAULT NULL,
  `objId` varchar(32) DEFAULT NULL,
  `objType` int(11) DEFAULT NULL,
  `remark` varchar(200) DEFAULT NULL,
  `title` varchar(32) DEFAULT NULL,
  `auditResult` varchar(200) DEFAULT NULL,
  PRIMARY KEY (`historyId`)
) ENGINE=InnoDB DEFAULT CHARSET=utf8;
/*!40101 SET character_set_client = @saved_cs_client */;

--
-- Dumping data for table `processaudithistory`
--

LOCK TABLES `processaudithistory` WRITE;
/*!40000 ALTER TABLE `processaudithistory` DISABLE KEYS */;
/*!40000 ALTER TABLE `processaudithistory` ENABLE KEYS */;
UNLOCK TABLES;

--
-- Table structure for table `product`
--

DROP TABLE IF EXISTS `product`;
/*!40101 SET @saved_cs_client     = @@character_set_client */;
/*!40101 SET character_set_client = utf8 */;
CREATE TABLE `product` (
  `productId` varchar(32) NOT NULL,
  `createBy` varchar(32) DEFAULT NULL,
  `createTime` datetime DEFAULT NULL,
  `version` int(11) DEFAULT NULL,
  `amount` decimal(19,4) DEFAULT NULL,
  `auditPassedQuantity` bigint(20) DEFAULT NULL,
  `awardAmount` decimal(19,4) DEFAULT NULL,
  `awardFail` int(11) DEFAULT NULL,
  `awardRate` decimal(19,4) DEFAULT NULL,
  `awardTotal` decimal(19,4) DEFAULT NULL,
  `brrowUse` int(11) DEFAULT NULL,
  `brrowUseName` varchar(64) DEFAULT NULL,
  `canAutobid` int(11) DEFAULT NULL,
  `castQuantity` bigint(20) DEFAULT NULL,
  `compenInterest` decimal(19,4) DEFAULT NULL,
  `contractEffTime` datetime DEFAULT NULL,
  `directPassword` varchar(32) DEFAULT NULL,
  `fullScaleTime` datetime DEFAULT NULL,
  `fundUse` varchar(2000) DEFAULT NULL,
  `groundTime` datetime DEFAULT NULL,
  `interestAlgorithm` int(11) DEFAULT NULL,
  `interestStartTime` datetime DEFAULT NULL,
  `maxTenderQuantity` bigint(20) DEFAULT NULL,
  `minFullQuantity` bigint(20) DEFAULT NULL,
  `minHoldDay` int(11) DEFAULT NULL,
  `minTenderQuantity` bigint(20) DEFAULT NULL,
  `period` int(11) DEFAULT NULL,
  `periodType` int(11) DEFAULT NULL,
  `productCd` varchar(32) DEFAULT NULL,
  `productContent` varchar(2000) DEFAULT NULL,
  `productNm` varchar(128) DEFAULT NULL,
  `quantity` bigint(20) DEFAULT NULL,
  `rate` decimal(19,4) DEFAULT NULL,
  `repayMethod` int(11) DEFAULT NULL,
  `repayMethodName` varchar(255) DEFAULT NULL,
  `repaySource` varchar(2000) DEFAULT NULL,
  `status` int(11) DEFAULT NULL,
  `statusName` varchar(64) DEFAULT NULL,
  `tenderEnd` datetime DEFAULT NULL,
  `tenderKind` int(11) DEFAULT NULL,
  `tenderKindName` varchar(64) DEFAULT NULL,
  `tenderStart` datetime DEFAULT NULL,
  `unitPrice` decimal(19,4) DEFAULT NULL,
  `memberId` varchar(32) DEFAULT NULL,
  `totalPeriod` int(11) DEFAULT NULL,
  `promotionType` int(11) DEFAULT NULL,
  `promotionTypeName` varchar(64) DEFAULT NULL,
  `canTransfer` int(11) DEFAULT NULL,
  `deleted` int(11) DEFAULT NULL,
  `updateBy` varchar(255) NOT NULL,
  `updateTime` datetime NOT NULL,
  `commissionBalanceStatus` int(11) DEFAULT NULL,
  `isNewSysProduct` int(11) DEFAULT NULL,
  `businessType` int(11) DEFAULT NULL,
  `businessTypeNm` varchar(64) DEFAULT NULL,
  `interestEndTime` datetime DEFAULT NULL,
  `autoQuantity` bigint(20) DEFAULT NULL,
  `canUseCoupon` int(11) DEFAULT NULL,
  `interestBeginTime` datetime DEFAULT NULL,
  `interestType` int(11) DEFAULT NULL,
  `mobileAwardRate` decimal(19,4) DEFAULT NULL,
  `repayPlayTime` datetime DEFAULT NULL,
  `singleInvestPen` int(11) DEFAULT NULL,
  `productTypeRuleId` varchar(32) DEFAULT NULL,
  `assetId` varchar(32) DEFAULT NULL,
  `interestTypeName` varchar(16) DEFAULT NULL,
  `borrowAmt` decimal(19,4) DEFAULT NULL,
  `ticketAmt` decimal(19,4) DEFAULT NULL,
  `holidayDelay` int(11) DEFAULT NULL,
  `repayDelay` int(11) DEFAULT NULL,
  `oldItemId` varchar(5) DEFAULT NULL,
  `preSubsidyAmt` decimal(19,2) DEFAULT NULL,
  `preServiceFeeAmt` decimal(19,2) DEFAULT NULL,
  `sufServiceFeeAmt` decimal(19,2) DEFAULT NULL,
  `sufSubsidyAmt` decimal(19,2) DEFAULT NULL,
  `borrowerName` varchar(200) DEFAULT NULL,
  `spv` varchar(200) DEFAULT NULL,
  `virtualAcc` varchar(40) DEFAULT NULL,
  `virtualAccname` varchar(100) DEFAULT NULL,
  `agreementCd` varchar(255) DEFAULT NULL,
  `brokerageStatus` int(11) DEFAULT NULL,
  `financingDays` int(11) DEFAULT NULL,
  `lastRepayDate` datetime DEFAULT NULL,
  `loanStatus` int(11) DEFAULT NULL,
  `loaneeBankAccountName` varchar(160) DEFAULT NULL,
  `loaneeBankAccountNumber` varchar(32) DEFAULT NULL,
  `loaneeBankBranchNm` varchar(160) DEFAULT NULL,
  `loaneeBankBranchNo` varchar(20) DEFAULT NULL,
  `loaneeBankCityNm` varchar(64) DEFAULT NULL,
  `loaneeBankCityNo` varchar(10) DEFAULT NULL,
  `loaneeBankCode` varchar(20) DEFAULT NULL,
  `loaneeBankName` varchar(160) DEFAULT NULL,
  `loaneeBankProvinceNm` varchar(64) DEFAULT NULL,
  `loaneeBankProvinceNo` varchar(10) DEFAULT NULL,
  `personalLoan` int(11) DEFAULT NULL,
  `repayPeriod` int(11) DEFAULT NULL,
  `productGrade` varchar(10) DEFAULT NULL,
  `fullScaleSureTime` datetime DEFAULT NULL,
  `borrowerIdCard` varchar(50) DEFAULT NULL,
  `loanDays` int(11) DEFAULT NULL,
  `personInfo` varchar(255) DEFAULT NULL,
  `guaranteeInfo` varchar(255) DEFAULT NULL,
  `online` varchar(255) DEFAULT NULL,
  `credit` varchar(255) DEFAULT NULL,
  `nature` varchar(255) DEFAULT NULL,
  `industry` varchar(255) DEFAULT NULL,
  `checkTime` date DEFAULT NULL,
  `ecardName` varchar(128) DEFAULT NULL,
  `ecardNo` varchar(32) DEFAULT NULL,
  PRIMARY KEY (`productId`),
  UNIQUE KEY `UK_fl20qpvpgyb7oa07xuqf9mwcr` (`productCd`),
  KEY `FK_kx5e9o60hr6v1mct5msovnwvv` (`memberId`),
  KEY `FK_msbq2e5tc4wfljkphnsl1jl69` (`productTypeRuleId`),
  KEY `FK_pb1kpddxbbnqt82nuo7aksw4m` (`assetId`),
  CONSTRAINT `FK_kx5e9o60hr6v1mct5msovnwvv` FOREIGN KEY (`memberId`) REFERENCES `member` (`memberId`),
  CONSTRAINT `FK_msbq2e5tc4wfljkphnsl1jl69` FOREIGN KEY (`productTypeRuleId`) REFERENCES `producttyperule` (`productTypeRuleId`),
  CONSTRAINT `FK_pb1kpddxbbnqt82nuo7aksw4m` FOREIGN KEY (`assetId`) REFERENCES `asset` (`id`)
) ENGINE=InnoDB DEFAULT CHARSET=utf8;
/*!40101 SET character_set_client = @saved_cs_client */;

--
-- Dumping data for table `product`
--

LOCK TABLES `product` WRITE;
/*!40000 ALTER TABLE `product` DISABLE KEYS */;
INSERT INTO `product` VALUES ('4028218166da2a890166da2b6b9500a4','admin','2018-11-03 23:23:08',3,9950.0000,0,0.0000,0,0.0000,0.0000,NULL,'',0,0,0.0000,NULL,NULL,NULL,NULL,'2018-11-03 11:22:00',2,NULL,9950,9950,0,100,30,1,'P-181103232250644466','重庆农商行北碚支行','银票宝2375期',9950,0.0600,1,'到期一次返还本息','自有资金或质押票据解付',30,'招标中','2018-11-08 23:59:00',NULL,'','2018-11-03 11:42:00',1.0000,'8a80d78557576efe015757bd59d30029',1,3,'移动端加息',1,0,'system','2018-11-03 23:23:08',0,1,NULL,NULL,'2018-12-03 00:00:00',0,11,'2017-12-17 00:00:00',1,0.0010,'2018-12-03 00:00:00',9950,'0000000058d7fd3d0158d86a06140041','4028218166da2a890166da2b432b009b','即投即生息',9000.0000,10000.0000,1,1,NULL,0.00,950.00,0.00,0.00,'上海车辆公司','上海车辆公司',NULL,NULL,NULL,NULL,NULL,NULL,NULL,NULL,NULL,NULL,NULL,NULL,NULL,NULL,NULL,NULL,NULL,NULL,NULL,'R1',NULL,'91310115MA1H7F3J8W',NULL,NULL,NULL,NULL,NULL,NULL,NULL,NULL,NULL,NULL);
INSERT INTO `product` VALUES ('4028218166da2a890166da2b6bb700a6','system','2018-11-03 23:22:51',0,9950.0000,0,0.0000,0,0.0000,0.0000,NULL,NULL,0,0,0.0000,NULL,NULL,NULL,NULL,'2018-11-03 23:32:51',2,NULL,9950,9950,0,100,30,1,'P-181103232250678248','重庆农商行北碚支行','银票宝',9950,0.0600,1,'到期一次返还本息',NULL,10,'草稿','2018-11-13 23:42:51',NULL,NULL,'2018-11-03 23:42:51',1.0000,'8a80d78557576efe015757bd59d30029',0,3,NULL,1,0,'system','2018-11-03 23:22:51',0,1,NULL,NULL,'2018-12-03 00:00:00',0,11,'2017-12-17 00:00:00',1,0.0010,'2018-12-03 00:00:00',9950,'0000000058d7fd3d0158d86a06140041','4028218166da2a890166da2b4339009c','即投即生息 ',9000.0000,10000.0000,1,1,NULL,0.00,NULL,NULL,NULL,'上海车辆公司','上海车辆公司',NULL,NULL,NULL,NULL,NULL,NULL,NULL,NULL,NULL,NULL,NULL,NULL,NULL,NULL,NULL,NULL,NULL,NULL,NULL,'R1',NULL,NULL,NULL,NULL,NULL,NULL,NULL,NULL,NULL,NULL,NULL,NULL);
INSERT INTO `product` VALUES ('4028218166da2a890166dcc0fcd100b0','admin','2018-11-04 11:50:49',5,9951.0000,0,0.0000,0,0.0000,0.0000,NULL,'',0,9951,0.0000,NULL,NULL,'2018-11-04 12:34:04',NULL,'2018-11-04 11:35:00',2,'2018-11-04 00:00:00',9951,9951,0,100,29,1,'P-181104112527121929','重庆农商行北碚支行','银票宝2376期',9951,0.0600,1,'到期一次返还本息','自有资金或质押票据解付',80,'待放款','2018-11-09 23:59:00',NULL,'','2018-11-04 11:45:00',1.0000,'8a80d78557576efe015757bd59d30029',1,3,'移动端加息',1,0,'system','2018-11-04 11:50:49',0,1,NULL,NULL,'2018-12-03 00:00:00',0,11,'2017-12-17 00:00:00',1,0.0010,'2018-12-03 00:00:00',9951,'0000000058d7fd3d0158d86a06140041','4028218166da2a890166da2b4347009d','即投即生息',9000.0000,10000.0000,1,1,NULL,0.00,951.00,0.90,0.00,'上海车辆公司','上海车辆公司',NULL,NULL,NULL,NULL,NULL,NULL,NULL,NULL,NULL,NULL,NULL,NULL,NULL,NULL,NULL,NULL,NULL,NULL,NULL,'R1','2018-11-04 18:23:41','91310115MA1H7F3J8W',NULL,NULL,NULL,NULL,NULL,NULL,NULL,NULL,NULL,NULL);
INSERT INTO `product` VALUES ('4028218166dcfd5d0166de422b05000e','admin','2018-11-04 18:28:23',3,9951.0000,0,0.0000,0,0.0000,0.0000,NULL,'',0,0,0.0000,NULL,NULL,NULL,NULL,'2018-11-04 18:36:00',2,NULL,9951,9951,0,100,29,1,'P-181104182610309040','重庆农商行北碚支行','银票宝2377期',9951,0.0600,1,'到期一次返还本息','自有资金或质押票据解付',31,'待招标(待上线)','2018-11-09 23:59:00',NULL,'','2018-11-04 18:46:00',1.0000,'8a80d78557576efe015757bd59d30029',1,3,'移动端加息',1,0,'system','2018-11-04 18:28:23',0,1,NULL,NULL,'2018-12-03 00:00:00',0,11,'2017-12-17 00:00:00',1,0.0010,'2018-12-03 00:00:00',9951,'0000000058d7fd3d0158d86a06140041','4028218166da2a890166da2b434d009e','即投即生息',9000.0000,10000.0000,1,1,NULL,0.00,951.00,0.00,0.00,'上海车辆公司','上海车辆公司',NULL,NULL,NULL,NULL,NULL,NULL,NULL,NULL,NULL,NULL,NULL,NULL,NULL,NULL,NULL,NULL,NULL,NULL,NULL,'R1',NULL,'91310115MA1H7F3J8W',NULL,NULL,NULL,NULL,NULL,NULL,NULL,NULL,NULL,NULL);
/*!40000 ALTER TABLE `product` ENABLE KEYS */;
UNLOCK TABLES;

--
-- Table structure for table `product_apply`
--

DROP TABLE IF EXISTS `product_apply`;
/*!40101 SET @saved_cs_client     = @@character_set_client */;
/*!40101 SET character_set_client = utf8 */;
CREATE TABLE `product_apply` (
  `borrowId` varchar(32) NOT NULL,
  `createBy` varchar(32) DEFAULT NULL,
  `createTime` datetime DEFAULT NULL,
  `version` int(11) DEFAULT NULL,
  `acceptedBankType` int(11) DEFAULT NULL,
  `address` varchar(100) DEFAULT NULL,
  `applyTime` datetime DEFAULT NULL,
  `applyType` int(11) DEFAULT NULL,
  `assetType` varchar(50) DEFAULT NULL,
  `borrowAmount` decimal(19,4) DEFAULT NULL,
  `borrowCd` varchar(32) DEFAULT NULL,
  `borrowName` varchar(50) DEFAULT NULL,
  `borrowReason` varchar(200) DEFAULT NULL,
  `mobile` varchar(20) DEFAULT NULL,
  `period` int(11) DEFAULT NULL,
  `periodType` int(11) DEFAULT NULL,
  `profession` varchar(100) DEFAULT NULL,
  `rate` decimal(19,4) DEFAULT NULL,
  `remark` varchar(255) DEFAULT NULL,
  `repayMethod` int(11) DEFAULT NULL,
  `safeguardDesc` varchar(200) DEFAULT NULL,
  `status` int(11) DEFAULT NULL,
  `ticketDueDate` datetime DEFAULT NULL,
  `ticketType` int(11) DEFAULT NULL,
  `verifyManger` varchar(40) DEFAULT NULL,
  `verifyTime` datetime DEFAULT NULL,
  `yearIncomeAmt` decimal(19,4) DEFAULT NULL,
  `acceptedBank` varchar(50) DEFAULT NULL,
  `memberId` varchar(32) DEFAULT NULL,
  `borrowType` int(11) DEFAULT NULL,
  `interest` decimal(19,4) DEFAULT NULL,
  `productId` varchar(32) DEFAULT NULL,
  PRIMARY KEY (`borrowId`),
  KEY `FK_ofv7co2ewxljtf9rcqtr9ieys` (`memberId`),
  CONSTRAINT `FK_ofv7co2ewxljtf9rcqtr9ieys` FOREIGN KEY (`memberId`) REFERENCES `member` (`memberId`)
) ENGINE=InnoDB DEFAULT CHARSET=utf8;
/*!40101 SET character_set_client = @saved_cs_client */;

--
-- Dumping data for table `product_apply`
--

LOCK TABLES `product_apply` WRITE;
/*!40000 ALTER TABLE `product_apply` DISABLE KEYS */;
INSERT INTO `product_apply` VALUES ('ff8080815b28d03e015b3d06697d0007','system','2017-04-05 15:31:22',0,NULL,NULL,'2017-04-05 15:31:22',2,NULL,555.0000,'APY170405153122107','看理解',NULL,'15565544444',0,1,NULL,0.1000,NULL,NULL,NULL,0,'2017-04-05 00:00:00',0,NULL,NULL,0.0000,'途物资','ff8080815a92f7b9015a93139af2000b',NULL,NULL,NULL);
INSERT INTO `product_apply` VALUES ('ff8080815b3d53ab015b3d6d01a30002','system','2017-04-05 17:23:25',0,NULL,NULL,'2017-04-05 17:23:25',2,NULL,10000.0000,'APY170405172325729','张三',NULL,'119',364,1,NULL,0.1000,NULL,NULL,NULL,0,'2018-04-04 00:00:00',0,NULL,NULL,NULL,'银行','ff8080815af4a9f4015af4b363810002',NULL,NULL,NULL);
INSERT INTO `product_apply` VALUES ('ff8080815bd6a897015bd78336370006','system','2017-05-05 15:29:12',1,NULL,NULL,'2017-05-05 15:29:12',2,NULL,100.0000,'APY170505152912240013','测试',NULL,'110',31,1,'110',0.1000,NULL,NULL,'测试',1,'2017-06-05 00:00:00',0,'系统管理员','2017-06-20 09:08:19',NULL,'测试','5d4c74a956d69fc40156d6e2fc8b0004',NULL,NULL,NULL);
INSERT INTO `product_apply` VALUES ('ff8080815bd6a897015bd795ac04000b','system','2017-05-05 15:49:22',1,NULL,NULL,'2017-05-05 15:49:22',2,NULL,100.0000,'APY170505154922046499','测试',NULL,'110',61,1,'110',0.1000,NULL,NULL,'测试',1,'2017-07-05 00:00:00',0,'系统管理员','2017-06-20 09:08:13',NULL,'110','5d4c74a956d69fc40156d6e2fc8b0004',NULL,NULL,NULL);
INSERT INTO `product_apply` VALUES ('ff80808163ec8e74016402cecb7b0001','system','2018-06-15 17:37:44',0,NULL,NULL,'2018-06-15 17:37:44',1,NULL,10000.0000,'APY180615173744309774','张三',NULL,'15123171711',360,1,'工程师',0.0001,NULL,1,NULL,0,NULL,NULL,NULL,NULL,100000.0000,NULL,'ff8080815da19d1b015da6d77127000b',NULL,NULL,NULL);
INSERT INTO `product_apply` VALUES ('ff80808163ec8e7401641b16d3300004','system','2018-06-20 10:47:18',0,NULL,'费','2018-06-20 10:47:18',1,NULL,1000000.0000,'APY180620104718056135','彭鑫平',NULL,'18910606465',NULL,NULL,NULL,0.0100,NULL,NULL,NULL,0,NULL,NULL,NULL,NULL,NULL,NULL,'ff8080815da19d1b015da6d77127000b',NULL,NULL,NULL);
INSERT INTO `product_apply` VALUES ('ff80808163ec8e7401641b22b5360006','system','2018-06-20 11:00:16',0,NULL,NULL,'2018-06-20 11:00:16',1,NULL,200000.0000,'APY180620110016815155','彭鑫平',NULL,'18910606465',3,NULL,NULL,0.0100,NULL,1,NULL,0,NULL,NULL,NULL,NULL,NULL,NULL,'ff8080815da19d1b015da6d77127000b',NULL,NULL,NULL);
INSERT INTO `product_apply` VALUES ('ff80808163ec8e7401641b26fafc0008','system','2018-06-20 11:04:56',1,NULL,NULL,'2018-06-20 11:04:56',1,NULL,320000.0000,'APY180620110456823415','彭鑫平',NULL,'18910606465',2,NULL,NULL,0.0200,NULL,1,NULL,1,NULL,NULL,'系统管理员','2018-07-27 11:14:47',NULL,NULL,'ff8080815da19d1b015da6d77127000b',NULL,NULL,NULL);
/*!40000 ALTER TABLE `product_apply` ENABLE KEYS */;
UNLOCK TABLES;

--
-- Table structure for table `product_apply_attachment`
--

DROP TABLE IF EXISTS `product_apply_attachment`;
/*!40101 SET @saved_cs_client     = @@character_set_client */;
/*!40101 SET character_set_client = utf8 */;
CREATE TABLE `product_apply_attachment` (
  `borrowId` varchar(32) NOT NULL,
  `attachmentId` varchar(32) NOT NULL,
  UNIQUE KEY `UK_apjwylw2us3yi9hwk74ci3xc2` (`attachmentId`),
  KEY `FK_2hp5yfc76jxxj6dliuw9ec9oi` (`borrowId`),
  CONSTRAINT `FK_2hp5yfc76jxxj6dliuw9ec9oi` FOREIGN KEY (`borrowId`) REFERENCES `product_apply` (`borrowId`),
  CONSTRAINT `FK_apjwylw2us3yi9hwk74ci3xc2` FOREIGN KEY (`attachmentId`) REFERENCES `attachment` (`attachmentId`)
) ENGINE=InnoDB DEFAULT CHARSET=utf8;
/*!40101 SET character_set_client = @saved_cs_client */;

--
-- Dumping data for table `product_apply_attachment`
--

LOCK TABLES `product_apply_attachment` WRITE;
/*!40000 ALTER TABLE `product_apply_attachment` DISABLE KEYS */;
INSERT INTO `product_apply_attachment` VALUES ('ff8080815b28d03e015b3d06697d0007','ff8080815b28d03e015b3d0666c10005');
INSERT INTO `product_apply_attachment` VALUES ('ff8080815b28d03e015b3d06697d0007','ff8080815b28d03e015b3d06691b0006');
INSERT INTO `product_apply_attachment` VALUES ('ff8080815b3d53ab015b3d6d01a30002','ff8080815b3d53ab015b3d6cbd4f0000');
INSERT INTO `product_apply_attachment` VALUES ('ff8080815b3d53ab015b3d6d01a30002','ff8080815b3d53ab015b3d6cf74c0001');
INSERT INTO `product_apply_attachment` VALUES ('ff8080815bd6a897015bd78336370006','ff8080815bd6a897015bd783322a0003');
INSERT INTO `product_apply_attachment` VALUES ('ff8080815bd6a897015bd78336370006','ff8080815bd6a897015bd78333d00004');
INSERT INTO `product_apply_attachment` VALUES ('ff8080815bd6a897015bd78336370006','ff8080815bd6a897015bd783358e0005');
INSERT INTO `product_apply_attachment` VALUES ('ff8080815bd6a897015bd795ac04000b','ff8080815bd6a897015bd795a8f60008');
INSERT INTO `product_apply_attachment` VALUES ('ff8080815bd6a897015bd795ac04000b','ff8080815bd6a897015bd795aa1d0009');
INSERT INTO `product_apply_attachment` VALUES ('ff8080815bd6a897015bd795ac04000b','ff8080815bd6a897015bd795ab62000a');
INSERT INTO `product_apply_attachment` VALUES ('ff80808163ec8e74016402cecb7b0001','ff80808163ec8e74016402cebeb60000');
INSERT INTO `product_apply_attachment` VALUES ('ff80808163ec8e7401641b16d3300004','ff80808163ec8e7401641b162f2e0003');
INSERT INTO `product_apply_attachment` VALUES ('ff80808163ec8e7401641b22b5360006','ff80808163ec8e7401641b2224c70005');
INSERT INTO `product_apply_attachment` VALUES ('ff80808163ec8e7401641b26fafc0008','ff80808163ec8e7401641b2693280007');
/*!40000 ALTER TABLE `product_apply_attachment` ENABLE KEYS */;
UNLOCK TABLES;

--
-- Table structure for table `product_apply_detail`
--

DROP TABLE IF EXISTS `product_apply_detail`;
/*!40101 SET @saved_cs_client     = @@character_set_client */;
/*!40101 SET character_set_client = utf8 */;
CREATE TABLE `product_apply_detail` (
  `detailId` varchar(32) NOT NULL,
  `createBy` varchar(32) DEFAULT NULL,
  `createTime` datetime DEFAULT NULL,
  `version` int(11) DEFAULT NULL,
  `address` varchar(150) DEFAULT NULL,
  `annualSalesVolume` varchar(18) DEFAULT NULL,
  `borrowId` varchar(32) DEFAULT NULL,
  `companyNm` varchar(32) DEFAULT NULL,
  `familyIncome` varchar(32) DEFAULT NULL,
  `gender` varchar(20) DEFAULT NULL,
  `idcard` varchar(18) DEFAULT NULL,
  `legalRepresentative` varchar(32) DEFAULT NULL,
  `monthlyIncome` decimal(19,4) DEFAULT NULL,
  `occupation` varchar(32) DEFAULT NULL,
  `operatingLife` varchar(5) DEFAULT NULL,
  `organizationCd` varchar(32) DEFAULT NULL,
  `registeredCapital` varchar(18) DEFAULT NULL,
  `safeguard` varchar(50) DEFAULT NULL,
  `safeguardDesc` varchar(255) DEFAULT NULL,
  `totalAssets` varchar(18) DEFAULT NULL,
  `workinfo` varchar(50) DEFAULT NULL,
  PRIMARY KEY (`detailId`)
) ENGINE=InnoDB DEFAULT CHARSET=utf8;
/*!40101 SET character_set_client = @saved_cs_client */;

--
-- Dumping data for table `product_apply_detail`
--

LOCK TABLES `product_apply_detail` WRITE;
/*!40000 ALTER TABLE `product_apply_detail` DISABLE KEYS */;
/*!40000 ALTER TABLE `product_apply_detail` ENABLE KEYS */;
UNLOCK TABLES;

--
-- Table structure for table `product_attachment`
--

DROP TABLE IF EXISTS `product_attachment`;
/*!40101 SET @saved_cs_client     = @@character_set_client */;
/*!40101 SET character_set_client = utf8 */;
CREATE TABLE `product_attachment` (
  `productId` varchar(32) NOT NULL,
  `attachmentId` varchar(32) NOT NULL,
  UNIQUE KEY `UK_4qtwi7usym1rbdpebebmix1m9` (`attachmentId`),
  KEY `FK_lgdis5m8u1jkk47ybqv1xxh96` (`productId`),
  CONSTRAINT `FK_4qtwi7usym1rbdpebebmix1m9` FOREIGN KEY (`attachmentId`) REFERENCES `attachment` (`attachmentId`) ON DELETE CASCADE,
  CONSTRAINT `FK_lgdis5m8u1jkk47ybqv1xxh96` FOREIGN KEY (`productId`) REFERENCES `product` (`productId`)
) ENGINE=InnoDB DEFAULT CHARSET=utf8;
/*!40101 SET character_set_client = @saved_cs_client */;

--
-- Dumping data for table `product_attachment`
--

LOCK TABLES `product_attachment` WRITE;
/*!40000 ALTER TABLE `product_attachment` DISABLE KEYS */;
/*!40000 ALTER TABLE `product_attachment` ENABLE KEYS */;
UNLOCK TABLES;

--
-- Table structure for table `product_authinfo`
--

DROP TABLE IF EXISTS `product_authinfo`;
/*!40101 SET @saved_cs_client     = @@character_set_client */;
/*!40101 SET character_set_client = utf8 */;
CREATE TABLE `product_authinfo` (
  `id` varchar(32) NOT NULL,
  `createBy` varchar(32) DEFAULT NULL,
  `createTime` datetime DEFAULT NULL,
  `version` int(11) DEFAULT NULL,
  `auditProject` varchar(50) DEFAULT NULL,
  `auditProjectNm` varchar(50) DEFAULT NULL,
  `infoType` int(11) DEFAULT NULL,
  `passTime` datetime DEFAULT NULL,
  `status` int(11) DEFAULT NULL,
  `productId` varchar(32) DEFAULT NULL,
  PRIMARY KEY (`id`),
  KEY `FK_e9b9gq3hphbqy90u1a0ia39gv` (`productId`),
  CONSTRAINT `FK_e9b9gq3hphbqy90u1a0ia39gv` FOREIGN KEY (`productId`) REFERENCES `product` (`productId`)
) ENGINE=InnoDB DEFAULT CHARSET=utf8;
/*!40101 SET character_set_client = @saved_cs_client */;

--
-- Dumping data for table `product_authinfo`
--

LOCK TABLES `product_authinfo` WRITE;
/*!40000 ALTER TABLE `product_authinfo` DISABLE KEYS */;
/*!40000 ALTER TABLE `product_authinfo` ENABLE KEYS */;
UNLOCK TABLES;

--
-- Table structure for table `product_order`
--

DROP TABLE IF EXISTS `product_order`;
/*!40101 SET @saved_cs_client     = @@character_set_client */;
/*!40101 SET character_set_client = utf8 */;
CREATE TABLE `product_order` (
  `orderId` varchar(32) NOT NULL,
  `createBy` varchar(32) DEFAULT NULL,
  `createTime` datetime DEFAULT NULL,
  `version` int(11) DEFAULT NULL,
  `amount` decimal(19,2) DEFAULT NULL,
  `anticipatedIncome` decimal(19,2) DEFAULT NULL,
  `createDate` datetime DEFAULT NULL,
  `expectedIncome` decimal(19,2) DEFAULT NULL,
  `freezeStatus` int(11) DEFAULT NULL,
  `freezeTrxId` varchar(255) DEFAULT NULL,
  `investWay` int(11) DEFAULT NULL,
  `orderCd` varchar(32) DEFAULT NULL,
  `orderDate` varchar(255) DEFAULT NULL,
  `orderNo` varchar(32) DEFAULT NULL,
  `outsideOrderNo` varchar(255) DEFAULT NULL,
  `outsideSerialNo` varchar(255) DEFAULT NULL,
  `payEndDate` datetime DEFAULT NULL,
  `payStatus` int(11) DEFAULT NULL,
  `payUrl` varchar(2048) DEFAULT NULL,
  `productId` varchar(255) DEFAULT NULL,
  `quantity` int(11) DEFAULT NULL,
  `status` int(11) DEFAULT NULL,
  `trxId` varchar(255) DEFAULT NULL,
  `unitprice` decimal(19,8) DEFAULT NULL,
  `verifyStatus` int(11) DEFAULT NULL,
  `memberId` varchar(32) NOT NULL,
  `deleted` int(11) DEFAULT '0',
  `updateBy` varchar(255) DEFAULT 'system',
  `updateTime` datetime DEFAULT '2015-07-10 00:00:00',
  `operationSrc` int(11) DEFAULT NULL,
  `resultStr` varchar(128) DEFAULT NULL,
  `stageFlag` int(11) DEFAULT NULL,
  `tradeBankCard` varchar(50) DEFAULT NULL,
  `tradeRealNm` varchar(64) DEFAULT NULL,
  `couponAmount` decimal(19,2) DEFAULT NULL,
  `rate` decimal(19,4) DEFAULT NULL,
  `couponOutsideOrderNo` varchar(255) DEFAULT NULL,
  PRIMARY KEY (`orderId`),
  KEY `FK_ihm67tjrl77vto7e2p004x9ku` (`memberId`),
  KEY `index_order_status` (`status`,`payStatus`,`verifyStatus`),
  KEY `idx_productId` (`productId`),
  CONSTRAINT `FK_ihm67tjrl77vto7e2p004x9ku` FOREIGN KEY (`memberId`) REFERENCES `member` (`memberId`)
) ENGINE=InnoDB DEFAULT CHARSET=utf8;
/*!40101 SET character_set_client = @saved_cs_client */;

--
-- Dumping data for table `product_order`
--

LOCK TABLES `product_order` WRITE;
/*!40000 ALTER TABLE `product_order` DISABLE KEYS */;
INSERT INTO `product_order` VALUES ('4028218166dcfcf40166dcff7d140000','system','2018-11-04 12:33:43',0,2000.00,9.67,NULL,9.67,NULL,'PP1810121746916',0,'J181104123343172386','20181104','J181104123343172386','PJK2018110412334300001','PP1810121746916','2018-11-04 12:33:43',1,NULL,'4028218166da2a890166dcc0fcd100b0',2000,1,'PP1810121746916',1.00000000,1,'ff80808162272ed1016227340b250002',0,'system','2018-11-04 12:33:43',0,'支付成功',1,'6210193310200514239','秦尉寒',NULL,0.0600,NULL);
INSERT INTO `product_order` VALUES ('4028218166dcfcf40166dcffd21d0006','system','2018-11-04 12:34:05',0,7951.00,38.43,NULL,38.43,NULL,'PP1810121746916',0,'J181104123404953443','20181104','J181104123404953443','PJK2018110412340400005','PP1810121746916','2018-11-04 12:34:04',1,NULL,'4028218166da2a890166dcc0fcd100b0',7951,1,'PP1810121746916',1.00000000,1,'ff80808162272ed1016227340b250002',0,'system','2018-11-04 12:34:05',0,'支付成功',1,'6210193310200514239','秦尉寒',NULL,0.0600,NULL);
/*!40000 ALTER TABLE `product_order` ENABLE KEYS */;
UNLOCK TABLES;

--
-- Table structure for table `product_pledge`
--

DROP TABLE IF EXISTS `product_pledge`;
/*!40101 SET @saved_cs_client     = @@character_set_client */;
/*!40101 SET character_set_client = utf8 */;
CREATE TABLE `product_pledge` (
  `id` varchar(32) NOT NULL,
  `createBy` varchar(32) DEFAULT NULL,
  `createTime` datetime DEFAULT NULL,
  `version` int(11) DEFAULT NULL,
  `auctionCompany` varchar(100) DEFAULT NULL,
  `auctionTime` varchar(50) DEFAULT NULL,
  `author` varchar(32) DEFAULT NULL,
  `dealAmt` decimal(19,4) DEFAULT NULL,
  `pledgeType` int(11) DEFAULT NULL,
  `remark` varchar(2000) DEFAULT NULL,
  `size` varchar(50) DEFAULT NULL,
  `workName` varchar(50) DEFAULT NULL,
  `productId` varchar(32) DEFAULT NULL,
  PRIMARY KEY (`id`),
  KEY `FK_a0fff5tpy9pspjhofaaxwmyvq` (`productId`),
  CONSTRAINT `FK_a0fff5tpy9pspjhofaaxwmyvq` FOREIGN KEY (`productId`) REFERENCES `product` (`productId`)
) ENGINE=InnoDB DEFAULT CHARSET=utf8;
/*!40101 SET character_set_client = @saved_cs_client */;

--
-- Dumping data for table `product_pledge`
--

LOCK TABLES `product_pledge` WRITE;
/*!40000 ALTER TABLE `product_pledge` DISABLE KEYS */;
/*!40000 ALTER TABLE `product_pledge` ENABLE KEYS */;
UNLOCK TABLES;

--
-- Table structure for table `productaudit`
--

DROP TABLE IF EXISTS `productaudit`;
/*!40101 SET @saved_cs_client     = @@character_set_client */;
/*!40101 SET character_set_client = utf8 */;
CREATE TABLE `productaudit` (
  `productAuditId` varchar(32) NOT NULL,
  `createBy` varchar(32) DEFAULT NULL,
  `createTime` datetime DEFAULT NULL,
  `version` int(11) DEFAULT NULL,
  `auditDesc` varchar(2000) DEFAULT NULL,
  `auditOpinion` varchar(2000) DEFAULT NULL,
  `auditTime` datetime DEFAULT NULL,
  `newStatus` int(11) DEFAULT NULL,
  `newStatusNm` varchar(128) DEFAULT NULL,
  `oldStatus` int(11) DEFAULT NULL,
  `oldStatusNm` varchar(128) DEFAULT NULL,
  `productId` varchar(32) DEFAULT NULL,
  `deleted` int(11) DEFAULT '0',
  `updateBy` varchar(255) DEFAULT 'system',
  `updateTime` datetime DEFAULT '2015-07-10 00:00:00',
  PRIMARY KEY (`productAuditId`),
  KEY `FK_36mfalsq8da2sipdl1i7jahfg` (`productId`),
  CONSTRAINT `FK_36mfalsq8da2sipdl1i7jahfg` FOREIGN KEY (`productId`) REFERENCES `product` (`productId`)
) ENGINE=InnoDB DEFAULT CHARSET=utf8;
/*!40101 SET character_set_client = @saved_cs_client */;

--
-- Dumping data for table `productaudit`
--

LOCK TABLES `productaudit` WRITE;
/*!40000 ALTER TABLE `productaudit` DISABLE KEYS */;
INSERT INTO `productaudit` VALUES ('4028218166da2a890166da2bbf0b00ac','admin','2018-11-03 23:23:11',0,NULL,NULL,'2018-11-03 23:23:11',30,'招标中',11,'待审核','4028218166da2a890166da2b6b9500a4',0,'system','2018-11-03 23:23:11');
INSERT INTO `productaudit` VALUES ('4028218166da2a890166dcf1543300b6','admin','2018-11-04 12:18:15',0,NULL,NULL,'2018-11-04 12:18:15',30,'招标中',11,'待审核','4028218166da2a890166dcc0fcd100b0',0,'system','2018-11-04 12:18:15');
INSERT INTO `productaudit` VALUES ('4028218166dcfd5d0166de3fe450000a','admin','2018-11-04 18:23:41',0,NULL,NULL,'2018-11-04 18:23:41',80,'待放款',60,'满标待审','4028218166da2a890166dcc0fcd100b0',0,'system','2018-11-04 18:23:41');
INSERT INTO `productaudit` VALUES ('4028218166dcfd5d0166de4886070014','admin','2018-11-04 18:33:07',0,NULL,NULL,'2018-11-04 18:33:07',31,'待招标',11,'待审核','4028218166dcfd5d0166de422b05000e',0,'system','2018-11-04 18:33:07');
/*!40000 ALTER TABLE `productaudit` ENABLE KEYS */;
UNLOCK TABLES;

--
-- Table structure for table `productbusinesstype`
--

DROP TABLE IF EXISTS `productbusinesstype`;
/*!40101 SET @saved_cs_client     = @@character_set_client */;
/*!40101 SET character_set_client = utf8 */;
CREATE TABLE `productbusinesstype` (
  `productBusinessTypeId` varchar(32) NOT NULL,
  `createBy` varchar(32) DEFAULT NULL,
  `createTime` datetime DEFAULT NULL,
  `version` int(11) DEFAULT NULL,
  `businessType` varchar(255) DEFAULT NULL,
  `businessTypeNm` varchar(64) DEFAULT NULL,
  `currNo` int(11) DEFAULT NULL,
  `productBusinessTypeNm` varchar(64) DEFAULT NULL,
  `deleted` int(11) DEFAULT NULL,
  `updateBy` varchar(255) NOT NULL,
  `updateTime` datetime NOT NULL,
  `prefixName` varchar(255) DEFAULT NULL,
  `abbreviation` varchar(255) DEFAULT NULL,
  `backColor` varchar(255) DEFAULT NULL,
  PRIMARY KEY (`productBusinessTypeId`)
) ENGINE=InnoDB DEFAULT CHARSET=utf8;
/*!40101 SET character_set_client = @saved_cs_client */;

--
-- Dumping data for table `productbusinesstype`
--

LOCK TABLES `productbusinesstype` WRITE;
/*!40000 ALTER TABLE `productbusinesstype` DISABLE KEYS */;
INSERT INTO `productbusinesstype` VALUES ('00000000574b443e01574b46a5870018','system','2016-09-21 13:45:03',1,'2','p2p类',1000,'p2p类新种类',1,'admin','2016-09-21 13:45:42',NULL,NULL,NULL);
INSERT INTO `productbusinesstype` VALUES ('0000000058d7fd3d0158d8435f94001d','system','2016-12-07 15:50:43',2,'1','票据类',10243,'银票（电子）',1,'admin','2016-12-07 16:16:17','银票宝',NULL,NULL);
INSERT INTO `productbusinesstype` VALUES ('0000000058d7fd3d0158d8441ce6001e','system','2016-12-07 15:51:32',2,'1','票据类',10024,'商票（电子）',1,'admin','2016-12-07 16:16:19','银票宝',NULL,NULL);
INSERT INTO `productbusinesstype` VALUES ('0000000058d7fd3d0158d85b4d480032','system','2016-12-07 16:16:52',391,'1','票据类',2378,'银行承兑汇票质押借款',0,'system','2016-12-07 16:16:52','银票宝','银','#18b3ec');
INSERT INTO `productbusinesstype` VALUES ('0000000058d7fd3d0158d85bef660033','system','2016-12-07 16:17:33',2,'1','票据类',2000,'电子银票',1,'admin','2016-12-07 16:24:01','银票宝',NULL,NULL);
INSERT INTO `productbusinesstype` VALUES ('0000000058d7fd3d0158d85ca5840034','system','2016-12-07 16:18:20',1,'1','票据类',3000,'纸质商票',1,'admin','2016-12-07 16:19:04','银票宝',NULL,NULL);
INSERT INTO `productbusinesstype` VALUES ('0000000058d7fd3d0158d85cce2b0035','system','2016-12-07 16:18:30',2,'1','票据类',2000,'财务公司银票',1,'admin','2016-12-07 17:41:36','银票宝',NULL,NULL);
INSERT INTO `productbusinesstype` VALUES ('0000000058d7fd3d0158d85dba2a003c','system','2016-12-07 16:19:30',67,'1','票据类',3056,'商业承兑汇票质押借款',0,'system','2016-12-07 16:19:30','商票宝','商','#c4c4c4');
INSERT INTO `productbusinesstype` VALUES ('0000000058d7fd3d0158d85ddb74003d','system','2016-12-07 16:19:39',2,'1','票据类',3000,'电子商票',1,'admin','2016-12-07 16:24:10','银票宝',NULL,NULL);
INSERT INTO `productbusinesstype` VALUES ('0000000058d7fd3d0158d85f040d003e','system','2016-12-07 16:20:55',125,'2','p2p类',4122,'车辆质押借款',1,'admin','2018-08-22 10:50:20','车贷宝','车','#f5792f');
INSERT INTO `productbusinesstype` VALUES ('0000000058d7fd3d0158d85f62d4003f','system','2016-12-07 16:21:19',35,'2','p2p类',5,'债权质押借款',1,'admin','2018-08-22 10:50:24','车险贷','险','#ef0000');
INSERT INTO `productbusinesstype` VALUES ('0000000058d7fd3d0158d85fbf460040','system','2016-12-07 16:21:43',8,'2','p2p类',6005,'个人信用借款',1,'admin','2018-08-21 09:38:25','银票宝','个','#4cc304');
INSERT INTO `productbusinesstype` VALUES ('10001','system','2016-09-21 11:03:56',247,'1','票据类',10243,'银票（纸质）',1,'admin','2016-12-07 16:16:05','银票宝',NULL,NULL);
INSERT INTO `productbusinesstype` VALUES ('10002','system','2016-09-21 11:08:48',34,'1','票据类',10024,'商票（纸质）',1,'admin','2016-12-07 16:16:13',NULL,NULL,NULL);
INSERT INTO `productbusinesstype` VALUES ('20001','system','2016-09-21 11:11:15',42,'2','p2p类',10037,'车辆质押借款',1,'admin','2016-12-07 16:16:26',NULL,NULL,NULL);
INSERT INTO `productbusinesstype` VALUES ('20002','system','2016-08-29 21:13:15',48,'2','p2p类',10043,'收益权转让',1,'admin','2016-12-07 16:16:22',NULL,NULL,NULL);
INSERT INTO `productbusinesstype` VALUES ('20003','system','2016-08-29 21:14:08',8,'2','p2p类',10006,'个人消费贷',1,'admin','2016-12-07 16:16:24',NULL,NULL,NULL);
INSERT INTO `productbusinesstype` VALUES ('4028a2f558f8045d0158f80a1d8e0000','system','2016-12-13 19:56:02',1,'1','票据类',1000,'fdasfsa',1,'admin','2016-12-13 19:57:30','银票宝',NULL,NULL);
INSERT INTO `productbusinesstype` VALUES ('ff808081651dab900165216406da0013','system','2018-08-10 09:12:08',1,'2','p2p类',0,'车险贷',1,'admin','2018-08-10 09:14:12','车险贷','险','#EF0000');
INSERT INTO `productbusinesstype` VALUES ('ff808081654703fc016556acd5d90004','system','2018-08-20 17:31:32',2,'2','p2p类',2,'保单质押借款',0,'system','2018-08-20 17:31:32','保单宝','保','#FF8C69');
INSERT INTO `productbusinesstype` VALUES ('ff808081655a008e01655a21bc4b0000','system','2018-08-21 09:38:05',1,'2','p2p类',1,'第三方担保借款',0,'system','2018-08-21 09:38:05','担保贷','担','#9A32CD');
/*!40000 ALTER TABLE `productbusinesstype` ENABLE KEYS */;
UNLOCK TABLES;

--
-- Table structure for table `productitemtype`
--

DROP TABLE IF EXISTS `productitemtype`;
/*!40101 SET @saved_cs_client     = @@character_set_client */;
/*!40101 SET character_set_client = utf8 */;
CREATE TABLE `productitemtype` (
  `productItemTypeId` varchar(32) NOT NULL,
  `createBy` varchar(32) DEFAULT NULL,
  `createTime` datetime DEFAULT NULL,
  `version` int(11) DEFAULT NULL,
  `biller` int(11) DEFAULT NULL,
  `calOnlineFlag` int(11) DEFAULT NULL,
  `charger` int(11) DEFAULT NULL,
  `edited` int(11) DEFAULT NULL,
  `feeType` varchar(3) DEFAULT NULL,
  `itemTypeCd` varchar(6) DEFAULT NULL,
  `itemTypeId` varchar(32) DEFAULT NULL,
  `itemTypeNm` varchar(64) DEFAULT NULL,
  `itemTypePCd` varchar(6) DEFAULT NULL,
  `maxAmount` decimal(19,4) DEFAULT NULL,
  `minAmount` decimal(19,4) DEFAULT NULL,
  `node` int(11) DEFAULT NULL,
  `periodOrDay` int(11) DEFAULT NULL,
  `rate` decimal(19,4) DEFAULT NULL,
  `rateReferened` int(11) DEFAULT NULL,
  `templateId` varchar(32) DEFAULT NULL,
  `templateNm` varchar(128) DEFAULT NULL,
  `productId` varchar(32) DEFAULT NULL,
  PRIMARY KEY (`productItemTypeId`),
  KEY `FK_mpdo95mrv0haacg07lmju8ihs` (`productId`),
  CONSTRAINT `FK_mpdo95mrv0haacg07lmju8ihs` FOREIGN KEY (`productId`) REFERENCES `product` (`productId`)
) ENGINE=InnoDB DEFAULT CHARSET=utf8;
/*!40101 SET character_set_client = @saved_cs_client */;

--
-- Dumping data for table `productitemtype`
--

LOCK TABLES `productitemtype` WRITE;
/*!40000 ALTER TABLE `productitemtype` DISABLE KEYS */;
/*!40000 ALTER TABLE `productitemtype` ENABLE KEYS */;
UNLOCK TABLES;

--
-- Table structure for table `productraterule`
--

DROP TABLE IF EXISTS `productraterule`;
/*!40101 SET @saved_cs_client     = @@character_set_client */;
/*!40101 SET character_set_client = utf8 */;
CREATE TABLE `productraterule` (
  `productRateRuleId` varchar(32) NOT NULL,
  `createBy` varchar(32) DEFAULT NULL,
  `createTime` datetime DEFAULT NULL,
  `version` int(11) DEFAULT NULL,
  `beginDay` int(11) DEFAULT NULL,
  `endDay` int(11) DEFAULT NULL,
  `rate` decimal(19,4) DEFAULT NULL,
  `productTypeRuleId` varchar(32) DEFAULT NULL,
  `deleted` int(11) DEFAULT NULL,
  `updateBy` varchar(255) NOT NULL,
  `updateTime` datetime NOT NULL,
  PRIMARY KEY (`productRateRuleId`),
  KEY `FK_rsl2vyyp4ly1s22d9jv4logry` (`productTypeRuleId`),
  CONSTRAINT `FK_rsl2vyyp4ly1s22d9jv4logry` FOREIGN KEY (`productTypeRuleId`) REFERENCES `producttyperule` (`productTypeRuleId`)
) ENGINE=InnoDB DEFAULT CHARSET=utf8;
/*!40101 SET character_set_client = @saved_cs_client */;

--
-- Dumping data for table `productraterule`
--

LOCK TABLES `productraterule` WRITE;
/*!40000 ALTER TABLE `productraterule` DISABLE KEYS */;
INSERT INTO `productraterule` VALUES ('00000000571e1e150157211c32b50076','system','2016-09-13 09:14:38',2,0,0,0.1000,'1000101',0,'system','2016-09-13 09:14:38');
INSERT INTO `productraterule` VALUES ('00000000571e1e150157211c32be0077','system','2016-09-13 09:14:38',2,0,0,0.1000,'1000102',0,'system','2016-09-13 09:14:38');
INSERT INTO `productraterule` VALUES ('00000000571e1e150157211c32c60078','system','2016-09-13 09:14:38',2,0,0,0.1000,'1000103',0,'system','2016-09-13 09:14:38');
INSERT INTO `productraterule` VALUES ('00000000571e1e150157211c32cd0079','system','2016-09-13 09:14:38',2,0,0,0.1000,'1000201',0,'system','2016-09-13 09:14:38');
INSERT INTO `productraterule` VALUES ('00000000571e1e150157211c32d6007a','system','2016-09-13 09:14:38',2,0,0,0.1000,'1000202',0,'system','2016-09-13 09:14:38');
INSERT INTO `productraterule` VALUES ('00000000571e1e150157211ca006007b','system','2016-09-13 09:15:06',1,0,0,0.0800,'2000101',0,'system','2016-09-13 09:15:06');
INSERT INTO `productraterule` VALUES ('00000000571e1e150157211ca00c007c','system','2016-09-13 09:15:06',1,0,0,0.0800,'2000301',0,'system','2016-09-13 09:15:06');
INSERT INTO `productraterule` VALUES ('00000000571e1e150157211ca018007d','system','2016-09-13 09:15:06',1,0,0,0.0800,'2000201',0,'system','2016-09-13 09:15:06');
INSERT INTO `productraterule` VALUES ('00000000573c4d1a01573c5a60430001','system','2016-09-18 16:12:18',0,0,0,0.1000,'00000000573c4d1a01573c5893610000',0,'system','2016-09-18 16:12:18');
INSERT INTO `productraterule` VALUES ('00000000573c4d1a01573c5a60470002','system','2016-09-18 16:12:18',1,1,20,0.0600,'00000000573c4d1a01573c5893610000',0,'system','2016-09-18 16:12:18');
INSERT INTO `productraterule` VALUES ('00000000589534d1015895377ec40003','system','2016-11-24 15:23:11',0,0,0,0.0800,'0000000058901d470158905c39ff007c',0,'system','2016-11-24 15:23:11');
INSERT INTO `productraterule` VALUES ('00000000589534d1015895377ec60004','system','2016-11-24 15:23:11',1,1,30,0.0680,'0000000058901d470158905c39ff007c',0,'system','2016-11-24 15:23:11');
INSERT INTO `productraterule` VALUES ('0000000058d773be0158d787db650001','system','2016-12-07 12:25:54',0,0,0,0.1000,'0000000058d773be0158d78737050000',0,'system','2016-12-07 12:25:54');
INSERT INTO `productraterule` VALUES ('0000000058d773be0158d787db670002','system','2016-12-07 12:25:54',0,1,10,0.1000,'0000000058d773be0158d78737050000',0,'system','2016-12-07 12:25:54');
INSERT INTO `productraterule` VALUES ('0000000058d773be0158d787db680003','system','2016-12-07 12:25:54',0,11,20,0.1000,'0000000058d773be0158d78737050000',0,'system','2016-12-07 12:25:54');
INSERT INTO `productraterule` VALUES ('0000000058d773be0158d787db6a0004','system','2016-12-07 12:25:54',0,21,30,0.1000,'0000000058d773be0158d78737050000',0,'system','2016-12-07 12:25:54');
INSERT INTO `productraterule` VALUES ('0000000058d773be0158d787db6b0005','system','2016-12-07 12:25:54',0,31,60,0.1000,'0000000058d773be0158d78737050000',0,'system','2016-12-07 12:25:54');
INSERT INTO `productraterule` VALUES ('0000000058d773be0158d787db6d0006','system','2016-12-07 12:25:54',0,61,90,0.1000,'0000000058d773be0158d78737050000',0,'system','2016-12-07 12:25:54');
INSERT INTO `productraterule` VALUES ('0000000058d773be0158d787db6e0007','system','2016-12-07 12:25:54',0,91,120,0.1000,'0000000058d773be0158d78737050000',0,'system','2016-12-07 12:25:54');
INSERT INTO `productraterule` VALUES ('0000000058d773be0158d787db700008','system','2016-12-07 12:25:54',0,121,150,0.1000,'0000000058d773be0158d78737050000',0,'system','2016-12-07 12:25:54');
INSERT INTO `productraterule` VALUES ('0000000058d773be0158d787db710009','system','2016-12-07 12:25:54',0,151,180,0.1000,'0000000058d773be0158d78737050000',0,'system','2016-12-07 12:25:54');
INSERT INTO `productraterule` VALUES ('0000000058d773be0158d787db73000a','system','2016-12-07 12:25:54',0,181,99999,0.1000,'0000000058d773be0158d78737050000',0,'system','2016-12-07 12:25:54');
INSERT INTO `productraterule` VALUES ('0000000058d773be0158d796af61000b','system','2016-12-07 12:42:06',0,21,40,0.0608,'00000000573c4d1a01573c5893610000',0,'system','2016-12-07 12:42:06');
INSERT INTO `productraterule` VALUES ('0000000058d773be0158d796af63000c','system','2016-12-07 12:42:06',0,41,60,0.0618,'00000000573c4d1a01573c5893610000',0,'system','2016-12-07 12:42:06');
INSERT INTO `productraterule` VALUES ('0000000058d773be0158d796af64000d','system','2016-12-07 12:42:06',0,61,90,0.0628,'00000000573c4d1a01573c5893610000',0,'system','2016-12-07 12:42:06');
INSERT INTO `productraterule` VALUES ('0000000058d773be0158d796af65000e','system','2016-12-07 12:42:06',0,91,120,0.0630,'00000000573c4d1a01573c5893610000',0,'system','2016-12-07 12:42:06');
INSERT INTO `productraterule` VALUES ('0000000058d773be0158d796af66000f','system','2016-12-07 12:42:06',0,121,99999,0.0630,'00000000573c4d1a01573c5893610000',0,'system','2016-12-07 12:42:06');
INSERT INTO `productraterule` VALUES ('0000000058d773be0158d796af6a0010','system','2016-12-07 12:42:06',0,21,40,0.0608,'1000101',0,'system','2016-12-07 12:42:06');
INSERT INTO `productraterule` VALUES ('0000000058d773be0158d796af6b0011','system','2016-12-07 12:42:06',0,41,60,0.0618,'1000101',0,'system','2016-12-07 12:42:06');
INSERT INTO `productraterule` VALUES ('0000000058d773be0158d796af6c0012','system','2016-12-07 12:42:06',0,61,90,0.0628,'1000101',0,'system','2016-12-07 12:42:06');
INSERT INTO `productraterule` VALUES ('0000000058d773be0158d796af6d0013','system','2016-12-07 12:42:06',0,91,120,0.0630,'1000101',0,'system','2016-12-07 12:42:06');
INSERT INTO `productraterule` VALUES ('0000000058d773be0158d796af6e0014','system','2016-12-07 12:42:06',0,121,99999,0.0630,'1000101',0,'system','2016-12-07 12:42:06');
INSERT INTO `productraterule` VALUES ('0000000058d773be0158d796af720015','system','2016-12-07 12:42:06',0,21,40,0.0608,'1000102',0,'system','2016-12-07 12:42:06');
INSERT INTO `productraterule` VALUES ('0000000058d773be0158d796af740016','system','2016-12-07 12:42:06',0,41,60,0.0618,'1000102',0,'system','2016-12-07 12:42:06');
INSERT INTO `productraterule` VALUES ('0000000058d773be0158d796af750017','system','2016-12-07 12:42:06',0,61,90,0.0628,'1000102',0,'system','2016-12-07 12:42:06');
INSERT INTO `productraterule` VALUES ('0000000058d773be0158d796af760018','system','2016-12-07 12:42:06',0,91,120,0.0630,'1000102',0,'system','2016-12-07 12:42:06');
INSERT INTO `productraterule` VALUES ('0000000058d773be0158d796af770019','system','2016-12-07 12:42:06',0,121,99999,0.0630,'1000102',0,'system','2016-12-07 12:42:06');
INSERT INTO `productraterule` VALUES ('0000000058d773be0158d796af7b001a','system','2016-12-07 12:42:06',0,21,40,0.0630,'1000103',0,'system','2016-12-07 12:42:06');
INSERT INTO `productraterule` VALUES ('0000000058d773be0158d796af7d001b','system','2016-12-07 12:42:06',0,41,60,0.0650,'1000103',0,'system','2016-12-07 12:42:06');
INSERT INTO `productraterule` VALUES ('0000000058d773be0158d796af7e001c','system','2016-12-07 12:42:06',0,61,90,0.0650,'1000103',0,'system','2016-12-07 12:42:06');
INSERT INTO `productraterule` VALUES ('0000000058d773be0158d796af7f001d','system','2016-12-07 12:42:06',0,91,120,0.0650,'1000103',0,'system','2016-12-07 12:42:06');
INSERT INTO `productraterule` VALUES ('0000000058d773be0158d796af80001e','system','2016-12-07 12:42:06',0,121,99999,0.0650,'1000103',0,'system','2016-12-07 12:42:06');
INSERT INTO `productraterule` VALUES ('0000000058d773be0158d796af84001f','system','2016-12-07 12:42:06',0,21,40,0.0650,'1000201',0,'system','2016-12-07 12:42:06');
INSERT INTO `productraterule` VALUES ('0000000058d773be0158d796af850020','system','2016-12-07 12:42:06',0,41,60,0.0680,'1000201',0,'system','2016-12-07 12:42:06');
INSERT INTO `productraterule` VALUES ('0000000058d773be0158d796af860021','system','2016-12-07 12:42:06',0,61,90,0.0680,'1000201',0,'system','2016-12-07 12:42:06');
INSERT INTO `productraterule` VALUES ('0000000058d773be0158d796af870022','system','2016-12-07 12:42:06',0,91,120,0.0680,'1000201',0,'system','2016-12-07 12:42:06');
INSERT INTO `productraterule` VALUES ('0000000058d773be0158d796af880023','system','2016-12-07 12:42:06',0,121,99999,0.0680,'1000201',0,'system','2016-12-07 12:42:06');
INSERT INTO `productraterule` VALUES ('0000000058d773be0158d796af8d0024','system','2016-12-07 12:42:06',0,21,40,0.0650,'1000202',0,'system','2016-12-07 12:42:06');
INSERT INTO `productraterule` VALUES ('0000000058d773be0158d796af8e0025','system','2016-12-07 12:42:06',0,41,60,0.0680,'1000202',0,'system','2016-12-07 12:42:06');
INSERT INTO `productraterule` VALUES ('0000000058d773be0158d796af8f0026','system','2016-12-07 12:42:06',0,61,90,0.0680,'1000202',0,'system','2016-12-07 12:42:06');
INSERT INTO `productraterule` VALUES ('0000000058d773be0158d796af900027','system','2016-12-07 12:42:06',0,91,120,0.0680,'1000202',0,'system','2016-12-07 12:42:06');
INSERT INTO `productraterule` VALUES ('0000000058d773be0158d796af910028','system','2016-12-07 12:42:06',0,121,99999,0.0680,'1000202',0,'system','2016-12-07 12:42:06');
INSERT INTO `productraterule` VALUES ('0000000058d773be0158d79aac8f0029','system','2016-12-07 12:46:27',0,31,60,0.0700,'2000101',0,'system','2016-12-07 12:46:27');
INSERT INTO `productraterule` VALUES ('0000000058d773be0158d79aac91002a','system','2016-12-07 12:46:27',0,61,90,0.0720,'2000101',0,'system','2016-12-07 12:46:27');
INSERT INTO `productraterule` VALUES ('0000000058d773be0158d79aac91002b','system','2016-12-07 12:46:27',0,91,120,0.0740,'2000101',0,'system','2016-12-07 12:46:27');
INSERT INTO `productraterule` VALUES ('0000000058d773be0158d79aac92002c','system','2016-12-07 12:46:27',0,121,150,0.0760,'2000101',0,'system','2016-12-07 12:46:27');
INSERT INTO `productraterule` VALUES ('0000000058d773be0158d79aac93002d','system','2016-12-07 12:46:27',0,151,180,0.0760,'2000101',0,'system','2016-12-07 12:46:27');
INSERT INTO `productraterule` VALUES ('0000000058d773be0158d79aac94002e','system','2016-12-07 12:46:27',0,181,99999,0.0780,'2000101',0,'system','2016-12-07 12:46:27');
INSERT INTO `productraterule` VALUES ('0000000058d773be0158d79aac98002f','system','2016-12-07 12:46:27',0,31,60,0.0700,'2000301',0,'system','2016-12-07 12:46:27');
INSERT INTO `productraterule` VALUES ('0000000058d773be0158d79aac9a0030','system','2016-12-07 12:46:27',0,61,90,0.0720,'2000301',0,'system','2016-12-07 12:46:27');
INSERT INTO `productraterule` VALUES ('0000000058d773be0158d79aac9b0031','system','2016-12-07 12:46:27',0,91,120,0.0740,'2000301',0,'system','2016-12-07 12:46:27');
INSERT INTO `productraterule` VALUES ('0000000058d773be0158d79aac9c0032','system','2016-12-07 12:46:27',0,121,150,0.0760,'2000301',0,'system','2016-12-07 12:46:27');
INSERT INTO `productraterule` VALUES ('0000000058d773be0158d79aac9e0033','system','2016-12-07 12:46:27',0,151,180,0.0760,'2000301',0,'system','2016-12-07 12:46:27');
INSERT INTO `productraterule` VALUES ('0000000058d773be0158d79aac9f0034','system','2016-12-07 12:46:27',0,181,99999,0.0780,'2000301',0,'system','2016-12-07 12:46:27');
INSERT INTO `productraterule` VALUES ('0000000058d773be0158d79aaca50035','system','2016-12-07 12:46:28',0,31,60,0.0700,'2000201',0,'system','2016-12-07 12:46:28');
INSERT INTO `productraterule` VALUES ('0000000058d773be0158d79aaca70036','system','2016-12-07 12:46:28',0,61,90,0.0720,'2000201',0,'system','2016-12-07 12:46:28');
INSERT INTO `productraterule` VALUES ('0000000058d773be0158d79aaca90037','system','2016-12-07 12:46:28',0,91,120,0.0740,'2000201',0,'system','2016-12-07 12:46:28');
INSERT INTO `productraterule` VALUES ('0000000058d773be0158d79aacaa0038','system','2016-12-07 12:46:28',0,121,150,0.0760,'2000201',0,'system','2016-12-07 12:46:28');
INSERT INTO `productraterule` VALUES ('0000000058d773be0158d79aacac0039','system','2016-12-07 12:46:28',0,151,180,0.0760,'2000201',0,'system','2016-12-07 12:46:28');
INSERT INTO `productraterule` VALUES ('0000000058d773be0158d79aacae003a','system','2016-12-07 12:46:28',0,181,99999,0.0780,'2000201',0,'system','2016-12-07 12:46:28');
INSERT INTO `productraterule` VALUES ('0000000058d773be0158d79aacb5003b','system','2016-12-07 12:46:28',0,31,60,0.0700,'0000000058901d470158905c39ff007c',0,'system','2016-12-07 12:46:28');
INSERT INTO `productraterule` VALUES ('0000000058d773be0158d79aacb7003c','system','2016-12-07 12:46:28',0,61,90,0.0720,'0000000058901d470158905c39ff007c',0,'system','2016-12-07 12:46:28');
INSERT INTO `productraterule` VALUES ('0000000058d773be0158d79aacb9003d','system','2016-12-07 12:46:28',0,91,120,0.0740,'0000000058901d470158905c39ff007c',0,'system','2016-12-07 12:46:28');
INSERT INTO `productraterule` VALUES ('0000000058d773be0158d79aacbb003e','system','2016-12-07 12:46:28',0,121,150,0.0760,'0000000058901d470158905c39ff007c',0,'system','2016-12-07 12:46:28');
INSERT INTO `productraterule` VALUES ('0000000058d773be0158d79aacbd003f','system','2016-12-07 12:46:28',0,151,180,0.0760,'0000000058901d470158905c39ff007c',0,'system','2016-12-07 12:46:28');
INSERT INTO `productraterule` VALUES ('0000000058d773be0158d79aacbf0040','system','2016-12-07 12:46:28',0,181,99999,0.0780,'0000000058901d470158905c39ff007c',0,'system','2016-12-07 12:46:28');
INSERT INTO `productraterule` VALUES ('0000000058d7fd3d0158d85d74f60036','system','2016-12-07 16:19:13',2,0,0,0.0100,'0000000058d7fd3d0158d853e8a0002f',0,'system','2016-12-07 16:19:13');
INSERT INTO `productraterule` VALUES ('0000000058d7fd3d0158d85d750b0037','system','2016-12-07 16:19:13',2,1,99999,0.0100,'0000000058d7fd3d0158d853e8a0002f',0,'system','2016-12-07 16:19:13');
INSERT INTO `productraterule` VALUES ('0000000058d7fd3d0158d85d750d0038','system','2016-12-07 16:19:13',2,0,0,0.0100,'0000000058d7fd3d0158d855bb620030',0,'system','2016-12-07 16:19:13');
INSERT INTO `productraterule` VALUES ('0000000058d7fd3d0158d85d750e0039','system','2016-12-07 16:19:13',2,1,99999,0.0100,'0000000058d7fd3d0158d855bb620030',0,'system','2016-12-07 16:19:13');
INSERT INTO `productraterule` VALUES ('0000000058d7fd3d0158d85d7510003a','system','2016-12-07 16:19:13',2,0,0,0.0100,'0000000058d7fd3d0158d8575ff00031',0,'system','2016-12-07 16:19:13');
INSERT INTO `productraterule` VALUES ('0000000058d7fd3d0158d85d7512003b','system','2016-12-07 16:19:13',2,1,99999,0.0100,'0000000058d7fd3d0158d8575ff00031',0,'system','2016-12-07 16:19:13');
INSERT INTO `productraterule` VALUES ('0000000058d7fd3d0158d86bf0a10045','system','2016-12-07 16:35:02',4,0,0,0.0100,'0000000058d7fd3d0158d86bb6850044',0,'system','2016-12-07 16:35:02');
INSERT INTO `productraterule` VALUES ('0000000058d7fd3d0158d86bf0b60046','system','2016-12-07 16:35:02',4,1,99999,0.0100,'0000000058d7fd3d0158d86bb6850044',0,'system','2016-12-07 16:35:02');
INSERT INTO `productraterule` VALUES ('0000000058d7fd3d0158d8762893004c','system','2016-12-07 16:46:12',1,0,0,0.1000,'0000000058d7fd3d0158d87454cb0049',0,'system','2016-12-07 16:46:12');
INSERT INTO `productraterule` VALUES ('0000000058d7fd3d0158d8762895004d','system','2016-12-07 16:46:12',2,1,31,0.0680,'0000000058d7fd3d0158d87454cb0049',0,'system','2016-12-07 16:46:12');
INSERT INTO `productraterule` VALUES ('0000000058d7fd3d0158d8762897004e','system','2016-12-07 16:46:12',0,0,0,0.1200,'0000000058d7fd3d0158d8750eff004a',0,'system','2016-12-07 16:46:12');
INSERT INTO `productraterule` VALUES ('0000000058d7fd3d0158d8762898004f','system','2016-12-07 16:46:12',1,1,30,0.0680,'0000000058d7fd3d0158d8750eff004a',0,'system','2016-12-07 16:46:12');
INSERT INTO `productraterule` VALUES ('0000000058d7fd3d0158d876289a0050','system','2016-12-07 16:46:12',1,0,0,0.1000,'0000000058d7fd3d0158d87597d9004b',0,'system','2016-12-07 16:46:12');
INSERT INTO `productraterule` VALUES ('0000000058d7fd3d0158d876289b0051','system','2016-12-07 16:46:12',2,1,31,0.0680,'0000000058d7fd3d0158d87597d9004b',0,'system','2016-12-07 16:46:12');
INSERT INTO `productraterule` VALUES ('0000000058d7fd3d0158d87a86290052','system','2016-12-07 16:50:58',0,0,0,0.1000,'0000000058d7fd3d0158d86a06140041',0,'system','2016-12-07 16:50:58');
INSERT INTO `productraterule` VALUES ('0000000058d7fd3d0158d87a862a0053','system','2016-12-07 16:50:58',1,1,30,0.0600,'0000000058d7fd3d0158d86a06140041',0,'system','2016-12-07 16:50:58');
INSERT INTO `productraterule` VALUES ('0000000058d7fd3d0158d87a862a0054','system','2016-12-07 16:50:58',1,31,60,0.0610,'0000000058d7fd3d0158d86a06140041',0,'system','2016-12-07 16:50:58');
INSERT INTO `productraterule` VALUES ('0000000058d7fd3d0158d87a862b0055','system','2016-12-07 16:50:58',2,61,90,0.0620,'0000000058d7fd3d0158d86a06140041',0,'system','2016-12-07 16:50:58');
INSERT INTO `productraterule` VALUES ('0000000058d7fd3d0158d87a862c0056','system','2016-12-07 16:50:58',2,91,120,0.0630,'0000000058d7fd3d0158d86a06140041',0,'system','2016-12-07 16:50:58');
INSERT INTO `productraterule` VALUES ('0000000058d7fd3d0158d87a862c0057','system','2016-12-07 16:50:58',1,121,150,0.0630,'0000000058d7fd3d0158d86a06140041',0,'system','2016-12-07 16:50:58');
INSERT INTO `productraterule` VALUES ('0000000058d7fd3d0158d87a862d0058','system','2016-12-07 16:50:58',1,151,99999,0.0630,'0000000058d7fd3d0158d86a06140041',0,'system','2016-12-07 16:50:58');
INSERT INTO `productraterule` VALUES ('0000000058d7fd3d0158d87a862e0059','system','2016-12-07 16:50:58',0,0,0,0.1000,'0000000058d7fd3d0158d86a5c8f0042',0,'system','2016-12-07 16:50:58');
INSERT INTO `productraterule` VALUES ('0000000058d7fd3d0158d87a862e005a','system','2016-12-07 16:50:58',1,1,30,0.0600,'0000000058d7fd3d0158d86a5c8f0042',0,'system','2016-12-07 16:50:58');
INSERT INTO `productraterule` VALUES ('0000000058d7fd3d0158d87a862f005b','system','2016-12-07 16:50:58',1,31,60,0.0610,'0000000058d7fd3d0158d86a5c8f0042',0,'system','2016-12-07 16:50:58');
INSERT INTO `productraterule` VALUES ('0000000058d7fd3d0158d87a862f005c','system','2016-12-07 16:50:58',2,61,90,0.0620,'0000000058d7fd3d0158d86a5c8f0042',0,'system','2016-12-07 16:50:58');
INSERT INTO `productraterule` VALUES ('0000000058d7fd3d0158d87a8630005d','system','2016-12-07 16:50:58',2,91,120,0.0630,'0000000058d7fd3d0158d86a5c8f0042',0,'system','2016-12-07 16:50:58');
INSERT INTO `productraterule` VALUES ('0000000058d7fd3d0158d87a8631005e','system','2016-12-07 16:50:58',1,121,150,0.0630,'0000000058d7fd3d0158d86a5c8f0042',0,'system','2016-12-07 16:50:58');
INSERT INTO `productraterule` VALUES ('0000000058d7fd3d0158d87a8631005f','system','2016-12-07 16:50:58',1,151,99999,0.0630,'0000000058d7fd3d0158d86a5c8f0042',0,'system','2016-12-07 16:50:58');
INSERT INTO `productraterule` VALUES ('0000000058d7fd3d0158d87a86320060','system','2016-12-07 16:50:58',0,0,0,0.1000,'0000000058d7fd3d0158d86af3ea0043',0,'system','2016-12-07 16:50:58');
INSERT INTO `productraterule` VALUES ('0000000058d7fd3d0158d87a86320061','system','2016-12-07 16:50:58',1,1,30,0.0630,'0000000058d7fd3d0158d86af3ea0043',0,'system','2016-12-07 16:50:58');
INSERT INTO `productraterule` VALUES ('0000000058d7fd3d0158d87a86330062','system','2016-12-07 16:50:58',2,31,60,0.0640,'0000000058d7fd3d0158d86af3ea0043',0,'system','2016-12-07 16:50:58');
INSERT INTO `productraterule` VALUES ('0000000058d7fd3d0158d87a86330063','system','2016-12-07 16:50:58',2,61,90,0.0650,'0000000058d7fd3d0158d86af3ea0043',0,'system','2016-12-07 16:50:58');
INSERT INTO `productraterule` VALUES ('0000000058d7fd3d0158d87a86340064','system','2016-12-07 16:50:58',1,91,120,0.0660,'0000000058d7fd3d0158d86af3ea0043',0,'system','2016-12-07 16:50:58');
INSERT INTO `productraterule` VALUES ('0000000058d7fd3d0158d87a86350065','system','2016-12-07 16:50:58',1,121,150,0.0670,'0000000058d7fd3d0158d86af3ea0043',0,'system','2016-12-07 16:50:58');
INSERT INTO `productraterule` VALUES ('0000000058d7fd3d0158d87a86350066','system','2016-12-07 16:50:58',1,151,99999,0.0680,'0000000058d7fd3d0158d86af3ea0043',0,'system','2016-12-07 16:50:58');
INSERT INTO `productraterule` VALUES ('0000000058d7fd3d0158d87a86360067','system','2016-12-07 16:50:58',0,0,0,0.1000,'0000000058d7fd3d0158d86dc72a0047',0,'system','2016-12-07 16:50:58');
INSERT INTO `productraterule` VALUES ('0000000058d7fd3d0158d87a86360068','system','2016-12-07 16:50:58',1,1,30,0.0640,'0000000058d7fd3d0158d86dc72a0047',0,'system','2016-12-07 16:50:58');
INSERT INTO `productraterule` VALUES ('0000000058d7fd3d0158d87a86370069','system','2016-12-07 16:50:58',2,31,60,0.0650,'0000000058d7fd3d0158d86dc72a0047',0,'system','2016-12-07 16:50:58');
INSERT INTO `productraterule` VALUES ('0000000058d7fd3d0158d87a8638006a','system','2016-12-07 16:50:58',1,61,90,0.0660,'0000000058d7fd3d0158d86dc72a0047',0,'system','2016-12-07 16:50:58');
INSERT INTO `productraterule` VALUES ('0000000058d7fd3d0158d87a8639006b','system','2016-12-07 16:50:58',1,91,120,0.0670,'0000000058d7fd3d0158d86dc72a0047',0,'system','2016-12-07 16:50:58');
INSERT INTO `productraterule` VALUES ('0000000058d7fd3d0158d87a863a006c','system','2016-12-07 16:50:58',1,121,150,0.0680,'0000000058d7fd3d0158d86dc72a0047',0,'system','2016-12-07 16:50:58');
INSERT INTO `productraterule` VALUES ('0000000058d7fd3d0158d87a863b006d','system','2016-12-07 16:50:58',1,151,99999,0.0700,'0000000058d7fd3d0158d86dc72a0047',0,'system','2016-12-07 16:50:58');
INSERT INTO `productraterule` VALUES ('0000000058d7fd3d0158d87be5be006e','system','2016-12-07 16:52:28',5,32,92,0.0720,'0000000058d7fd3d0158d87454cb0049',0,'system','2016-12-07 16:52:28');
INSERT INTO `productraterule` VALUES ('0000000058d7fd3d0158d87be5cd006f','system','2016-12-07 16:52:28',1,93,183,0.0750,'0000000058d7fd3d0158d87454cb0049',0,'system','2016-12-07 16:52:28');
INSERT INTO `productraterule` VALUES ('0000000058d7fd3d0158d87be5ce0070','system','2016-12-07 16:52:28',1,184,99999,0.0780,'0000000058d7fd3d0158d87454cb0049',0,'system','2016-12-07 16:52:28');
INSERT INTO `productraterule` VALUES ('0000000058d7fd3d0158d87be5d10071','system','2016-12-07 16:52:28',1,31,90,0.0720,'0000000058d7fd3d0158d8750eff004a',0,'system','2016-12-07 16:52:28');
INSERT INTO `productraterule` VALUES ('0000000058d7fd3d0158d87be5d20072','system','2016-12-07 16:52:28',0,91,180,0.0750,'0000000058d7fd3d0158d8750eff004a',0,'system','2016-12-07 16:52:28');
INSERT INTO `productraterule` VALUES ('0000000058d7fd3d0158d87be5d20073','system','2016-12-07 16:52:28',0,181,99999,0.0780,'0000000058d7fd3d0158d8750eff004a',0,'system','2016-12-07 16:52:28');
INSERT INTO `productraterule` VALUES ('0000000058d7fd3d0158d87be5d50074','system','2016-12-07 16:52:28',6,32,92,0.0720,'0000000058d7fd3d0158d87597d9004b',0,'system','2016-12-07 16:52:28');
INSERT INTO `productraterule` VALUES ('0000000058d7fd3d0158d87be5d60075','system','2016-12-07 16:52:28',1,93,183,0.0750,'0000000058d7fd3d0158d87597d9004b',0,'system','2016-12-07 16:52:28');
INSERT INTO `productraterule` VALUES ('0000000058d7fd3d0158d87be5d60076','system','2016-12-07 16:52:28',1,184,99999,0.0780,'0000000058d7fd3d0158d87597d9004b',0,'system','2016-12-07 16:52:28');
INSERT INTO `productraterule` VALUES ('0000000058dc81420158dc88a9d60019','system','2016-12-08 11:44:53',0,0,0,0.1000,'0000000058dc81420158dc8807600018',0,'system','2016-12-08 11:44:53');
INSERT INTO `productraterule` VALUES ('0000000058dc81420158dc88a9e5001a','system','2016-12-08 11:44:53',1,1,30,0.0600,'0000000058dc81420158dc8807600018',0,'system','2016-12-08 11:44:53');
INSERT INTO `productraterule` VALUES ('0000000058dc81420158dc88a9e8001b','system','2016-12-08 11:44:53',1,31,60,0.0610,'0000000058dc81420158dc8807600018',0,'system','2016-12-08 11:44:53');
INSERT INTO `productraterule` VALUES ('0000000058dc81420158dc88a9ea001c','system','2016-12-08 11:44:53',1,61,90,0.0620,'0000000058dc81420158dc8807600018',0,'system','2016-12-08 11:44:53');
INSERT INTO `productraterule` VALUES ('0000000058dc81420158dc88a9ec001d','system','2016-12-08 11:44:53',1,91,120,0.0630,'0000000058dc81420158dc8807600018',0,'system','2016-12-08 11:44:53');
INSERT INTO `productraterule` VALUES ('0000000058dc81420158dc88a9ef001e','system','2016-12-08 11:44:53',1,121,150,0.0630,'0000000058dc81420158dc8807600018',0,'system','2016-12-08 11:44:53');
INSERT INTO `productraterule` VALUES ('0000000058dc81420158dc88a9f1001f','system','2016-12-08 11:44:53',1,151,99999,0.0630,'0000000058dc81420158dc8807600018',0,'system','2016-12-08 11:44:53');
INSERT INTO `productraterule` VALUES ('1000101001','system','2016-08-29 21:36:57',5,1,20,0.0600,'1000101',0,'system','2016-08-29 21:37:11');
INSERT INTO `productraterule` VALUES ('1000102001','system','2016-08-29 21:36:57',2,1,20,0.0600,'1000102',0,'system','2016-08-29 21:37:11');
INSERT INTO `productraterule` VALUES ('1000103001','system','2016-08-29 21:36:57',2,1,20,0.0618,'1000103',0,'system','2016-08-29 21:37:11');
INSERT INTO `productraterule` VALUES ('1000201001','system','2016-08-29 21:36:57',2,1,20,0.0600,'1000201',0,'system','2016-08-29 21:37:11');
INSERT INTO `productraterule` VALUES ('1000202001','system','2016-08-29 21:36:57',2,1,20,0.0600,'1000202',0,'system','2016-08-29 21:37:11');
INSERT INTO `productraterule` VALUES ('2000101001','system','2016-08-29 21:36:57',2,1,30,0.0680,'2000101',0,'system','2016-08-29 21:37:11');
INSERT INTO `productraterule` VALUES ('2000201001','system','2016-08-29 21:36:57',2,1,30,0.0680,'2000201',0,'system','2016-08-29 21:37:11');
INSERT INTO `productraterule` VALUES ('2000301001','system','2016-08-29 21:36:57',2,1,30,0.0680,'2000301',0,'system','2016-08-29 21:37:11');
INSERT INTO `productraterule` VALUES ('4028a11a657f3ce201657f7a44f50008','system','2018-08-28 15:40:44',0,0,0,0.1000,'ff80808165609ff4016564c6e7e70003',0,'system','2018-08-28 15:40:44');
INSERT INTO `productraterule` VALUES ('4028a11a657f3ce201657f7a45020009','system','2018-08-28 15:40:44',0,1,31,0.0600,'ff80808165609ff4016564c6e7e70003',0,'system','2018-08-28 15:40:44');
INSERT INTO `productraterule` VALUES ('4028a11a657f3ce201657f7a450a000a','system','2018-08-28 15:40:44',0,32,92,0.0610,'ff80808165609ff4016564c6e7e70003',0,'system','2018-08-28 15:40:44');
INSERT INTO `productraterule` VALUES ('4028a11a657f3ce201657f7a4511000b','system','2018-08-28 15:40:44',0,93,183,0.0630,'ff80808165609ff4016564c6e7e70003',0,'system','2018-08-28 15:40:44');
INSERT INTO `productraterule` VALUES ('4028a11a657f3ce201657f7a4522000c','system','2018-08-28 15:40:44',0,184,99999,0.0650,'ff80808165609ff4016564c6e7e70003',0,'system','2018-08-28 15:40:44');
INSERT INTO `productraterule` VALUES ('4028a11a657f3ce201657f7a45d4000d','system','2018-08-28 15:40:44',0,0,0,0.1000,'ff80808165609ff4016564c7cb190004',0,'system','2018-08-28 15:40:44');
INSERT INTO `productraterule` VALUES ('4028a11a657f3ce201657f7a45d9000e','system','2018-08-28 15:40:44',0,1,31,0.0700,'ff80808165609ff4016564c7cb190004',0,'system','2018-08-28 15:40:44');
INSERT INTO `productraterule` VALUES ('4028a11a657f3ce201657f7a45df000f','system','2018-08-28 15:40:44',0,32,92,0.0710,'ff80808165609ff4016564c7cb190004',0,'system','2018-08-28 15:40:44');
INSERT INTO `productraterule` VALUES ('4028a11a657f3ce201657f7a45e80010','system','2018-08-28 15:40:44',0,93,183,0.0730,'ff80808165609ff4016564c7cb190004',0,'system','2018-08-28 15:40:44');
INSERT INTO `productraterule` VALUES ('4028a11a657f3ce201657f7a45f00011','system','2018-08-28 15:40:44',0,184,99999,0.0750,'ff80808165609ff4016564c7cb190004',0,'system','2018-08-28 15:40:44');
INSERT INTO `productraterule` VALUES ('ff8080815acdca9a015ad0d88b5304dd','system','2017-03-15 15:22:16',0,0,0,0.1000,'0000000058fb79020158fbff34f80002',0,'system','2017-03-15 15:22:16');
INSERT INTO `productraterule` VALUES ('ff8080815acdca9a015ad0d88b5504de','system','2017-03-15 15:22:16',0,1,30,0.0600,'0000000058fb79020158fbff34f80002',0,'system','2017-03-15 15:22:16');
INSERT INTO `productraterule` VALUES ('ff8080815acdca9a015ad0d88b5604df','system','2017-03-15 15:22:16',0,31,60,0.0610,'0000000058fb79020158fbff34f80002',0,'system','2017-03-15 15:22:16');
INSERT INTO `productraterule` VALUES ('ff8080815acdca9a015ad0d88b5704e0','system','2017-03-15 15:22:16',0,61,90,0.0620,'0000000058fb79020158fbff34f80002',0,'system','2017-03-15 15:22:16');
INSERT INTO `productraterule` VALUES ('ff8080815acdca9a015ad0d88b5904e1','system','2017-03-15 15:22:16',0,91,120,0.0630,'0000000058fb79020158fbff34f80002',0,'system','2017-03-15 15:22:16');
INSERT INTO `productraterule` VALUES ('ff8080815acdca9a015ad0d88b5a04e2','system','2017-03-15 15:22:16',0,121,150,0.0630,'0000000058fb79020158fbff34f80002',0,'system','2017-03-15 15:22:16');
INSERT INTO `productraterule` VALUES ('ff8080815acdca9a015ad0d88b5b04e3','system','2017-03-15 15:22:16',0,151,99999,0.0630,'0000000058fb79020158fbff34f80002',0,'system','2017-03-15 15:22:16');
INSERT INTO `productraterule` VALUES ('ff8080815acdca9a015ad0d88b5c04e4','system','2017-03-15 15:22:16',0,0,0,0.1000,'00000000593df3aa01593ec688b30000',0,'system','2017-03-15 15:22:16');
INSERT INTO `productraterule` VALUES ('ff8080815acdca9a015ad0d88b5d04e5','system','2017-03-15 15:22:16',0,1,30,0.0600,'00000000593df3aa01593ec688b30000',0,'system','2017-03-15 15:22:16');
INSERT INTO `productraterule` VALUES ('ff8080815acdca9a015ad0d88b5e04e6','system','2017-03-15 15:22:16',0,31,60,0.0610,'00000000593df3aa01593ec688b30000',0,'system','2017-03-15 15:22:16');
INSERT INTO `productraterule` VALUES ('ff8080815acdca9a015ad0d88b5f04e7','system','2017-03-15 15:22:16',0,61,90,0.0620,'00000000593df3aa01593ec688b30000',0,'system','2017-03-15 15:22:16');
INSERT INTO `productraterule` VALUES ('ff8080815acdca9a015ad0d88b6004e8','system','2017-03-15 15:22:16',0,91,120,0.0630,'00000000593df3aa01593ec688b30000',0,'system','2017-03-15 15:22:16');
INSERT INTO `productraterule` VALUES ('ff8080815acdca9a015ad0d88b6204e9','system','2017-03-15 15:22:16',0,121,150,0.0630,'00000000593df3aa01593ec688b30000',0,'system','2017-03-15 15:22:16');
INSERT INTO `productraterule` VALUES ('ff8080815acdca9a015ad0d88b6304ea','system','2017-03-15 15:22:16',0,151,99999,0.0630,'00000000593df3aa01593ec688b30000',0,'system','2017-03-15 15:22:16');
INSERT INTO `productraterule` VALUES ('ff808081651dab900165215f7617000e','system','2018-08-10 09:07:08',0,0,0,0.1000,'ff808081651dab900165215cfb9d000d',0,'system','2018-08-10 09:07:08');
INSERT INTO `productraterule` VALUES ('ff808081651dab900165215f7619000f','system','2018-08-10 09:07:08',0,1,30,0.0780,'ff808081651dab900165215cfb9d000d',0,'system','2018-08-10 09:07:08');
INSERT INTO `productraterule` VALUES ('ff808081651dab900165215f761a0010','system','2018-08-10 09:07:08',0,31,90,0.0800,'ff808081651dab900165215cfb9d000d',0,'system','2018-08-10 09:07:08');
INSERT INTO `productraterule` VALUES ('ff808081651dab900165215f761b0011','system','2018-08-10 09:07:08',1,91,180,0.0820,'ff808081651dab900165215cfb9d000d',0,'system','2018-08-10 09:07:08');
INSERT INTO `productraterule` VALUES ('ff808081651dab900165215f761c0012','system','2018-08-10 09:07:08',0,181,99999,0.0850,'ff808081651dab900165215cfb9d000d',0,'system','2018-08-10 09:07:08');
INSERT INTO `productraterule` VALUES ('ff808081651dab90016522f716ed0039','system','2018-08-10 16:32:23',1,0,0,0.1000,'ff808081651dab90016522f57aee0037',0,'system','2018-08-10 16:32:23');
INSERT INTO `productraterule` VALUES ('ff808081651dab90016522f716ef003a','system','2018-08-10 16:32:23',2,1,31,0.0600,'ff808081651dab90016522f57aee0037',0,'system','2018-08-10 16:32:23');
INSERT INTO `productraterule` VALUES ('ff808081651dab90016522f716f1003b','system','2018-08-10 16:32:23',2,32,92,0.0620,'ff808081651dab90016522f57aee0037',0,'system','2018-08-10 16:32:23');
INSERT INTO `productraterule` VALUES ('ff808081651dab90016522f716f4003c','system','2018-08-10 16:32:23',2,93,183,0.0650,'ff808081651dab90016522f57aee0037',0,'system','2018-08-10 16:32:23');
INSERT INTO `productraterule` VALUES ('ff808081651dab90016522f716f6003d','system','2018-08-10 16:32:23',2,184,99999,0.0680,'ff808081651dab90016522f57aee0037',0,'system','2018-08-10 16:32:23');
INSERT INTO `productraterule` VALUES ('ff808081651dab90016522f716f8003e','system','2018-08-10 16:32:23',1,0,0,0.1000,'ff808081651dab90016522f62a730038',0,'system','2018-08-10 16:32:23');
INSERT INTO `productraterule` VALUES ('ff808081651dab90016522f716fa003f','system','2018-08-10 16:32:23',2,1,31,0.0620,'ff808081651dab90016522f62a730038',0,'system','2018-08-10 16:32:23');
INSERT INTO `productraterule` VALUES ('ff808081651dab90016522f716fc0040','system','2018-08-10 16:32:23',1,32,92,0.0650,'ff808081651dab90016522f62a730038',0,'system','2018-08-10 16:32:23');
INSERT INTO `productraterule` VALUES ('ff808081651dab90016522f716fe0041','system','2018-08-10 16:32:23',2,93,183,0.0680,'ff808081651dab90016522f62a730038',0,'system','2018-08-10 16:32:23');
INSERT INTO `productraterule` VALUES ('ff808081651dab90016522f717000042','system','2018-08-10 16:32:23',2,184,99999,0.0720,'ff808081651dab90016522f62a730038',0,'system','2018-08-10 16:32:23');
INSERT INTO `productraterule` VALUES ('ff808081655b0c6f01655f965b200011','system','2018-08-22 11:03:33',0,0,0,0.1000,'ff808081655b0c6f01655f94f5a80010',0,'system','2018-08-22 11:03:33');
INSERT INTO `productraterule` VALUES ('ff808081655b0c6f01655f965b230012','system','2018-08-22 11:03:33',0,1,31,0.0600,'ff808081655b0c6f01655f94f5a80010',0,'system','2018-08-22 11:03:33');
INSERT INTO `productraterule` VALUES ('ff808081655b0c6f01655f965b240013','system','2018-08-22 11:03:33',0,32,92,0.0620,'ff808081655b0c6f01655f94f5a80010',0,'system','2018-08-22 11:03:33');
INSERT INTO `productraterule` VALUES ('ff808081655b0c6f01655f965b250014','system','2018-08-22 11:03:33',0,93,183,0.0640,'ff808081655b0c6f01655f94f5a80010',0,'system','2018-08-22 11:03:33');
INSERT INTO `productraterule` VALUES ('ff808081655b0c6f01655f965b270015','system','2018-08-22 11:03:33',0,184,99999,0.0660,'ff808081655b0c6f01655f94f5a80010',0,'system','2018-08-22 11:03:33');
INSERT INTO `productraterule` VALUES ('ff808081655b0c6f01655f9d8589001a','system','2018-08-22 11:11:23',0,0,0,0.1000,'ff808081655b0c6f01655f9d11df0019',0,'system','2018-08-22 11:11:23');
INSERT INTO `productraterule` VALUES ('ff808081655b0c6f01655f9d858a001b','system','2018-08-22 11:11:23',0,1,31,0.0700,'ff808081655b0c6f01655f9d11df0019',0,'system','2018-08-22 11:11:23');
INSERT INTO `productraterule` VALUES ('ff808081655b0c6f01655f9d858b001c','system','2018-08-22 11:11:23',2,32,92,0.0720,'ff808081655b0c6f01655f9d11df0019',0,'system','2018-08-22 11:11:23');
INSERT INTO `productraterule` VALUES ('ff808081655b0c6f01655f9d858c001d','system','2018-08-22 11:11:23',2,93,183,0.0740,'ff808081655b0c6f01655f9d11df0019',0,'system','2018-08-22 11:11:23');
INSERT INTO `productraterule` VALUES ('ff808081655b0c6f01655f9d858d001e','system','2018-08-22 11:11:23',0,184,99999,0.0760,'ff808081655b0c6f01655f9d11df0019',0,'system','2018-08-22 11:11:23');
/*!40000 ALTER TABLE `productraterule` ENABLE KEYS */;
UNLOCK TABLES;

--
-- Table structure for table `producttyperule`
--

DROP TABLE IF EXISTS `producttyperule`;
/*!40101 SET @saved_cs_client     = @@character_set_client */;
/*!40101 SET character_set_client = utf8 */;
CREATE TABLE `producttyperule` (
  `productTypeRuleId` varchar(32) NOT NULL,
  `createBy` varchar(32) DEFAULT NULL,
  `createTime` datetime DEFAULT NULL,
  `version` int(11) DEFAULT NULL,
  `deleted` int(11) DEFAULT NULL,
  `updateBy` varchar(255) NOT NULL,
  `updateTime` datetime NOT NULL,
  `holidayDelay` int(11) DEFAULT NULL,
  `interestType` int(11) DEFAULT NULL,
  `interestTypeName` varchar(255) DEFAULT NULL,
  `periodType` int(11) DEFAULT NULL,
  `periodTypeName` varchar(255) DEFAULT NULL,
  `productTypeName` varchar(255) DEFAULT NULL,
  `repayDelay` int(11) DEFAULT NULL,
  `repayMethod` int(11) DEFAULT NULL,
  `repayMethodName` varchar(255) DEFAULT NULL,
  `productBusinessTypeId` varchar(32) DEFAULT NULL,
  `productPrefixName` varchar(255) DEFAULT NULL,
  `productPrifName` varchar(255) DEFAULT NULL,
  `repayDelayDays` int(11) DEFAULT NULL,
  PRIMARY KEY (`productTypeRuleId`),
  KEY `FK_ann7nr9vdy3mkewirv9cghtuk` (`productBusinessTypeId`),
  CONSTRAINT `FK_ann7nr9vdy3mkewirv9cghtuk` FOREIGN KEY (`productBusinessTypeId`) REFERENCES `productbusinesstype` (`productBusinessTypeId`)
) ENGINE=InnoDB DEFAULT CHARSET=utf8;
/*!40101 SET character_set_client = @saved_cs_client */;

--
-- Dumping data for table `producttyperule`
--

LOCK TABLES `producttyperule` WRITE;
/*!40000 ALTER TABLE `producttyperule` DISABLE KEYS */;
INSERT INTO `producttyperule` VALUES ('00000000573b9be501573c08b51b01e7','admin','2016-09-18 14:43:06',2,1,'admin','2016-09-18 14:43:23',1,2,'项目成立计息',1,'日','银票类三类',1,1,'到期一次返还本息','10001','银票类三类','1',3);
INSERT INTO `producttyperule` VALUES ('00000000573c4d1a01573c5893610000','lanxq','2016-09-18 16:10:20',1,1,'admin','2016-12-07 15:56:09',0,2,'项目成立计息',1,'日','银行存单',0,1,'到期一次返还本息','10001','银票--存单','2',3);
INSERT INTO `producttyperule` VALUES ('0000000057473cea01574ab31115001a','lanxq','2016-09-21 11:03:51',3,1,'lanxq','2016-09-21 11:04:07',1,2,'项目成立计息',1,'日','222',1,2,'按期还息到期还本','10002','222','1',3);
INSERT INTO `producttyperule` VALUES ('00000000574b443e01574b46faeb0019','admin','2016-09-21 13:45:25',1,1,'admin','2016-09-21 13:51:34',1,1,'即投即生息 ',1,'日','p2p类新种类',1,1,'到期一次返还本息','00000000574b443e01574b46a5870018','p2p类新种类','1',3);
INSERT INTO `producttyperule` VALUES ('000000005819873d01581d8cd1ba0001','admin','2016-11-01 09:41:57',1,1,'admin','2016-11-01 10:26:04',0,1,'即投即生息 ',3,'季','1111',0,1,'到期一次返还本息','10001','223','1',3);
INSERT INTO `producttyperule` VALUES ('0000000058901d470158905c39ff007c','admin','2016-11-23 16:45:13',1,1,'admin','2016-12-07 15:56:14',1,1,'即投即生息 ',2,'月','测试手机贷',1,2,'按期还息到期还本','20003','手机贷','1',3);
INSERT INTO `producttyperule` VALUES ('0000000058d773be0158d78737050000','admin','2016-12-07 12:25:12',1,1,'admin','2016-12-07 12:31:41',1,1,'即投即生息 ',1,'日','纸票-国股',1,1,'到期一次返还本息','10001','银票宝','1',3);
INSERT INTO `producttyperule` VALUES ('0000000058d7fd3d0158d847ab25001f','admin','2016-12-07 15:55:25',1,1,'admin','2016-12-07 16:22:08',1,1,'即投即生息 ',1,'日','外资',1,1,'到期一次返还本息','10001','银票宝','1',3);
INSERT INTO `producttyperule` VALUES ('0000000058d7fd3d0158d848feb40020','admin','2016-12-07 15:56:52',1,1,'admin','2016-12-07 16:22:10',1,1,'即投即生息 ',1,'日','村镇',1,1,'到期一次返还本息','10001','银票宝','1',3);
INSERT INTO `producttyperule` VALUES ('0000000058d7fd3d0158d849884b0021','admin','2016-12-07 15:57:27',1,1,'admin','2016-12-07 16:22:12',1,1,'即投即生息 ',1,'日','国股',1,1,'到期一次返还本息','0000000058d7fd3d0158d8435f94001d','银票宝','1',3);
INSERT INTO `producttyperule` VALUES ('0000000058d7fd3d0158d849e16b0022','admin','2016-12-07 15:57:50',1,1,'admin','2016-12-07 16:22:14',1,1,'即投即生息 ',1,'日','城商',1,1,'到期一次返还本息','0000000058d7fd3d0158d8435f94001d','银票宝','1',3);
INSERT INTO `producttyperule` VALUES ('0000000058d7fd3d0158d84a545c0023','admin','2016-12-07 15:58:19',1,1,'admin','2016-12-07 16:22:16',1,1,'即投即生息 ',1,'日','三农',1,1,'到期一次返还本息','0000000058d7fd3d0158d8435f94001d','银票宝','1',3);
INSERT INTO `producttyperule` VALUES ('0000000058d7fd3d0158d84aeb8c0024','admin','2016-12-07 15:58:58',1,1,'admin','2016-12-07 16:22:17',1,1,'即投即生息 ',1,'日','外资',1,1,'到期一次返还本息','0000000058d7fd3d0158d8435f94001d','银票宝','1',3);
INSERT INTO `producttyperule` VALUES ('0000000058d7fd3d0158d84b578c0025','admin','2016-12-07 15:59:26',1,1,'admin','2016-12-07 16:22:23',1,1,'即投即生息 ',1,'日','村镇',1,1,'到期一次返还本息','0000000058d7fd3d0158d8435f94001d','银票宝','1',3);
INSERT INTO `producttyperule` VALUES ('0000000058d7fd3d0158d84b9db30026','admin','2016-12-07 15:59:44',1,1,'admin','2016-12-07 16:22:25',1,1,'即投即生息 ',1,'日','财务公司',1,1,'到期一次返还本息','0000000058d7fd3d0158d8435f94001d','银票宝','1',3);
INSERT INTO `producttyperule` VALUES ('0000000058d7fd3d0158d84c94130027','admin','2016-12-07 16:00:47',1,1,'admin','2016-12-07 16:22:27',1,1,'即投即生息 ',1,'日','上市公司',1,1,'到期一次返还本息','10002','商票宝','1',3);
INSERT INTO `producttyperule` VALUES ('0000000058d7fd3d0158d84cf3ea0028','admin','2016-12-07 16:01:11',1,1,'admin','2016-12-07 16:22:29',1,1,'即投即生息 ',1,'日','央企',1,1,'到期一次返还本息','10002','商票宝','1',3);
INSERT INTO `producttyperule` VALUES ('0000000058d7fd3d0158d84d45900029','admin','2016-12-07 16:01:32',1,1,'admin','2016-12-07 16:22:31',1,1,'即投即生息 ',1,'日','国企',1,1,'到期一次返还本息','10002','商票宝','1',3);
INSERT INTO `producttyperule` VALUES ('0000000058d7fd3d0158d84dade0002a','admin','2016-12-07 16:01:59',1,1,'admin','2016-12-07 16:22:35',1,1,'即投即生息 ',1,'日','一般企业',1,1,'到期一次返还本息','10002','商票宝','1',3);
INSERT INTO `producttyperule` VALUES ('0000000058d7fd3d0158d84e65b7002b','admin','2016-12-07 16:02:46',3,1,'admin','2016-12-07 16:22:38',1,1,'即投即生息 ',1,'日','上市公司',1,1,'到期一次返还本息','0000000058d7fd3d0158d8441ce6001e','商票宝','1',3);
INSERT INTO `producttyperule` VALUES ('0000000058d7fd3d0158d84f45f2002c','admin','2016-12-07 16:03:43',1,1,'admin','2016-12-07 16:22:40',1,1,'即投即生息 ',1,'日','央企',1,1,'到期一次返还本息','0000000058d7fd3d0158d8441ce6001e','商票宝','1',3);
INSERT INTO `producttyperule` VALUES ('0000000058d7fd3d0158d84f7f72002d','admin','2016-12-07 16:03:58',1,1,'admin','2016-12-07 16:22:42',1,1,'即投即生息 ',1,'日','国企',1,1,'到期一次返还本息','0000000058d7fd3d0158d8441ce6001e','商票宝','2',3);
INSERT INTO `producttyperule` VALUES ('0000000058d7fd3d0158d84fd029002e','admin','2016-12-07 16:04:19',2,1,'admin','2016-12-07 16:22:45',1,1,'即投即生息 ',1,'日','一般企业',1,1,'到期一次返还本息','0000000058d7fd3d0158d8441ce6001e','商票宝','3',3);
INSERT INTO `producttyperule` VALUES ('0000000058d7fd3d0158d853e8a0002f','admin','2016-12-07 16:08:47',3,1,'admin','2016-12-07 16:22:47',0,2,'项目成立计息',2,'月','车贷宝',0,2,'按期还息到期还本','20001','车贷宝','4',3);
INSERT INTO `producttyperule` VALUES ('0000000058d7fd3d0158d855bb620030','admin','2016-12-07 16:10:47',1,1,'admin','2016-12-07 16:22:49',1,2,'项目成立计息',2,'月','房贷宝',1,2,'按期还息到期还本','20002','房贷宝','5',3);
INSERT INTO `producttyperule` VALUES ('0000000058d7fd3d0158d8575ff00031','admin','2016-12-07 16:12:34',1,1,'admin','2016-12-07 16:22:51',1,1,'即投即生息 ',1,'日','债权质押贷',1,1,'到期一次返还本息','20002','信贷宝','6',3);
INSERT INTO `producttyperule` VALUES ('0000000058d7fd3d0158d86a06140041','admin','2016-12-07 16:32:56',13,0,'admin','2017-03-15 23:05:06',1,1,'即投即生息 ',1,'日','纸质银票',1,1,'到期一次返还本息','0000000058d7fd3d0158d85b4d480032','银票宝','7',3);
INSERT INTO `producttyperule` VALUES ('0000000058d7fd3d0158d86a5c8f0042','admin','2016-12-07 16:33:18',5,0,'admin','2017-03-16 22:52:38',1,1,'即投即生息 ',1,'日','电子银票',1,1,'到期一次返还本息','0000000058d7fd3d0158d85b4d480032','银票宝','8',3);
INSERT INTO `producttyperule` VALUES ('0000000058d7fd3d0158d86af3ea0043','admin','2016-12-07 16:33:57',4,0,'admin','2017-02-22 11:27:03',1,1,'即投即生息 ',1,'日','财务公司银票',1,2,'按期还息到期还本','0000000058d7fd3d0158d85b4d480032','银票宝','9',3);
INSERT INTO `producttyperule` VALUES ('0000000058d7fd3d0158d86bb6850044','admin','2016-12-07 16:34:47',5,1,'admin','2016-12-07 16:45:47',1,1,'即投即生息 ',2,'月','手机宝',1,3,'按期等额本金','0000000058d7fd3d0158d85f040d003e','手机宝','10',3);
INSERT INTO `producttyperule` VALUES ('0000000058d7fd3d0158d86dc72a0047','admin','2016-12-07 16:37:02',5,0,'admin','2017-03-17 16:08:29',1,1,'即投即生息 ',1,'日','商业承兑汇票',1,1,'到期一次返还本息','0000000058d7fd3d0158d85dba2a003c','商票宝','11',3);
INSERT INTO `producttyperule` VALUES ('0000000058d7fd3d0158d86ed6320048','admin','2016-12-07 16:38:12',1,1,'admin','2016-12-07 16:42:45',1,1,'即投即生息 ',2,'月','ssss',1,2,'按期还息到期还本','0000000058d7fd3d0158d85cce2b0035','11111','12',3);
INSERT INTO `producttyperule` VALUES ('0000000058d7fd3d0158d87454cb0049','admin','2016-12-07 16:44:12',11,1,'admin','2018-08-22 11:10:04',1,1,'即投即生息 ',1,'日','二手车质押借款',1,2,'按期还息到期还本','0000000058d7fd3d0158d85f040d003e','车贷宝','13',3);
INSERT INTO `producttyperule` VALUES ('0000000058d7fd3d0158d8750eff004a','admin','2016-12-07 16:45:00',6,1,'admin','2018-08-10 16:04:46',1,1,'即投即生息 ',2,'月','房租收益权质押',1,4,'按期等额本息','0000000058d7fd3d0158d85f62d4003f','车险贷','14',3);
INSERT INTO `producttyperule` VALUES ('0000000058d7fd3d0158d87597d9004b','admin','2016-12-07 16:45:35',5,1,'admin','2018-08-22 11:11:32',1,2,'项目成立计息',2,'月','个人消费借款',1,1,'到期一次返还本息','ff808081655a008e01655a21bc4b0000','担保贷','15',3);
INSERT INTO `producttyperule` VALUES ('0000000058dc81420158dc8807600018','admin','2016-12-08 11:44:12',3,0,'admin','2016-12-20 16:46:27',1,1,'即投即生息 ',2,'月','正大饭票123',1,3,'按期等额本金','0000000058d7fd3d0158d85b4d480032','银票宝','16',3);
INSERT INTO `producttyperule` VALUES ('0000000058fb79020158fbff34f80002','admin','2016-12-14 14:22:36',4,0,'admin','2016-12-14 15:15:28',0,1,'即投即生息 ',1,'日','纸质银票2',0,1,'到期一次返还本息','0000000058d7fd3d0158d85b4d480032','银票宝','17',3);
INSERT INTO `producttyperule` VALUES ('00000000593df3aa01593ec688b30000','admin','2017-12-27 13:35:15',3,0,'admin','2016-12-27 13:35:43',1,1,'即投即生息 ',2,'月','测试产品前缀',1,1,'到期一次返还本息','0000000058d7fd3d0158d85b4d480032','银票宝','18',3);
INSERT INTO `producttyperule` VALUES ('1000101','system','2016-08-29 21:16:18',14,1,'admin','2016-12-07 16:21:58',1,1,'即投即生息 ',1,'日','国股',1,1,'到期一次返还本息','10001','银票宝','19',3);
INSERT INTO `producttyperule` VALUES ('1000102','system','2016-08-29 21:19:58',5,1,'admin','2016-12-07 16:22:01',1,1,'即投即生息 ',1,'日','城商',1,1,'到期一次返还本息','10001','银票宝','20',3);
INSERT INTO `producttyperule` VALUES ('1000103','system','2016-08-29 21:19:58',7,1,'admin','2016-12-07 16:22:04',1,1,'即投即生息 ',1,'日','三农',1,1,'到期一次返还本息','10001','银票宝','21',3);
INSERT INTO `producttyperule` VALUES ('1000201','system','2016-08-29 21:19:58',4,1,'admin','2016-12-07 15:55:41',1,1,'即投即生息 ',1,'日','纸质商票',1,1,'到期一次返还本息','10002','商票宝','22',3);
INSERT INTO `producttyperule` VALUES ('1000202','system','2016-08-29 21:19:58',6,1,'admin','2016-12-07 15:55:46',1,1,'即投即生息 ',1,'日','电子商票',1,1,'到期一次返还本息','10002','商票宝','23',3);
INSERT INTO `producttyperule` VALUES ('2000101','system','2016-08-29 21:19:58',1,1,'admin','2016-12-07 15:55:51',1,1,'即投即生息',1,'日','车贷宝',1,1,'到期还本付息','20001','车贷宝','24',3);
INSERT INTO `producttyperule` VALUES ('2000201','system','2016-08-29 21:19:58',1,1,'admin','2016-12-07 15:56:00',1,1,'即投即生息',2,'月','房贷宝',1,4,'按期等额本息','20002','房贷宝','25',3);
INSERT INTO `producttyperule` VALUES ('2000301','system','2016-08-29 21:19:58',4,1,'admin','2016-12-07 15:56:03',1,1,'即投即生息 ',2,'月','手机宝',1,3,'按期等额本金','20001','手机宝','26',3);
INSERT INTO `producttyperule` VALUES ('4028a2f558f819440158f81acadd0000','admin','2016-12-13 20:14:15',1,1,'admin','2016-12-13 20:14:21',0,2,'项目成立计息',2,'月','fdsafsdaf',0,1,'到期一次返还本息','0000000058d7fd3d0158d85b4d480032','3','27',3);
INSERT INTO `producttyperule` VALUES ('ff808081651dab900165215cfb9d000d','admin','2018-08-10 09:04:26',12,1,'admin','2018-08-17 10:10:18',1,1,'即投即生息 ',1,'日','车险日还',1,4,'按期等额本息','0000000058d7fd3d0158d85f62d4003f','车险贷',NULL,3);
INSERT INTO `producttyperule` VALUES ('ff808081651dab90016522f57aee0037','admin','2018-08-10 16:30:37',1,1,'admin','2018-08-22 11:01:37',1,1,'即投即生息 ',2,'月','车险月还',1,4,'按期等额本息','0000000058d7fd3d0158d85f62d4003f','车险贷',NULL,3);
INSERT INTO `producttyperule` VALUES ('ff808081651dab90016522f62a730038','admin','2018-08-10 16:31:22',1,1,'admin','2018-08-22 11:01:41',1,1,'即投即生息 ',1,'日','车险到期还',1,1,'到期一次返还本息','0000000058d7fd3d0158d85f62d4003f','车险贷',NULL,3);
INSERT INTO `producttyperule` VALUES ('ff808081655b0c6f01655f94f5a80010','admin','2018-08-22 11:02:02',4,0,'admin','2018-08-23 11:14:07',1,2,'项目成立计息',1,'日','车险到期还',1,1,'到期一次返还本息','ff808081654703fc016556acd5d90004','保单宝',NULL,3);
INSERT INTO `producttyperule` VALUES ('ff808081655b0c6f01655f9d11df0019','admin','2018-08-22 11:10:53',0,0,'system','2018-08-22 11:10:53',1,1,'即投即生息 ',1,'日','担保到期还',1,1,'到期一次返还本息','ff808081655a008e01655a21bc4b0000','担保贷',NULL,3);
INSERT INTO `producttyperule` VALUES ('ff80808165609ff4016564c6e7e70003','admin','2018-08-23 11:14:41',0,0,'system','2018-08-23 11:14:41',1,2,'项目成立计息',2,'月','车险月还',1,4,'按期等额本息','ff808081654703fc016556acd5d90004','保单宝',NULL,3);
INSERT INTO `producttyperule` VALUES ('ff80808165609ff4016564c7cb190004','admin','2018-08-23 11:15:39',0,0,'system','2018-08-23 11:15:39',1,2,'项目成立计息',2,'月','担保月还',1,4,'按期等额本息','ff808081655a008e01655a21bc4b0000','担保贷',NULL,3);
/*!40000 ALTER TABLE `producttyperule` ENABLE KEYS */;
UNLOCK TABLES;

--
-- Table structure for table `rechargecashrecord`
--

DROP TABLE IF EXISTS `rechargecashrecord`;
/*!40101 SET @saved_cs_client     = @@character_set_client */;
/*!40101 SET character_set_client = utf8 */;
CREATE TABLE `rechargecashrecord` (
  `recordId` varchar(32) NOT NULL,
  `createBy` varchar(32) DEFAULT NULL,
  `createTime` datetime DEFAULT NULL,
  `version` int(11) DEFAULT NULL,
  `account` varchar(32) DEFAULT NULL,
  `actualAmount` decimal(19,2) DEFAULT NULL,
  `amount` decimal(19,2) DEFAULT NULL,
  `bankCard` varchar(20) DEFAULT NULL,
  `bankCode` varchar(32) DEFAULT NULL,
  `channel` varchar(10) DEFAULT NULL,
  `channelNm` varchar(50) DEFAULT NULL,
  `checkValue` varchar(256) DEFAULT NULL,
  `fee` decimal(19,2) DEFAULT NULL,
  `feeReceivables` varchar(32) DEFAULT NULL,
  `memberId` varchar(32) DEFAULT NULL,
  `orderId` varchar(32) DEFAULT NULL,
  `outsideOrderNo` varchar(32) DEFAULT NULL,
  `outsideSerialNo` varchar(32) DEFAULT NULL,
  `realName` varchar(32) DEFAULT NULL,
  `recordType` int(11) DEFAULT NULL,
  `remark` varchar(128) DEFAULT NULL,
  `serviceFee` decimal(19,2) DEFAULT NULL,
  `serviceFeeReceivables` varchar(32) DEFAULT NULL,
  `status` int(11) DEFAULT NULL,
  `transferDate` datetime DEFAULT NULL,
  `transferEndDate` datetime DEFAULT NULL,
  `bankCardId` varchar(32) DEFAULT NULL,
  `city` varchar(32) DEFAULT NULL,
  `clientFee` decimal(19,2) DEFAULT NULL,
  `doType` int(11) DEFAULT NULL,
  `freeLimit` decimal(19,2) DEFAULT NULL,
  `platFee` decimal(19,2) DEFAULT NULL,
  `province` varchar(32) DEFAULT NULL,
  `resultStr` varchar(128) DEFAULT NULL,
  `operationSrc` int(11) DEFAULT NULL,
  PRIMARY KEY (`recordId`),
  KEY `idx_memberId` (`memberId`)
) ENGINE=InnoDB DEFAULT CHARSET=utf8;
/*!40101 SET character_set_client = @saved_cs_client */;

--
-- Dumping data for table `rechargecashrecord`
--

LOCK TABLES `rechargecashrecord` WRITE;
/*!40000 ALTER TABLE `rechargecashrecord` DISABLE KEYS */;
/*!40000 ALTER TABLE `rechargecashrecord` ENABLE KEYS */;
UNLOCK TABLES;

--
-- Table structure for table `recommend`
--

DROP TABLE IF EXISTS `recommend`;
/*!40101 SET @saved_cs_client     = @@character_set_client */;
/*!40101 SET character_set_client = utf8 */;
CREATE TABLE `recommend` (
  `targetType` varchar(31) NOT NULL,
  `recommendId` varchar(32) NOT NULL,
  `createBy` varchar(32) DEFAULT NULL,
  `createTime` datetime DEFAULT NULL,
  `version` int(11) DEFAULT NULL,
  `effTime` datetime NOT NULL,
  `expTime` datetime NOT NULL,
  `listSort` int(11) NOT NULL,
  `state` varchar(3) NOT NULL,
  `stateTime` datetime NOT NULL,
  `targetNm` varchar(128) DEFAULT NULL,
  `targetId` varchar(32) DEFAULT NULL,
  PRIMARY KEY (`recommendId`),
  KEY `FK_8s81lmyub88m2ncwy42rwig1u` (`targetId`),
  CONSTRAINT `FK_8s81lmyub88m2ncwy42rwig1u` FOREIGN KEY (`targetId`) REFERENCES `product` (`productId`)
) ENGINE=InnoDB DEFAULT CHARSET=utf8;
/*!40101 SET character_set_client = @saved_cs_client */;

--
-- Dumping data for table `recommend`
--

LOCK TABLES `recommend` WRITE;
/*!40000 ALTER TABLE `recommend` DISABLE KEYS */;
/*!40000 ALTER TABLE `recommend` ENABLE KEYS */;
UNLOCK TABLES;

--
-- Table structure for table `region`
--

DROP TABLE IF EXISTS `region`;
/*!40101 SET @saved_cs_client     = @@character_set_client */;
/*!40101 SET character_set_client = utf8 */;
CREATE TABLE `region` (
  `regionId` varchar(32) NOT NULL,
  `createBy` varchar(32) DEFAULT NULL,
  `createTime` datetime DEFAULT NULL,
  `version` int(11) DEFAULT NULL,
  `listSort` int(11) DEFAULT NULL,
  `regionCd` varchar(16) DEFAULT NULL,
  `regionNm` varchar(128) DEFAULT NULL,
  `regionPCd` varchar(16) DEFAULT NULL,
  `regionType` int(11) DEFAULT NULL,
  `regionPid` varchar(32) DEFAULT NULL,
  PRIMARY KEY (`regionId`),
  UNIQUE KEY `UK_cu060hrht2mlq8u8aliqnekva` (`regionCd`),
  KEY `FK_e53vydekaaqmoirvuwvhsy2cy` (`regionPid`),
  CONSTRAINT `FK_e53vydekaaqmoirvuwvhsy2cy` FOREIGN KEY (`regionPid`) REFERENCES `region` (`regionId`)
) ENGINE=InnoDB DEFAULT CHARSET=utf8;
/*!40101 SET character_set_client = @saved_cs_client */;

--
-- Dumping data for table `region`
--

LOCK TABLES `region` WRITE;
/*!40000 ALTER TABLE `region` DISABLE KEYS */;
/*!40000 ALTER TABLE `region` ENABLE KEYS */;
UNLOCK TABLES;

--
-- Table structure for table `repay`
--

DROP TABLE IF EXISTS `repay`;
/*!40101 SET @saved_cs_client     = @@character_set_client */;
/*!40101 SET character_set_client = utf8 */;
CREATE TABLE `repay` (
  `repayId` varchar(32) NOT NULL,
  `createBy` varchar(32) DEFAULT NULL,
  `createTime` datetime DEFAULT NULL,
  `version` int(11) DEFAULT NULL,
  `auditID` varchar(32) DEFAULT NULL,
  `auditTime` datetime DEFAULT NULL,
  `memberId` varchar(32) DEFAULT NULL,
  `orderId` varchar(32) DEFAULT NULL,
  `period` int(11) DEFAULT NULL,
  `receivableAmount` decimal(19,2) DEFAULT NULL,
  `repayKind` int(11) DEFAULT NULL,
  `repayTime` datetime DEFAULT NULL,
  `repayTotal` decimal(19,2) DEFAULT NULL,
  `status` int(11) DEFAULT NULL,
  `productId` varchar(32) NOT NULL,
  `repayRemark` varchar(255) DEFAULT NULL,
  `advanceRepayFlag` int(11) DEFAULT NULL,
  `auditRemark` varchar(400) DEFAULT NULL,
  PRIMARY KEY (`repayId`),
  KEY `FK_6es5ww8a703avvvuib5y555fs` (`productId`),
  KEY `FK_6ptydmviw2j2xo456phrnk3on` (`orderId`),
  KEY `FK_etjap4mieilws9u5c8f75ly87` (`memberId`),
  KEY `repayId` (`repayId`) USING BTREE,
  CONSTRAINT `FK_6es5ww8a703avvvuib5y555fs` FOREIGN KEY (`productId`) REFERENCES `product` (`productId`),
  CONSTRAINT `FK_6ptydmviw2j2xo456phrnk3on` FOREIGN KEY (`orderId`) REFERENCES `product_order` (`orderId`),
  CONSTRAINT `FK_etjap4mieilws9u5c8f75ly87` FOREIGN KEY (`memberId`) REFERENCES `member` (`memberId`)
) ENGINE=InnoDB DEFAULT CHARSET=utf8;
/*!40101 SET character_set_client = @saved_cs_client */;

--
-- Dumping data for table `repay`
--

LOCK TABLES `repay` WRITE;
/*!40000 ALTER TABLE `repay` DISABLE KEYS */;
/*!40000 ALTER TABLE `repay` ENABLE KEYS */;
UNLOCK TABLES;

--
-- Table structure for table `repayitem`
--

DROP TABLE IF EXISTS `repayitem`;
/*!40101 SET @saved_cs_client     = @@character_set_client */;
/*!40101 SET character_set_client = utf8 */;
CREATE TABLE `repayitem` (
  `repayItemId` varchar(32) NOT NULL,
  `createBy` varchar(32) DEFAULT NULL,
  `createTime` datetime DEFAULT NULL,
  `version` int(11) DEFAULT NULL,
  `ItemAmount` decimal(19,2) DEFAULT NULL,
  `ItemTypeId` varchar(32) DEFAULT NULL,
  `itemNm` varchar(32) DEFAULT NULL,
  `repayId` varchar(32) DEFAULT NULL,
  `repayItemPlanId` varchar(32) NOT NULL,
  PRIMARY KEY (`repayItemId`),
  UNIQUE KEY `UK_q0n2galugwbrk8mwvmw89koej` (`repayItemPlanId`),
  KEY `repayId` (`repayId`) USING BTREE,
  CONSTRAINT `FK_q0n2galugwbrk8mwvmw89koej` FOREIGN KEY (`repayItemPlanId`) REFERENCES `repayitemplan` (`repayItemPlanId`)
) ENGINE=InnoDB DEFAULT CHARSET=utf8;
/*!40101 SET character_set_client = @saved_cs_client */;

--
-- Dumping data for table `repayitem`
--

LOCK TABLES `repayitem` WRITE;
/*!40000 ALTER TABLE `repayitem` DISABLE KEYS */;
/*!40000 ALTER TABLE `repayitem` ENABLE KEYS */;
UNLOCK TABLES;

--
-- Table structure for table `repayitemplan`
--

DROP TABLE IF EXISTS `repayitemplan`;
/*!40101 SET @saved_cs_client     = @@character_set_client */;
/*!40101 SET character_set_client = utf8 */;
CREATE TABLE `repayitemplan` (
  `repayItemPlanId` varchar(32) NOT NULL,
  `createBy` varchar(32) DEFAULT NULL,
  `createTime` datetime DEFAULT NULL,
  `version` int(11) DEFAULT NULL,
  `ItemTypeId` varchar(32) DEFAULT NULL,
  `itemAmount` decimal(19,2) DEFAULT NULL,
  `itemNm` varchar(32) DEFAULT NULL,
  `period` int(11) DEFAULT NULL,
  `repayDate` datetime DEFAULT NULL,
  `status` int(11) DEFAULT NULL,
  `productId` varchar(32) DEFAULT NULL,
  `interestDateBegin` datetime DEFAULT NULL,
  `interestDateEnd` datetime DEFAULT NULL,
  PRIMARY KEY (`repayItemPlanId`),
  KEY `FK_5le0w1m7t4mq9tk03roa8sf8i` (`productId`),
  KEY `FK_productId_period_index` (`productId`,`period`),
  CONSTRAINT `FK_5le0w1m7t4mq9tk03roa8sf8i` FOREIGN KEY (`productId`) REFERENCES `product` (`productId`)
) ENGINE=InnoDB DEFAULT CHARSET=utf8;
/*!40101 SET character_set_client = @saved_cs_client */;

--
-- Dumping data for table `repayitemplan`
--

LOCK TABLES `repayitemplan` WRITE;
/*!40000 ALTER TABLE `repayitemplan` DISABLE KEYS */;
INSERT INTO `repayitemplan` VALUES ('4028218166da2a890166da2bbefd00a9','system','2018-11-03 23:23:12',0,'100000',9950.00,'本金',1,'2018-12-03 00:00:00',0,'4028218166da2a890166da2b6b9500a4','2018-11-08 00:00:00','2018-12-03 00:00:00');
INSERT INTO `repayitemplan` VALUES ('4028218166da2a890166da2bbf0200aa','system','2018-11-03 23:23:12',0,'100800',49.75,'利息',1,'2018-12-03 00:00:00',0,'4028218166da2a890166da2b6b9500a4','2018-11-08 00:00:00','2018-12-03 00:00:00');
INSERT INTO `repayitemplan` VALUES ('4028218166da2a890166da2bbf0300ab','system','2018-11-03 23:23:12',0,'100101',0.00,'其他费用总额',1,'2018-12-03 00:00:00',0,'4028218166da2a890166da2b6b9500a4','2018-11-08 00:00:00','2018-12-03 00:00:00');
INSERT INTO `repayitemplan` VALUES ('4028218166da2a890166dcf1542500b3','system','2018-11-04 12:18:15',1,'100000',9951.00,'本金',1,'2018-12-03 00:00:00',2,'4028218166da2a890166dcc0fcd100b0','2018-11-09 00:00:00','2018-12-03 00:00:00');
INSERT INTO `repayitemplan` VALUES ('4028218166da2a890166dcf1542a00b4','system','2018-11-04 12:18:15',1,'100800',48.10,'利息',1,'2018-12-03 00:00:00',2,'4028218166da2a890166dcc0fcd100b0','2018-11-09 00:00:00','2018-12-03 00:00:00');
INSERT INTO `repayitemplan` VALUES ('4028218166da2a890166dcf1543200b5','system','2018-11-04 12:18:15',1,'100101',0.00,'其他费用总额',1,'2018-12-03 00:00:00',2,'4028218166da2a890166dcc0fcd100b0','2018-11-09 00:00:00','2018-12-03 00:00:00');
INSERT INTO `repayitemplan` VALUES ('4028218166dcfd5d0166de3fe39a0002','system','2018-11-04 18:23:41',0,'100000',9951.00,'本金',1,'2018-12-03 00:00:00',0,'4028218166da2a890166dcc0fcd100b0','2018-11-09 00:00:00','2018-12-03 00:00:00');
INSERT INTO `repayitemplan` VALUES ('4028218166dcfd5d0166de3fe39c0003','system','2018-11-04 18:23:41',0,'100800',48.10,'利息',1,'2018-12-03 00:00:00',0,'4028218166da2a890166dcc0fcd100b0','2018-11-09 00:00:00','2018-12-03 00:00:00');
INSERT INTO `repayitemplan` VALUES ('4028218166dcfd5d0166de3fe39f0004','system','2018-11-04 18:23:41',0,'100101',0.00,'其他费用总额',1,'2018-12-03 00:00:00',0,'4028218166da2a890166dcc0fcd100b0','2018-11-09 00:00:00','2018-12-03 00:00:00');
INSERT INTO `repayitemplan` VALUES ('4028218166dcfd5d0166de4885fb0011','system','2018-11-04 18:33:07',0,'100000',9951.00,'本金',1,'2018-12-03 00:00:00',0,'4028218166dcfd5d0166de422b05000e','2018-11-09 00:00:00','2018-12-03 00:00:00');
INSERT INTO `repayitemplan` VALUES ('4028218166dcfd5d0166de4885fe0012','system','2018-11-04 18:33:07',0,'100800',48.10,'利息',1,'2018-12-03 00:00:00',0,'4028218166dcfd5d0166de422b05000e','2018-11-09 00:00:00','2018-12-03 00:00:00');
INSERT INTO `repayitemplan` VALUES ('4028218166dcfd5d0166de4886000013','system','2018-11-04 18:33:07',0,'100101',0.00,'其他费用总额',1,'2018-12-03 00:00:00',0,'4028218166dcfd5d0166de422b05000e','2018-11-09 00:00:00','2018-12-03 00:00:00');
/*!40000 ALTER TABLE `repayitemplan` ENABLE KEYS */;
UNLOCK TABLES;

--
-- Table structure for table `repayment_summary`
--

DROP TABLE IF EXISTS `repayment_summary`;
/*!40101 SET @saved_cs_client     = @@character_set_client */;
/*!40101 SET character_set_client = utf8 */;
CREATE TABLE `repayment_summary` (
  `productId` varchar(32) NOT NULL,
  `createBy` varchar(32) DEFAULT NULL,
  `createTime` datetime DEFAULT NULL,
  `version` int(11) DEFAULT NULL,
  `DueincollectedOverdueInterest` decimal(19,2) DEFAULT NULL,
  `actualDueinCapital` decimal(19,2) DEFAULT NULL,
  `actualDueinInterest` decimal(19,2) DEFAULT NULL,
  `actualDueinTotal` decimal(19,2) DEFAULT NULL,
  `actualRepayCapital` decimal(19,2) DEFAULT NULL,
  `actualRepayInterest` decimal(19,2) DEFAULT NULL,
  `actualRepayPeriod` int(11) DEFAULT NULL,
  `actualRepayTotal` decimal(19,2) DEFAULT NULL,
  `claimDay` int(11) DEFAULT NULL,
  `collectedOverdueInterest` decimal(19,2) DEFAULT NULL,
  `nextRepayDate` datetime DEFAULT NULL,
  `nextRepayTotal` decimal(19,2) DEFAULT NULL,
  `overdueDay` int(11) DEFAULT NULL,
  `overdueInterest` decimal(19,2) DEFAULT NULL,
  `planRepayCapital` decimal(19,2) DEFAULT NULL,
  `planRepayInterest` decimal(19,2) DEFAULT NULL,
  `planRepayPeriod` int(11) DEFAULT NULL,
  `planRepayTotal` decimal(19,2) DEFAULT NULL,
  `stillDueinCapital` decimal(19,2) DEFAULT NULL,
  `stillDueinInterest` decimal(19,2) DEFAULT NULL,
  `stillDueinTotal` decimal(19,2) DEFAULT NULL,
  `stillRepayCapital` decimal(19,2) DEFAULT NULL,
  `stillRepayInterest` decimal(19,2) DEFAULT NULL,
  `stillRepayPeriod` int(11) DEFAULT NULL,
  `stillRepayTotal` decimal(19,2) DEFAULT NULL,
  PRIMARY KEY (`productId`)
) ENGINE=InnoDB DEFAULT CHARSET=utf8;
/*!40101 SET character_set_client = @saved_cs_client */;

--
-- Dumping data for table `repayment_summary`
--

LOCK TABLES `repayment_summary` WRITE;
/*!40000 ALTER TABLE `repayment_summary` DISABLE KEYS */;
INSERT INTO `repayment_summary` VALUES ('4028218166da2a890166dcc0fcd100b0','system','2018-11-04 18:23:41',0,NULL,0.00,0.00,0.00,0.00,0.00,NULL,0.00,NULL,NULL,'2018-12-03 00:00:00',9999.10,NULL,NULL,9951.00,48.10,1,9999.10,9951.00,48.10,9999.10,9951.00,48.10,1,9999.10);
/*!40000 ALTER TABLE `repayment_summary` ENABLE KEYS */;
UNLOCK TABLES;

--
-- Table structure for table `repaymenttrack`
--

DROP TABLE IF EXISTS `repaymenttrack`;
/*!40101 SET @saved_cs_client     = @@character_set_client */;
/*!40101 SET character_set_client = utf8 */;
CREATE TABLE `repaymenttrack` (
  `trackId` varchar(32) NOT NULL,
  `createBy` varchar(32) DEFAULT NULL,
  `createTime` datetime DEFAULT NULL,
  `version` int(11) DEFAULT NULL,
  `deleted` int(11) DEFAULT NULL,
  `updateBy` varchar(255) NOT NULL,
  `updateTime` datetime NOT NULL,
  `auditDate` datetime DEFAULT NULL,
  `auditorCd` varchar(32) DEFAULT NULL,
  `auditorId` varchar(32) DEFAULT NULL,
  `memberId` varchar(255) DEFAULT NULL,
  `memberType` int(11) DEFAULT NULL,
  `orderId` varchar(255) DEFAULT NULL,
  `overdueDays` int(11) DEFAULT NULL,
  `overdueInterest` decimal(19,2) DEFAULT NULL,
  `period` int(11) DEFAULT NULL,
  `planCapital` decimal(19,2) DEFAULT NULL,
  `planInterest` decimal(19,2) DEFAULT NULL,
  `planReceivableAmount` decimal(19,2) DEFAULT NULL,
  `planRepayAmount` decimal(19,2) DEFAULT NULL,
  `planRepayDate` datetime DEFAULT NULL,
  `planStatus` int(11) DEFAULT NULL,
  `preReapyInterest` decimal(19,2) DEFAULT NULL,
  `productId` varchar(32) DEFAULT NULL,
  `receivableAmount` decimal(19,2) DEFAULT NULL,
  `repayAccount` varchar(255) DEFAULT NULL,
  `repayAccountNm` varchar(255) DEFAULT NULL,
  `repayAccountNo` varchar(255) DEFAULT NULL,
  `repayAmount` decimal(19,2) DEFAULT NULL,
  `repayBankNm` varchar(255) DEFAULT NULL,
  `repayBankNo` varchar(255) DEFAULT NULL,
  `repayCapital` decimal(19,2) DEFAULT NULL,
  `repayDate` datetime DEFAULT NULL,
  `repayInterest` decimal(19,2) DEFAULT NULL,
  `repayRemark` varchar(200) DEFAULT NULL,
  `repayStatus` int(11) DEFAULT NULL,
  `sufSubsidyStatus` int(11) DEFAULT NULL,
  `sufSubsidyOutsideSerialNo` varchar(20) DEFAULT NULL,
  `sufSubsidyPassDate` datetime DEFAULT NULL,
  `advanceRepayFlag` int(11) DEFAULT NULL,
  `interestDateBegin` datetime DEFAULT NULL,
  `interestDateEnd` datetime DEFAULT NULL,
  `outsideOrderNo` varchar(255) DEFAULT NULL,
  `outsideSerialNo` varchar(255) DEFAULT NULL,
  `preReapyDays` int(11) DEFAULT NULL,
  `repayWay` int(11) DEFAULT NULL,
  `sufSubsidyOutsideOrderNo` varchar(40) DEFAULT NULL,
  PRIMARY KEY (`trackId`),
  KEY `FK_13pjkyjhe8dl6iutpkosxusuf` (`productId`),
  CONSTRAINT `FK_13pjkyjhe8dl6iutpkosxusuf` FOREIGN KEY (`productId`) REFERENCES `product` (`productId`)
) ENGINE=InnoDB DEFAULT CHARSET=utf8;
/*!40101 SET character_set_client = @saved_cs_client */;

--
-- Dumping data for table `repaymenttrack`
--

LOCK TABLES `repaymenttrack` WRITE;
/*!40000 ALTER TABLE `repaymenttrack` DISABLE KEYS */;
INSERT INTO `repaymenttrack` VALUES ('4028218166dcfd5d0166de3fe3a60005','admin','2018-11-04 18:23:41',0,0,'admin','2018-11-04 18:23:41','2018-11-04 18:23:41','admin','1000','8a80d78557576efe015757bd59d30029',0,NULL,0,0.00,1,9951.00,48.10,9999.10,9999.10,'2018-12-03 00:00:00',0,NULL,'4028218166da2a890166dcc0fcd100b0',0.00,NULL,NULL,NULL,0.00,NULL,NULL,0.00,'2018-12-03 00:00:00',0.00,'满标审核通过--实际还款计划',0,0,NULL,NULL,NULL,NULL,NULL,NULL,NULL,NULL,NULL,NULL);
/*!40000 ALTER TABLE `repaymenttrack` ENABLE KEYS */;
UNLOCK TABLES;

--
-- Table structure for table `safeguard`
--

DROP TABLE IF EXISTS `safeguard`;
/*!40101 SET @saved_cs_client     = @@character_set_client */;
/*!40101 SET character_set_client = utf8 */;
CREATE TABLE `safeguard` (
  `productId` varchar(32) NOT NULL,
  `createBy` varchar(32) DEFAULT NULL,
  `createTime` datetime DEFAULT NULL,
  `version` int(11) DEFAULT NULL,
  `backletterCd` varchar(64) DEFAULT NULL,
  `companyNm` varchar(128) DEFAULT NULL,
  `debtDesc` varchar(2000) DEFAULT NULL,
  `guaranteeDesc` varchar(2000) DEFAULT NULL,
  `pawnDesc` varchar(2000) DEFAULT NULL,
  `riskDesc` varchar(2000) DEFAULT NULL,
  `safeguardDesc` varchar(2000) DEFAULT NULL,
  `companyId` varchar(32) DEFAULT NULL,
  PRIMARY KEY (`productId`),
  KEY `FK_fr53swgqdjvyt85hc8cr5qmo` (`companyId`),
  CONSTRAINT `FK_fr53swgqdjvyt85hc8cr5qmo` FOREIGN KEY (`companyId`) REFERENCES `company` (`memberId`)
) ENGINE=InnoDB DEFAULT CHARSET=utf8;
/*!40101 SET character_set_client = @saved_cs_client */;

--
-- Dumping data for table `safeguard`
--

LOCK TABLES `safeguard` WRITE;
/*!40000 ALTER TABLE `safeguard` DISABLE KEYS */;
INSERT INTO `safeguard` VALUES ('4028218166da2a890166da2b6b9500a4','system','2018-11-03 23:23:08',1,NULL,'',NULL,NULL,NULL,NULL,NULL,NULL);
INSERT INTO `safeguard` VALUES ('4028218166da2a890166da2b6bb700a6','system','2018-11-03 23:22:51',0,NULL,NULL,NULL,NULL,NULL,NULL,NULL,NULL);
INSERT INTO `safeguard` VALUES ('4028218166da2a890166dcc0fcd100b0','system','2018-11-04 11:50:49',1,NULL,'',NULL,NULL,NULL,NULL,NULL,NULL);
INSERT INTO `safeguard` VALUES ('4028218166dcfd5d0166de422b05000e','system','2018-11-04 18:28:23',1,NULL,'',NULL,NULL,NULL,NULL,NULL,NULL);
/*!40000 ALTER TABLE `safeguard` ENABLE KEYS */;
UNLOCK TABLES;

--
-- Table structure for table `sms_notice`
--

DROP TABLE IF EXISTS `sms_notice`;
/*!40101 SET @saved_cs_client     = @@character_set_client */;
/*!40101 SET character_set_client = utf8 */;
CREATE TABLE `sms_notice` (
  `noticeId` varchar(32) NOT NULL,
  `title` varchar(128) DEFAULT '',
  `content` text,
  `acceptBy` varchar(32) DEFAULT '',
  `acceptNm` varchar(64) DEFAULT '',
  `batchNo` varchar(32) DEFAULT '',
  `deleted` int(11) DEFAULT '0',
  `readed` int(11) DEFAULT '0',
  `listSort` int(11) DEFAULT '0',
  `effTime` datetime DEFAULT NULL,
  `expTime` datetime DEFAULT NULL,
  `state` varchar(3) DEFAULT 'F0A',
  `stateTime` datetime NOT NULL,
  `VERSION` int(11) DEFAULT '0',
  `createBy` varchar(32) DEFAULT '',
  `createTime` datetime DEFAULT NULL,
  PRIMARY KEY (`noticeId`)
) ENGINE=InnoDB DEFAULT CHARSET=utf8;
/*!40101 SET character_set_client = @saved_cs_client */;

--
-- Dumping data for table `sms_notice`
--

LOCK TABLES `sms_notice` WRITE;
/*!40000 ALTER TABLE `sms_notice` DISABLE KEYS */;
INSERT INTO `sms_notice` VALUES ('4028218166dcfcf40166dcff837e0005','支付成功','【票据客】尊敬的15310405001：您投资的银票宝2376期，金额2000元，订单已支付成功，请登陆平台账户查看订单详情。【票据客】','ogjHRqk5','秦尉寒','',0,0,1,'2018-11-04 12:33:45','2200-12-31 23:59:59','F0A','2018-11-04 12:33:45',0,'system','2018-11-04 12:33:45');
INSERT INTO `sms_notice` VALUES ('4028218166dcfcf40166dcffd54c000b','支付成功','【票据客】尊敬的15310405001：您投资的银票宝2376期，金额7951元，订单已支付成功，请登陆平台账户查看订单详情。【票据客】','ogjHRqk5','秦尉寒','',0,0,1,'2018-11-04 12:34:06','2200-12-31 23:59:59','F0A','2018-11-04 12:34:06',0,'system','2018-11-04 12:34:06');
/*!40000 ALTER TABLE `sms_notice` ENABLE KEYS */;
UNLOCK TABLES;

--
-- Table structure for table `sms_provider`
--

DROP TABLE IF EXISTS `sms_provider`;
/*!40101 SET @saved_cs_client     = @@character_set_client */;
/*!40101 SET character_set_client = utf8 */;
CREATE TABLE `sms_provider` (
  `providerId` varchar(32) NOT NULL,
  `providerCode` varchar(32) NOT NULL,
  `providerName` varchar(128) DEFAULT '',
  `userName` varchar(128) DEFAULT '',
  `PASSWORD` varchar(128) DEFAULT '',
  `signPrefix` varchar(128) DEFAULT '',
  `signSuffix` varchar(128) DEFAULT '',
  `maxDestination` int(11) DEFAULT '-1',
  `extra` text,
  `remark` varchar(1024) DEFAULT '',
  `createBy` varchar(32) DEFAULT '',
  `createTime` datetime DEFAULT NULL,
  `VERSION` int(11) DEFAULT '0',
  `effTime` datetime DEFAULT NULL,
  `expTime` datetime DEFAULT NULL,
  `listSort` int(11) DEFAULT '0',
  `state` varchar(3) DEFAULT 'F0A',
  `stateTime` datetime DEFAULT NULL,
  PRIMARY KEY (`providerId`)
) ENGINE=InnoDB DEFAULT CHARSET=utf8;
/*!40101 SET character_set_client = @saved_cs_client */;

--
-- Dumping data for table `sms_provider`
--

LOCK TABLES `sms_provider` WRITE;
/*!40000 ALTER TABLE `sms_provider` DISABLE KEYS */;
INSERT INTO `sms_provider` VALUES ('130','APNSPUSH','APNS(IOS原生)推送','userName','password','','【票据客】',1,'{\"certificatePath\":\"/alidata1/app/manager/piaojuke_czbank-properties/developerPush.p12\",\"certificatePassword\":\"123456\",\"isProduction\":\"false\"}','certificatePath:必填，APNS服务的*.p12文件位置,certificatePassword:必填，certificatePassword p12文件密码,isProduction:true to use Apple‘s production servers, false to use the sandbox servers.','system','2017-04-26 14:40:14',2,'2017-04-26 14:40:14','2114-12-31 23:59:59',0,'F0A','2017-04-26 14:40:14');
INSERT INTO `sms_provider` VALUES ('21','YM','亿美短信999平台','9SDK-EMY-0999-JDXUR00','99863900','【票据客】','',1000,'{\"providerUrl\":\"http://sdk999ws.eucp.b2m.cn:8080/sdkproxy\",\"regist\":\"/regist.action\",\"sendsms\":\"/sendsms.action\",\"providerKey\":\"99863900\"}','providerUrl:接收消息的服务器地址,regist:注册使用的接口Action,sendsms:发送消息的接口Action,providerKey:如果没有用client注册过则和password相等否则等于key','system','2017-04-26 14:40:14',2,'2017-04-26 14:40:14','2114-12-31 23:59:59',0,'F0A','2017-04-26 14:40:14');
INSERT INTO `sms_provider` VALUES ('6','NOTICE','站内通知','sed','fdsa','【票据客】','【票据客】',2000,'','','system','2017-04-26 14:40:14',1,'2017-04-26 14:40:14','2114-12-31 23:59:59',0,'F0A','2017-04-26 14:40:14');
/*!40000 ALTER TABLE `sms_provider` ENABLE KEYS */;
UNLOCK TABLES;

--
-- Table structure for table `sms_provider_log`
--

DROP TABLE IF EXISTS `sms_provider_log`;
/*!40101 SET @saved_cs_client     = @@character_set_client */;
/*!40101 SET character_set_client = utf8 */;
CREATE TABLE `sms_provider_log` (
  `providerLogId` varchar(32) NOT NULL,
  `requestTitle` varchar(128) DEFAULT '',
  `requestContent` text,
  `requestTime` datetime DEFAULT NULL,
  `destination` text,
  `responseContent` varchar(255) DEFAULT '',
  `responseTime` datetime DEFAULT NULL,
  `STATUS` int(11) DEFAULT '0',
  `extra` text,
  `triggerNode` varchar(128) DEFAULT '',
  `providerId` varchar(32) DEFAULT NULL,
  `createBy` varchar(32) DEFAULT '',
  `createTime` datetime DEFAULT NULL,
  `VERSION` int(11) DEFAULT '0',
  `deleted` int(11) DEFAULT '0',
  `updateBy` varchar(32) DEFAULT '',
  `updateTime` datetime NOT NULL,
  PRIMARY KEY (`providerLogId`),
  KEY `FK_1s4xaurtehtgh2oy4oj756xye` (`providerId`),
  CONSTRAINT `FK_1s4xaurtehtgh2oy4oj756xye` FOREIGN KEY (`providerId`) REFERENCES `sms_provider` (`providerId`)
) ENGINE=InnoDB DEFAULT CHARSET=utf8;
/*!40101 SET character_set_client = @saved_cs_client */;

--
-- Dumping data for table `sms_provider_log`
--

LOCK TABLES `sms_provider_log` WRITE;
/*!40000 ALTER TABLE `sms_provider_log` DISABLE KEYS */;
INSERT INTO `sms_provider_log` VALUES ('4028218166da2a310166da54123a0000','注册前发送短信验证码','【票据客】感谢您注册票据客！验证码为345061，请在2分钟内进行验证。如非本人发起，请拨打全国客服热线400-969-6006。','2018-11-04 00:07:15','18982283448','-1100|服务器端序列号错误,序列号不存在内存中,或尝试攻击的用户','2018-11-04 00:07:16',2,'{\"mCheckCodeLifeTime\":\"2\",\"phone\":\"18982283448\",\"siteTitle\":\"票据客\",\"mSeqCode\":\"W30\",\"realNm\":\"18982283448\",\"mCheckCode\":\"345061\",\"realCd\":\"18982283448\",\"triggerNode\":\"before.register.send.mCheckCode\"}','before.register.send.mCheckCode','21','system','2018-11-04 00:07:15',1,0,'system','2018-11-04 00:07:15');
INSERT INTO `sms_provider_log` VALUES ('4028218166dcfcf40166dcff7eb10002','支付成功','【票据客】尊敬的15310405001：您投资的银票宝2376期，金额2000元，订单已支付成功。','2018-11-04 12:33:44','15310405001','-1100|服务器端序列号错误,序列号不存在内存中,或尝试攻击的用户','2018-11-04 12:33:44',2,'{\"orderAmount\":\"2000\",\"payAmount\":\"2000.00\",\"phone\":\"15310405001\",\"realNm\":\"秦尉寒\",\"realCd\":\"ogjHRqk5\",\"triggerNode\":\"order.pay.success\",\"productName\":\"银票宝2376期\"}','order.pay.success','21','system','2018-11-04 12:33:44',1,0,'system','2018-11-04 12:33:44');
INSERT INTO `sms_provider_log` VALUES ('4028218166dcfcf40166dcff81f60003','支付成功','【票据客】尊敬的15310405001：您投资的银票宝2376期，订单金额2000元，实际支付金额2000.00元，已完成支付。','2018-11-04 12:33:44','15310405001','-1100|服务器端序列号错误,序列号不存在内存中,或尝试攻击的用户','2018-11-04 12:33:45',2,'{\"orderAmount\":\"2000\",\"payAmount\":\"2000.00\",\"phone\":\"15310405001\",\"realNm\":\"秦尉寒\",\"realCd\":\"ogjHRqk5\",\"triggerNode\":\"order.pay.success\",\"productName\":\"银票宝2376期\"}','order.pay.success','21','system','2018-11-04 12:33:44',1,0,'system','2018-11-04 12:33:44');
INSERT INTO `sms_provider_log` VALUES ('4028218166dcfcf40166dcff837b0004','支付成功','【票据客】尊敬的15310405001：您投资的银票宝2376期，金额2000元，订单已支付成功，请登陆平台账户查看订单详情。【票据客】','2018-11-04 12:33:45','{\"ogjHRqk5\":\"秦尉寒\"}','信息发送成功','2018-11-04 12:33:45',1,'{\"orderAmount\":\"2000\",\"payAmount\":\"2000.00\",\"phone\":\"15310405001\",\"realNm\":\"秦尉寒\",\"realCd\":\"ogjHRqk5\",\"triggerNode\":\"order.pay.success\",\"productName\":\"银票宝2376期\"}','order.pay.success','6','system','2018-11-04 12:33:45',1,0,'system','2018-11-04 12:33:45');
INSERT INTO `sms_provider_log` VALUES ('4028218166dcfcf40166dcffd24f0008','支付成功','【票据客】尊敬的15310405001：您投资的银票宝2376期，金额7951元，订单已支付成功。','2018-11-04 12:34:05','15310405001','-1100|服务器端序列号错误,序列号不存在内存中,或尝试攻击的用户','2018-11-04 12:34:05',2,'{\"orderAmount\":\"7951\",\"payAmount\":\"7951.00\",\"phone\":\"15310405001\",\"realNm\":\"秦尉寒\",\"realCd\":\"ogjHRqk5\",\"triggerNode\":\"order.pay.success\",\"productName\":\"银票宝2376期\"}','order.pay.success','21','system','2018-11-04 12:34:05',1,0,'system','2018-11-04 12:34:05');
INSERT INTO `sms_provider_log` VALUES ('4028218166dcfcf40166dcffd3cd0009','支付成功','【票据客】尊敬的15310405001：您投资的银票宝2376期，订单金额7951元，实际支付金额7951.00元，已完成支付。','2018-11-04 12:34:05','15310405001','-1100|服务器端序列号错误,序列号不存在内存中,或尝试攻击的用户','2018-11-04 12:34:06',2,'{\"orderAmount\":\"7951\",\"payAmount\":\"7951.00\",\"phone\":\"15310405001\",\"realNm\":\"秦尉寒\",\"realCd\":\"ogjHRqk5\",\"triggerNode\":\"order.pay.success\",\"productName\":\"银票宝2376期\"}','order.pay.success','21','system','2018-11-04 12:34:05',1,0,'system','2018-11-04 12:34:05');
INSERT INTO `sms_provider_log` VALUES ('4028218166dcfcf40166dcffd54a000a','支付成功','【票据客】尊敬的15310405001：您投资的银票宝2376期，金额7951元，订单已支付成功，请登陆平台账户查看订单详情。【票据客】','2018-11-04 12:34:06','{\"ogjHRqk5\":\"秦尉寒\"}','信息发送成功','2018-11-04 12:34:06',1,'{\"orderAmount\":\"7951\",\"payAmount\":\"7951.00\",\"phone\":\"15310405001\",\"realNm\":\"秦尉寒\",\"realCd\":\"ogjHRqk5\",\"triggerNode\":\"order.pay.success\",\"productName\":\"银票宝2376期\"}','order.pay.success','6','system','2018-11-04 12:34:06',1,0,'system','2018-11-04 12:34:06');
/*!40000 ALTER TABLE `sms_provider_log` ENABLE KEYS */;
UNLOCK TABLES;

--
-- Table structure for table `sms_send_queue`
--

DROP TABLE IF EXISTS `sms_send_queue`;
/*!40101 SET @saved_cs_client     = @@character_set_client */;
/*!40101 SET character_set_client = utf8 */;
CREATE TABLE `sms_send_queue` (
  `sendQueueId` varchar(32) NOT NULL,
  `title` varchar(255) DEFAULT '',
  `content` text,
  `destination` text,
  `planSendTime` datetime DEFAULT NULL,
  `STATUS` int(11) DEFAULT '0',
  `triggerNode` varchar(128) DEFAULT '',
  `providerId` varchar(32) DEFAULT NULL,
  `sendTime` datetime DEFAULT NULL,
  `extra` text,
  `createBy` varchar(32) DEFAULT '',
  `createTime` datetime DEFAULT NULL,
  `VERSION` int(11) DEFAULT '0',
  `deleted` int(11) DEFAULT '0',
  `updateBy` varchar(32) DEFAULT '',
  `updateTime` datetime NOT NULL,
  PRIMARY KEY (`sendQueueId`),
  KEY `FK_cdail4kpnefqpep6jujqwq76k` (`providerId`),
  CONSTRAINT `FK_cdail4kpnefqpep6jujqwq76k` FOREIGN KEY (`providerId`) REFERENCES `sms_provider` (`providerId`)
) ENGINE=InnoDB DEFAULT CHARSET=utf8;
/*!40101 SET character_set_client = @saved_cs_client */;

--
-- Dumping data for table `sms_send_queue`
--

LOCK TABLES `sms_send_queue` WRITE;
/*!40000 ALTER TABLE `sms_send_queue` DISABLE KEYS */;
INSERT INTO `sms_send_queue` VALUES ('4028218166da2a310166da55250a0004','注册成功','【票据客】恭喜您已注册成功！欢迎您登录票据客官发送短信【票据客】','{\"KSPikwSw\":null}','2018-11-04 00:08:25',0,'register.success','6','2018-11-04 00:08:25','{\"triggerNode\":\"register.success\",\"batchNo\":\"xxnzacQ6\",\"siteTitle\":\"票据客\"}','system','2018-11-04 00:08:25',0,0,'system','2018-11-04 00:08:25');
INSERT INTO `sms_send_queue` VALUES ('4028218166da2a890166da2bbff900ae','新标上线公告前','【票据客】平台将于2018-11-03  11:42发布30日新标！年化收益率6.00%，总额度0.99500000万元。官方微信、微博同步更新，敬请关注。','15823408801,15823408802,18982283449,lxhjh,lxhjh,lxhjh,111111111,3333,11,17717554963,15802370934,48,13300001111,47,46,12,ts,00001,50,60,15310405001,15310405002,15310405003,wwysjy,gslx,shmg,99001,99009,02120,88001,99002,232323,000008,00268,00233','2018-11-03 23:23:12',0,'before.newTender.onLine.notice','21','2018-11-03 23:23:12','{\"period\":\"30日\",\"borrowingBalance\":\"0.99500000\",\"batchNo\":\"1C65BQW3\",\"tenderStart\":\"2018-11-03  11:42\",\"triggerNode\":\"before.newTender.onLine.notice\",\"rate\":\"6.00\"}','system','2018-11-03 23:23:12',0,0,'system','2018-11-03 23:23:12');
INSERT INTO `sms_send_queue` VALUES ('4028218166da2a890166da2bc00a00af','新标上线公告前','【票据客】平台将于2018-11-03  11:42发布30日新标！年化收益率6.00%，总额度0.99500000万元。官方微信、微博同步更新，敬请关注。【票据客】','{\"company1\":\"wxm\",\"2RqZCIAg\":\"杨珑莘\",\"company2\":\"company2\",\"A6IxhrX6\":\"陈悦彬\",\"PTZH\":\"平台账户\",\"000008\":\"测试1\",\"17717554963\":\"上海富商金融信息服务有限公司\",\"ogjHRqk5\":\"秦尉寒\",\"MXGtZgwl\":\"杨肖任\"}','2018-11-03 23:23:12',0,'before.newTender.onLine.notice','6','2018-11-03 23:23:12','{\"period\":\"30日\",\"borrowingBalance\":\"0.99500000\",\"batchNo\":\"VnVLv3tp\",\"tenderStart\":\"2018-11-03  11:42\",\"triggerNode\":\"before.newTender.onLine.notice\",\"rate\":\"6.00\"}','system','2018-11-03 23:23:12',0,0,'system','2018-11-03 23:23:12');
INSERT INTO `sms_send_queue` VALUES ('4028218166da2a890166dcf1545400b8','新标上线公告前','【票据客】平台将于2018-11-04  11:45发布29日新标！年化收益率6.00%，总额度0.99510000万元。官方微信、微博同步更新，敬请关注。','15823408801,15823408802,18982283449,18982283448,lxhjh,lxhjh,lxhjh,111111111,3333,11,17717554963,15802370934,48,13300001111,47,46,12,ts,00001,50,60,15310405001,15310405002,15310405003,wwysjy,gslx,shmg,99001,99009,02120,88001,99002,232323,000008,00268,00233','2018-11-04 12:18:15',0,'before.newTender.onLine.notice','21','2018-11-04 12:18:15','{\"period\":\"29日\",\"borrowingBalance\":\"0.99510000\",\"batchNo\":\"paPswKS6\",\"tenderStart\":\"2018-11-04  11:45\",\"triggerNode\":\"before.newTender.onLine.notice\",\"rate\":\"6.00\"}','system','2018-11-04 12:18:15',0,0,'system','2018-11-04 12:18:15');
INSERT INTO `sms_send_queue` VALUES ('4028218166da2a890166dcf1546400b9','新标上线公告前','【票据客】平台将于2018-11-04  11:45发布29日新标！年化收益率6.00%，总额度0.99510000万元。官方微信、微博同步更新，敬请关注。【票据客】','{\"company1\":\"wxm\",\"2RqZCIAg\":\"杨珑莘\",\"company2\":\"company2\",\"A6IxhrX6\":\"陈悦彬\",\"PTZH\":\"平台账户\",\"KSPikwSw\":null,\"000008\":\"测试1\",\"17717554963\":\"上海富商金融信息服务有限公司\",\"ogjHRqk5\":\"秦尉寒\",\"MXGtZgwl\":\"杨肖任\"}','2018-11-04 12:18:15',0,'before.newTender.onLine.notice','6','2018-11-04 12:18:15','{\"period\":\"29日\",\"borrowingBalance\":\"0.99510000\",\"batchNo\":\"gMX5Ut1M\",\"tenderStart\":\"2018-11-04  11:45\",\"triggerNode\":\"before.newTender.onLine.notice\",\"rate\":\"6.00\"}','system','2018-11-04 12:18:15',0,0,'system','2018-11-04 12:18:15');
INSERT INTO `sms_send_queue` VALUES ('4028218166dcfd5d0166de4887090016','新标上线公告前','【票据客】平台将于2018-11-04  18:46发布29日新标！年化收益率6.00%，总额度0.99510000万元。官方微信、微博同步更新，敬请关注。','15823408801,15823408802,18982283449,18982283448,lxhjh,lxhjh,lxhjh,111111111,3333,11,17717554963,15802370934,48,13300001111,47,46,12,ts,00001,50,60,15310405001,15310405002,15310405003,wwysjy,gslx,shmg,99001,99009,02120,88001,99002,232323,000008,00268,00233','2018-11-04 18:33:07',0,'before.newTender.onLine.notice','21','2018-11-04 18:33:07','{\"period\":\"29日\",\"borrowingBalance\":\"0.99510000\",\"batchNo\":\"tHresTny\",\"tenderStart\":\"2018-11-04  18:46\",\"triggerNode\":\"before.newTender.onLine.notice\",\"rate\":\"6.00\"}','system','2018-11-04 18:33:07',0,0,'system','2018-11-04 18:33:07');
INSERT INTO `sms_send_queue` VALUES ('4028218166dcfd5d0166de4887170017','新标上线公告前','【票据客】平台将于2018-11-04  18:46发布29日新标！年化收益率6.00%，总额度0.99510000万元。官方微信、微博同步更新，敬请关注。【票据客】','{\"company1\":\"wxm\",\"2RqZCIAg\":\"杨珑莘\",\"company2\":\"company2\",\"A6IxhrX6\":\"陈悦彬\",\"PTZH\":\"平台账户\",\"KSPikwSw\":null,\"000008\":\"测试1\",\"17717554963\":\"上海富商金融信息服务有限公司\",\"ogjHRqk5\":\"秦尉寒\",\"MXGtZgwl\":\"杨肖任\"}','2018-11-04 18:33:07',0,'before.newTender.onLine.notice','6','2018-11-04 18:33:07','{\"period\":\"29日\",\"borrowingBalance\":\"0.99510000\",\"batchNo\":\"A9sAzXHx\",\"tenderStart\":\"2018-11-04  18:46\",\"triggerNode\":\"before.newTender.onLine.notice\",\"rate\":\"6.00\"}','system','2018-11-04 18:33:07',0,0,'system','2018-11-04 18:33:07');
/*!40000 ALTER TABLE `sms_send_queue` ENABLE KEYS */;
UNLOCK TABLES;

--
-- Table structure for table `sms_template`
--

DROP TABLE IF EXISTS `sms_template`;
/*!40101 SET @saved_cs_client     = @@character_set_client */;
/*!40101 SET character_set_client = utf8 */;
CREATE TABLE `sms_template` (
  `templateId` varchar(32) NOT NULL,
  `receiver` varchar(255) DEFAULT NULL,
  `templateContent` text,
  `triggerNode` varchar(128) DEFAULT '',
  `triggerNodeNm` varchar(128) DEFAULT '',
  `providerId` varchar(32) DEFAULT NULL,
  `hasTimer` bit(1) DEFAULT b'0',
  `listSort` int(11) DEFAULT '0',
  `VERSION` int(11) DEFAULT '0',
  `createBy` varchar(32) DEFAULT '',
  `createTime` datetime DEFAULT NULL,
  `effTime` datetime DEFAULT NULL,
  `expTime` datetime DEFAULT NULL,
  `state` varchar(3) DEFAULT 'F0A',
  `stateTime` datetime DEFAULT NULL,
  PRIMARY KEY (`templateId`),
  KEY `FK_35v6fermiwiimpjb59e5bf1pf` (`providerId`),
  CONSTRAINT `FK_35v6fermiwiimpjb59e5bf1pf` FOREIGN KEY (`providerId`) REFERENCES `sms_provider` (`providerId`)
) ENGINE=InnoDB DEFAULT CHARSET=utf8;
/*!40101 SET character_set_client = @saved_cs_client */;

--
-- Dumping data for table `sms_template`
--

LOCK TABLES `sms_template` WRITE;
/*!40000 ALTER TABLE `sms_template` DISABLE KEYS */;
INSERT INTO `sms_template` VALUES ('00000000573fe3350157404e77550019','CUSTOM','${customMessage}','custom.message','自定义消息','21','\0',0,0,'system','2017-06-23 11:28:37','2017-06-23 11:28:37','2114-12-31 23:59:59','FOA','2017-06-23 11:28:37');
INSERT INTO `sms_template` VALUES ('0000000057407bb10157407da11c0008','CUSTOM','${customMessage}','custom.message','自定义消息','21','\0',0,0,'system','2017-06-23 11:28:37','2017-06-23 11:28:37','2114-12-31 23:59:59','FOX','2017-06-23 11:28:37');
INSERT INTO `sms_template` VALUES ('00000000576b0a3201576f5d5ee40028','REGISTERMEMBER','尊敬的${phone}：您投资的${productName}，金额${orderAmount}元，订单已支付成功。','order.pay.success','支付成功','21','\0',0,0,'system','2017-06-23 11:28:37','2017-06-23 11:28:37','2114-12-31 23:59:59','F0A','2017-06-23 11:28:37');
INSERT INTO `sms_template` VALUES ('100','REGISTERMEMBER','${customMessage}','custom.message','自定义消息','6','\0',0,0,'system','2017-06-23 11:28:37','2017-06-23 11:28:37','2114-12-31 23:59:59','FOA','2017-06-23 11:28:37');
INSERT INTO `sms_template` VALUES ('101','LOANER','尊敬的${phone}：您的借款项目${productName}已经放款，放款金额${loanAmount}元，资金将于2个工作日内到账，请及时查看您的绑定账户。','loan.notice','放款通知（财务点击放款）','21','\0',0,0,'system','2017-06-23 11:28:37','2017-06-23 11:28:37','2114-12-31 23:59:59','F0A','2017-06-23 11:28:37');
INSERT INTO `sms_template` VALUES ('102','INVESTER','尊敬的${phone}：您投资的${productName}本期本息收益${interest}元2个工作日内划转到您的绑定账户，请登录平台账户查看。','bid.income.account.notice','投标收益到账通知','6','\0',0,0,'system','2017-06-23 11:28:37','2017-06-23 11:28:37','2114-12-31 23:59:59','F0A','2017-06-23 11:28:37');
INSERT INTO `sms_template` VALUES ('103','INVESTER','尊敬的${phone}：您投资的${productName}，金额${orderAmount}元，订单已生成，请在${payBeforeTime}前完成支付，超时将取消本次投资。','order.success.paying','下单成功支付中','21','\0',0,0,'system','2017-06-23 11:28:37','2017-06-23 11:28:37','2114-12-31 23:59:59','F0A','2017-06-23 11:28:37');
INSERT INTO `sms_template` VALUES ('104','REGISTERMEMBER','尊敬的${phone}：您投资的${productName}，订单金额${orderAmount}元，实际支付金额${payAmount}元，已完成支付。','order.pay.success','支付成功','21','\0',0,0,'system','2017-06-23 11:28:37','2017-06-23 11:28:37','2114-12-31 23:59:59','F0A','2017-06-23 11:28:37');
INSERT INTO `sms_template` VALUES ('105','CURRENTOPRATION','尊敬的${phone}：您正在向平台提出申请变更用户资料，如非本人发起，请拨打全国客服热线400-969-6006。','modify.member.information','修改用户资料','21','\0',0,0,'system','2017-06-23 11:28:37','2017-06-23 11:28:37','2114-12-31 23:59:59','F0A','2017-06-23 11:28:37');
INSERT INTO `sms_template` VALUES ('106','INVESTER','尊敬的${phone}：您投资的${productName}，金额${orderAmount}元，订单已生成，请尽快完成支付。','order.success.paying','下单成功支付中','6','\0',0,0,'system','2017-06-23 11:28:37','2017-06-23 11:28:37','2114-12-31 23:59:59','F0A','2017-06-23 11:28:37');
INSERT INTO `sms_template` VALUES ('107','INVESTER','尊敬的${phone}：您投资的${productName}资金募集未成功，${orderAmount}元将会在2个工作日内返还到您的绑定账户。给您带来的投资不便，我们非常抱歉！','flow.order.notice','流标通知','21','\0',0,0,'system','2017-06-23 11:28:37','2017-06-23 11:28:37','2114-12-31 23:59:59','F0A','2017-06-23 11:28:37');
INSERT INTO `sms_template` VALUES ('108','INVESTER','尊敬的${phone}：您投资的${productName}，金额${orderAmount}元，订单已支付成功，请登陆平台账户查看订单详情。','order.pay.success','支付成功','6','\0',0,0,'system','2017-06-23 11:28:37','2017-06-23 11:28:37','2114-12-31 23:59:59','F0A','2017-06-23 11:28:37');
INSERT INTO `sms_template` VALUES ('109','INVESTER','尊敬的${phone}：您投资的${productName}已经退款，退款金额${refundAmount}元，请登录平台账户查看。','refund.notice','退款通知','21','\0',0,0,'system','2017-06-23 11:28:37','2017-06-23 11:28:37','2114-12-31 23:59:59','F0A','2017-06-23 11:28:37');
INSERT INTO `sms_template` VALUES ('110','INVESTER','尊敬的${phone}：您投资的${productName}已经退款，退款金额${refundAmount}元，请耐心等待银行划款，及时登录平台账户查看。','refund.notice','退款通知','6','\0',0,0,'system','2017-06-23 11:28:37','2017-06-23 11:28:37','2114-12-31 23:59:59','F0A','2017-06-23 11:28:37');
INSERT INTO `sms_template` VALUES ('111','ALLMEMBER','尊敬的${phone}：今天是${festival}，感谢您对${siteTitle}平台的大力支持，${siteTitle}全体员工祝您${festival}快乐！','bless.feastival','节日','21','\0',0,0,'system','2017-06-23 11:28:37','2017-06-23 11:28:37','2114-12-31 23:59:59','F0A','2017-06-23 11:28:37');
INSERT INTO `sms_template` VALUES ('112','INVESTER','尊敬的${phone}：您投资的${productName}，金额${orderAmount}元，订单因异常情况取消。给您带来的投资不便，我们非常抱歉！','order.pay.cancel','订单取消（订单未支付）','6','\0',0,0,'system','2017-06-23 11:28:37','2017-06-23 11:28:37','2114-12-31 23:59:59','F0A','2017-06-23 11:28:37');
INSERT INTO `sms_template` VALUES ('114','CURRENTOPRATION','尊敬的${phone}：您正在重置帐号密码，验证码为${mCheckCode}，请在${mCheckCodeLifeTime}分钟内进行验证。如非本人发起，请拨打全国客服热线400-969-6006。','reset.pwd.send.mCheckCode','重置密码发送验证码','21','\0',0,0,'system','2017-06-23 11:28:37','2017-06-23 11:28:37','2114-12-31 23:59:59','F0A','2017-06-23 11:28:37');
INSERT INTO `sms_template` VALUES ('115','INVESTER','尊敬的${phone}：您投资的${productName}本期本息收益${interest}元2个工作日内划转到您的绑定账户。','bid.income.account.notice','投标收益到账通知','21','\0',0,0,'system','2017-06-23 11:28:37','2017-06-23 11:28:37','2114-12-31 23:59:59','F0A','2017-06-23 11:28:37');
INSERT INTO `sms_template` VALUES ('116','REGISTERMEMBER','平台将于${tenderStart}发布${period}新标！年化收益率${rate}%，总额度${borrowingBalance}万元。官方微信、微博同步更新，敬请关注。','before.newTender.onLine.notice','新标上线公告前','21','',0,0,'system','2017-06-23 11:28:37','2017-06-23 11:28:37','2114-12-31 23:59:59','F0A','2017-06-23 11:28:37');
INSERT INTO `sms_template` VALUES ('117','LOANER','尊敬的${phone}：您的借款项目${productName}已经放款，放款金额${loanAmount}元，资金将于2个工作日内到账，请及时查看您的绑定账户。','loan.notice','放款通知（财务点击放款）','6','\0',0,0,'system','2017-06-23 11:28:37','2017-06-23 11:28:37','2114-12-31 23:59:59','F0A','2017-06-23 11:28:37');
INSERT INTO `sms_template` VALUES ('118','REGISTERMEMBER','尊敬的${phone}：今天是您的生日，感谢您对${siteTitle}平台的关注和大力支持，${siteTitle}全体员工祝您生日快乐！','member.birthday','用户生日','21','\0',0,0,'system','2017-06-23 11:28:37','2017-06-23 11:28:37','2114-12-31 23:59:59','F0A','2017-06-23 11:28:37');
INSERT INTO `sms_template` VALUES ('120','LOANER','尊敬的${phone}：您的借款项目${productName}本期还款金额${repayTotal}元，已还款成功，请登录平台账户查看。','repayment.sure.notice','还款确认通知','21','\0',0,0,'system','2017-06-23 11:28:37','2017-06-23 11:28:37','2114-12-31 23:59:59','F0A','2017-06-23 11:28:37');
INSERT INTO `sms_template` VALUES ('121','LOANER','尊敬的${phone}：您的借款项目${productName}逾期未还款，工作人员将会于近期与您取得联系。','overdue.repayment.notice','逾期未还款通知','21','\0',0,0,'system','2017-06-23 11:28:37','2017-06-23 11:28:37','2114-12-31 23:59:59','F0A','2017-06-23 11:28:37');
INSERT INTO `sms_template` VALUES ('122','LOANER','尊敬的${phone}：您的借款项目${productName}本期还款日为${repayDay}，还款金额${repayTotal}元，请于${dayLeft}日内在还款账户存入足量资金后登陆平台进行还款确认。','repayment.reminder','还款提醒','6','\0',0,0,'system','2017-06-23 11:28:37','2017-06-23 11:28:37','2114-12-31 23:59:59','F0A','2017-06-23 11:28:37');
INSERT INTO `sms_template` VALUES ('123','LOANER','尊敬的${phone}：您的借款项目${productName}逾期未还款，工作人员将会于近期与您取得联系。','overdue.repayment.notice','逾期未还款通知','6','\0',0,0,'system','2017-06-23 11:28:37','2017-06-23 11:28:37','2114-12-31 23:59:59','F0A','2017-06-23 11:28:37');
INSERT INTO `sms_template` VALUES ('124','INVESTER','尊敬的${phone}：您投资的${productName}，金额${orderAmount}元，订单因异常情况取消。给您带来的投资不便，我们非常抱歉！','order.pay.cancel','订单取消（订单未支付）','21','\0',0,0,'system','2017-06-23 11:28:37','2017-06-23 11:28:37','2114-12-31 23:59:59','F0A','2017-06-23 11:28:37');
INSERT INTO `sms_template` VALUES ('125','REGISTERMEMBER','感谢您注册${siteTitle}！验证码为${mCheckCode}，请在${mCheckCodeLifeTime}分钟内进行验证。如非本人发起，请拨打全国客服热线400-969-6006。','before.register.send.mCheckCode','注册前发送短信验证码','21','\0',0,0,'system','2017-06-23 11:28:37','2017-06-23 11:28:37','2114-12-31 23:59:59','F0A','2017-06-23 11:28:37');
INSERT INTO `sms_template` VALUES ('126','LOANER','尊敬的${phone}：您的借款项目${productName}本期还款金额${repayTotal}元，已还款成功，请登录平台账户查看。','repayment.sure.notice','还款确认通知','6','\0',0,0,'system','2017-06-23 11:28:37','2017-06-23 11:28:37','2114-12-31 23:59:59','F0A','2017-06-23 11:28:37');
INSERT INTO `sms_template` VALUES ('127','LOANER','尊敬的${phone}：您的借款项目${productName}本期还款日期为${repayDay}还款金额为${repayTotal}元，请于${dayLeft}日内在还款账户存入足量资金，并在平台进行还款确认。','repayment.reminder','还款提醒','21','\0',0,0,'system','2017-06-23 11:28:37','2017-06-23 11:28:37','2114-12-31 23:59:59','F0A','2017-06-23 11:28:37');
INSERT INTO `sms_template` VALUES ('128','INVESTER','尊敬的${phone}：您投资的${productName}资金募集未成功，${orderAmount}元将会在2个工作日内返还到您的绑定账户。给您带来的投资不便，我们非常抱歉！','flow.order.notice','流标通知','6','\0',0,0,'system','2017-06-23 11:28:37','2017-06-23 11:28:37','2114-12-31 23:59:59','F0A','2017-06-23 11:28:37');
INSERT INTO `sms_template` VALUES ('129','REGISTERMEMBER','平台将于${tenderStart}发布${period}新标！年化收益率${rate}%，总额度${borrowingBalance}万元。官方微信、微博同步更新，敬请关注。','before.newTender.onLine.notice','新标上线公告前','6','',0,0,'system','2017-06-23 11:28:37','2017-06-23 11:28:37','2114-12-31 23:59:59','F0A','2017-06-23 11:28:37');
INSERT INTO `sms_template` VALUES ('130','CURRENTOPRATION','尊敬的${phone}：您申请的资料变更已成功受理，请登录平台账户查看。 ','modify.member.information.success','修改用户资料成功','6','\0',0,0,'system','2017-06-23 11:28:37','2017-06-23 11:28:37','2114-12-31 23:59:59','F0A','2017-06-23 11:28:37');
INSERT INTO `sms_template` VALUES ('13000000576b0a3201576f5d5ee40028','REGISTERMEMBER','尊敬的${phone}：您投资的${productName}，金额${orderAmount}元，订单已支付成功。','order.pay.success','支付成功','130','\0',0,0,'system','2017-06-23 11:28:37','2017-06-23 11:28:37','2114-12-31 23:59:59','F0A','2017-06-23 11:28:37');
INSERT INTO `sms_template` VALUES ('130101','LOANER','尊敬的${phone}：您的借款项目${productName}已经放款，放款金额${loanAmount}元，资金将于2个工作日内到账，请及时查看您的绑定账户。','loan.notice','放款通知（财务点击放款）','130','\0',0,0,'system','2017-06-23 11:28:37','2017-06-23 11:28:37','2114-12-31 23:59:59','F0A','2017-06-23 11:28:37');
INSERT INTO `sms_template` VALUES ('130103','INVESTER','尊敬的${phone}：您投资的${productName}，金额${orderAmount}元，订单已生成，请在${payBeforeTime}前完成支付，超时将取消本次投资。','order.success.paying','下单成功支付中','130','\0',0,0,'system','2017-06-23 11:28:37','2017-06-23 11:28:37','2114-12-31 23:59:59','F0A','2017-06-23 11:28:37');
INSERT INTO `sms_template` VALUES ('130104','REGISTERMEMBER','尊敬的${phone}：您投资的${productName}，金额${orderAmount}元，订单已支付成功。','order.pay.success','支付成功','130','\0',0,0,'system','2017-06-23 11:28:37','2017-06-23 11:28:37','2114-12-31 23:59:59','F0A','2017-06-23 11:28:37');
INSERT INTO `sms_template` VALUES ('130105','CURRENTOPRATION','尊敬的${phone}：您正在向平台提出申请变更用户资料，如非本人发起，请拨打全国客服热线400-969-6006。','modify.member.information','修改用户资料','130','\0',0,0,'system','2017-06-23 11:28:37','2017-06-23 11:28:37','2114-12-31 23:59:59','F0A','2017-06-23 11:28:37');
INSERT INTO `sms_template` VALUES ('130107','INVESTER','尊敬的${phone}：您投资的${productName}资金募集未成功，${orderAmount}元将会在2个工作日内返还到您的绑定账户。给您带来的投资不便，我们非常抱歉！','flow.order.notice','流标通知','130','\0',0,0,'system','2017-06-23 11:28:37','2017-06-23 11:28:37','2114-12-31 23:59:59','F0A','2017-06-23 11:28:37');
INSERT INTO `sms_template` VALUES ('130109','INVESTER','尊敬的${phone}：您投资的${productName}已经退款，退款金额${refundAmount}元，请登录平台账户查看。','refund.notice','退款通知','130','\0',0,0,'system','2017-06-23 11:28:37','2017-06-23 11:28:37','2114-12-31 23:59:59','F0A','2017-06-23 11:28:37');
INSERT INTO `sms_template` VALUES ('130111','ALLMEMBER','尊敬的${phone}：今天是${festival}，感谢您对${siteTitle}平台的大力支持，${siteTitle}全体员工祝您${festival}快乐！','bless.feastival','节日','130','\0',0,0,'system','2017-06-23 11:28:37','2017-06-23 11:28:37','2114-12-31 23:59:59','F0A','2017-06-23 11:28:37');
INSERT INTO `sms_template` VALUES ('130114','CURRENTOPRATION','尊敬的${phone}：您正在重置帐号密码，验证码为${mCheckCode}，请在${mCheckCodeLifeTime}分钟内进行验证。如非本人发起，请拨打全国客服热线400-969-6006。','reset.pwd.send.mCheckCode','重置密码发送验证码','130','\0',0,0,'system','2017-06-23 11:28:37','2017-06-23 11:28:37','2114-12-31 23:59:59','F0A','2017-06-23 11:28:37');
INSERT INTO `sms_template` VALUES ('130115','INVESTER','尊敬的${phone}：您投资的${productName}本期本息收益${interest}元2个工作日内划转到您的绑定账户。','bid.income.account.notice','投标收益到账通知','130','\0',0,0,'system','2017-06-23 11:28:37','2017-06-23 11:28:37','2114-12-31 23:59:59','F0A','2017-06-23 11:28:37');
INSERT INTO `sms_template` VALUES ('130116','REGISTERMEMBER','平台将于${tenderStart}发布${period}新标！年化收益率${rate}%，总额度${borrowingBalance}万元。官方微信、微博同步更新，敬请关注。','before.newTender.onLine.notice','新标上线公告前','130','',0,0,'system','2017-06-23 11:28:37','2017-06-23 11:28:37','2114-12-31 23:59:59','F0A','2017-06-23 11:28:37');
INSERT INTO `sms_template` VALUES ('130118','REGISTERMEMBER','尊敬的${phone}：今天是您的生日，感谢您对${siteTitle}平台的关注和大力支持，${siteTitle}全体员工祝您生日快乐！','member.birthday','用户生日','130','\0',0,0,'system','2017-06-23 11:28:37','2017-06-23 11:28:37','2114-12-31 23:59:59','F0A','2017-06-23 11:28:37');
INSERT INTO `sms_template` VALUES ('130120','LOANER','尊敬的${phone}：您的借款项目${productName}本期还款金额${repayTotal}元，已还款成功，请登录平台账户查看。','repayment.sure.notice','还款确认通知','130','\0',0,0,'system','2017-06-23 11:28:37','2017-06-23 11:28:37','2114-12-31 23:59:59','F0A','2017-06-23 11:28:37');
INSERT INTO `sms_template` VALUES ('130121','LOANER','尊敬的${phone}：您的借款项目${productName}逾期未还款，工作人员将会于近期与您取得联系。','overdue.repayment.notice','逾期未还款通知','130','\0',0,0,'system','2017-06-23 11:28:37','2017-06-23 11:28:37','2114-12-31 23:59:59','F0A','2017-06-23 11:28:37');
INSERT INTO `sms_template` VALUES ('130124','INVESTER','尊敬的${phone}：您投资的${productName}，金额${orderAmount}元，订单因异常情况取消。给您带来的投资不便，我们非常抱歉！','order.pay.cancel','订单取消（订单未支付）','130','\0',0,0,'system','2017-06-23 11:28:37','2017-06-23 11:28:37','2114-12-31 23:59:59','F0A','2017-06-23 11:28:37');
INSERT INTO `sms_template` VALUES ('130125','REGISTERMEMBER','感谢您注册${siteTitle}！验证码为${mCheckCode}，请在${mCheckCodeLifeTime}分钟内进行验证。如非本人发起，请拨打全国客服热线400-969-6006。','before.register.send.mCheckCode','注册前发送短信验证码','130','\0',0,0,'system','2017-06-23 11:28:37','2017-06-23 11:28:37','2114-12-31 23:59:59','F0A','2017-06-23 11:28:37');
INSERT INTO `sms_template` VALUES ('130127','LOANER','尊敬的${phone}：您的借款项目${productName}本期还款日期为${repayDay}还款金额为${repayTotal}元，请于${dayLeft}日内在还款账户存入足量资金，并在平台进行还款确认。','repayment.reminder','还款提醒','130','\0',0,0,'system','2017-06-23 11:28:37','2017-06-23 11:28:37','2114-12-31 23:59:59','F0A','2017-06-23 11:28:37');
INSERT INTO `sms_template` VALUES ('130131','CURRENTOPRATION','尊敬的${phone}：验证码为${mCheckCode}，您正在向平台提出申请变更登陆手机号，${mCheckCodeLifeTime}分钟内有效。','reset.platPhone.send.mCheckCode','更新手机发送验证码','130','\0',0,0,'system','2017-06-23 11:28:37','2017-06-23 11:28:37','2114-12-31 23:59:59','F0A','2017-06-23 11:28:37');
INSERT INTO `sms_template` VALUES ('130132','REGISTERMEMBER','您有一张${couponItem}已到账，到期时间为：${limitDate}。请尽快登录查看，避免过期造成遗憾。','send.coupon.success','发放优惠券成功','130','',0,0,'system','2017-06-23 11:28:37','2017-06-23 11:28:37','2114-12-31 23:59:59','F0A','2017-06-23 11:28:37');
INSERT INTO `sms_template` VALUES ('130134','REGISTERMEMBER','您有一张优惠券即将到期失效，请登录账户查看，避免过期造成遗憾。','before.abandoned.coupon.notice','即将过期优惠券','130','',0,0,'system','2017-06-23 11:28:37','2017-06-23 11:28:37','2114-12-31 23:59:59','F0A','2017-06-23 11:28:37');
INSERT INTO `sms_template` VALUES ('131','CURRENTOPRATION','尊敬的${phone}：验证码为${mCheckCode}，您正在向平台提出申请变更登陆手机号，${mCheckCodeLifeTime}分钟内有效。','reset.platPhone.send.mCheckCode','更新手机发送验证码','21','\0',0,0,'system','2017-06-23 11:28:37','2017-06-23 11:28:37','2114-12-31 23:59:59','F0A','2017-06-23 11:28:37');
INSERT INTO `sms_template` VALUES ('132','REGISTERMEMBER','您有一张${couponItem}已到账，到期时间为：${limitDate}。请尽快登录查看，避免过期造成遗憾。','send.coupon.success','发放优惠券成功','21','',0,0,'system','2017-06-23 11:28:37','2017-06-23 11:28:37','2114-12-31 23:59:59','F0A','2017-06-23 11:28:37');
INSERT INTO `sms_template` VALUES ('133','REGISTERMEMBER','您有一张${couponItem}已到账，到期时间为：${limitDate}。请尽快登录查看，避免过期造成遗憾。','send.coupon.success','发放优惠券成功','6','',0,0,'system','2017-06-23 11:28:37','2017-06-23 11:28:37','2114-12-31 23:59:59','F0A','2017-06-23 11:28:37');
INSERT INTO `sms_template` VALUES ('134','REGISTERMEMBER','您有一张优惠券即将到期失效，请登录账户查看，避免过期造成遗憾。','before.abandoned.coupon.notice','即将过期优惠券','21','',0,0,'system','2017-06-23 11:28:37','2017-06-23 11:28:37','2114-12-31 23:59:59','F0A','2017-06-23 11:28:37');
INSERT INTO `sms_template` VALUES ('135','REGISTERMEMBER','您有一张优惠券即将到期失效，请登录账户查看，避免过期造成遗憾。','before.abandoned.coupon.notice','即将过期优惠券','6','',0,0,'system','2017-06-23 11:28:37','2017-06-23 11:28:37','2114-12-31 23:59:59','F0A','2017-06-23 11:28:37');
INSERT INTO `sms_template` VALUES ('150','REGISTERMEMBER','恭喜您已注册成功！欢迎您登录${siteTitle}官发送短信','register.success','注册成功','6','',0,0,'system','2017-06-23 11:28:37','2017-06-23 11:28:37','2114-12-31 23:59:59','F0A','2017-06-23 11:28:37');
INSERT INTO `sms_template` VALUES ('200','INVESTER','尊敬的${realCd}：您智能投资的${productName}，金额${orderAmount}元，下单成功。','order.autoBid','自动投标下单成功','21','',0,0,'system','2017-06-23 11:28:37','2017-06-23 11:28:37','2114-12-31 23:59:59','F0A','2017-06-23 11:28:37');
INSERT INTO `sms_template` VALUES ('201','INVESTER','尊敬的${realCd}：您智能投资的${productName}，订单金额${orderAmount}元，已完成支付。','order.aotoBid.pay.success','自动投标支付成功','21','',0,0,'system','2017-06-23 11:28:37','2017-06-23 11:28:37','2114-12-31 23:59:59','F0A','2017-06-23 11:28:37');
INSERT INTO `sms_template` VALUES ('ff8080815ba9060e015ba909bbb20001','REGISTERMEMBER','${customMessage}','custom.message','自定义消息','130','\0',0,0,'system','2017-06-23 11:28:37','2017-06-23 11:28:37','2114-12-31 23:59:59','FOA','2017-06-23 11:28:37');
/*!40000 ALTER TABLE `sms_template` ENABLE KEYS */;
UNLOCK TABLES;

--
-- Table structure for table `sys_app`
--

DROP TABLE IF EXISTS `sys_app`;
/*!40101 SET @saved_cs_client     = @@character_set_client */;
/*!40101 SET character_set_client = utf8 */;
CREATE TABLE `sys_app` (
  `appId` varchar(32) NOT NULL,
  `createBy` varchar(32) DEFAULT NULL,
  `createTime` datetime DEFAULT NULL,
  `version` int(11) DEFAULT NULL,
  `effTime` datetime NOT NULL,
  `expTime` datetime NOT NULL,
  `listSort` int(11) NOT NULL,
  `state` varchar(3) NOT NULL,
  `stateTime` datetime NOT NULL,
  `appCd` varchar(64) NOT NULL,
  `appDesc` varchar(255) DEFAULT NULL,
  `appNm` varchar(128) DEFAULT NULL,
  `context` varchar(64) DEFAULT NULL,
  `host` varchar(64) DEFAULT NULL,
  `isBusiness` int(11) DEFAULT NULL,
  `port` varchar(8) DEFAULT NULL,
  PRIMARY KEY (`appId`),
  UNIQUE KEY `UK_1c7wccttpan5yo0d9rjlpx0i9` (`appCd`)
) ENGINE=InnoDB DEFAULT CHARSET=utf8;
/*!40101 SET character_set_client = @saved_cs_client */;

--
-- Dumping data for table `sys_app`
--

LOCK TABLES `sys_app` WRITE;
/*!40000 ALTER TABLE `sys_app` DISABLE KEYS */;
INSERT INTO `sys_app` VALUES ('0000000057f5e8d30157f5e8e959000e','system','2016-10-24 16:57:44',2437,'2016-10-24 16:57:44','2200-12-31 23:59:59',1,'F0A','2018-11-04 12:31:33','p2p','网贷交流平台','网贷系统','/fortunet-manager','127.0.0.1',1,'8280');
/*!40000 ALTER TABLE `sys_app` ENABLE KEYS */;
UNLOCK TABLES;

--
-- Table structure for table `sys_permission`
--

DROP TABLE IF EXISTS `sys_permission`;
/*!40101 SET @saved_cs_client     = @@character_set_client */;
/*!40101 SET character_set_client = utf8 */;
CREATE TABLE `sys_permission` (
  `permissionType` varchar(31) NOT NULL,
  `permissionId` varchar(32) NOT NULL,
  `createBy` varchar(32) DEFAULT NULL,
  `createTime` datetime DEFAULT NULL,
  `version` int(11) DEFAULT NULL,
  `effTime` datetime NOT NULL,
  `expTime` datetime NOT NULL,
  `listSort` int(11) NOT NULL,
  `state` varchar(3) NOT NULL,
  `stateTime` datetime NOT NULL,
  `resourceId` varchar(32) NOT NULL,
  `roleId` varchar(32) DEFAULT NULL,
  `userId` varchar(32) DEFAULT NULL,
  PRIMARY KEY (`permissionId`),
  KEY `FK_baua2ppa43byt7awahdmmgjhi` (`resourceId`),
  KEY `FK_138lsekqitrfag56koop09sgn` (`roleId`),
  KEY `FK_fti9mei0ory6vp33govlvbnad` (`userId`),
  CONSTRAINT `FK_138lsekqitrfag56koop09sgn` FOREIGN KEY (`roleId`) REFERENCES `sys_role` (`roleId`),
  CONSTRAINT `FK_baua2ppa43byt7awahdmmgjhi` FOREIGN KEY (`resourceId`) REFERENCES `sys_resource` (`resourceId`),
  CONSTRAINT `FK_fti9mei0ory6vp33govlvbnad` FOREIGN KEY (`userId`) REFERENCES `sys_user` (`userId`)
) ENGINE=InnoDB DEFAULT CHARSET=utf8;
/*!40101 SET character_set_client = @saved_cs_client */;

--
-- Dumping data for table `sys_permission`
--

LOCK TABLES `sys_permission` WRITE;
/*!40000 ALTER TABLE `sys_permission` DISABLE KEYS */;
/*!40000 ALTER TABLE `sys_permission` ENABLE KEYS */;
UNLOCK TABLES;

--
-- Table structure for table `sys_resource`
--

DROP TABLE IF EXISTS `sys_resource`;
/*!40101 SET @saved_cs_client     = @@character_set_client */;
/*!40101 SET character_set_client = utf8 */;
CREATE TABLE `sys_resource` (
  `resourceType` varchar(31) NOT NULL,
  `resourceId` varchar(32) NOT NULL,
  `createBy` varchar(32) DEFAULT NULL,
  `createTime` datetime DEFAULT NULL,
  `version` int(11) DEFAULT NULL,
  `effTime` datetime NOT NULL,
  `expTime` datetime NOT NULL,
  `listSort` int(11) NOT NULL,
  `state` varchar(3) NOT NULL,
  `stateTime` datetime NOT NULL,
  `appCd` varchar(64) NOT NULL,
  `resourceCd` varchar(128) DEFAULT NULL,
  `resourceLevel` int(11) DEFAULT NULL,
  `resourceNm` varchar(128) DEFAULT NULL,
  `resourceLink` varchar(255) DEFAULT NULL,
  `target` varchar(64) DEFAULT NULL,
  `bigIcon` varchar(255) DEFAULT NULL,
  `smallIcon` varchar(255) DEFAULT NULL,
  `appId` varchar(32) DEFAULT NULL,
  `resourcePid` varchar(32) DEFAULT NULL,
  PRIMARY KEY (`resourceId`),
  UNIQUE KEY `UK_sk5t406qm2r8uq24353lrl5v7` (`resourceCd`),
  KEY `FK_41t9yxbo0djsjqboe335ay7m0` (`appId`),
  KEY `FK_femkvjqj7datqkvg3grp1nrmq` (`resourcePid`),
  CONSTRAINT `FK_41t9yxbo0djsjqboe335ay7m0` FOREIGN KEY (`appId`) REFERENCES `sys_app` (`appId`)
) ENGINE=InnoDB DEFAULT CHARSET=utf8;
/*!40101 SET character_set_client = @saved_cs_client */;

--
-- Dumping data for table `sys_resource`
--

LOCK TABLES `sys_resource` WRITE;
/*!40000 ALTER TABLE `sys_resource` DISABLE KEYS */;
INSERT INTO `sys_resource` VALUES ('Menu','4028218166da2a890166da2aaef50000','system','2018-11-03 23:22:02',1,'2018-11-03 23:22:02','2200-12-31 23:59:59',60000,'F0A','2018-11-04 12:31:33','p2p','p2p.system',1,'系统管理','',NULL,'','','0000000057f5e8d30157f5e8e959000e',NULL);
INSERT INTO `sys_resource` VALUES ('Menu','4028218166da2a890166da2aaf160001','system','2018-11-03 23:22:02',1,'2018-11-03 23:22:02','2200-12-31 23:59:59',50000,'F0A','2018-11-04 12:31:33','p2p','p2p.cms',1,'内容管理','',NULL,'','','0000000057f5e8d30157f5e8e959000e',NULL);
INSERT INTO `sys_resource` VALUES ('Menu','4028218166da2a890166da2aaf230002','system','2018-11-03 23:22:02',1,'2018-11-03 23:22:02','2200-12-31 23:59:59',10000,'F0A','2018-11-04 12:31:33','p2p','p2p.product',1,'项目管理','/test.html',NULL,'','','0000000057f5e8d30157f5e8e959000e',NULL);
INSERT INTO `sys_resource` VALUES ('Menu','4028218166da2a890166da2aaf2a0003','system','2018-11-03 23:22:02',1,'2018-11-03 23:22:02','2200-12-31 23:59:59',10400,'F0A','2018-11-04 12:31:33','p2p','p2p.product.oldsystem',2,'老系统管理','',NULL,'','','0000000057f5e8d30157f5e8e959000e','4028218166da2a890166da2aaf230002');
INSERT INTO `sys_resource` VALUES ('Menu','4028218166da2a890166da2aaf2f0004','system','2018-11-03 23:22:02',1,'2018-11-03 23:22:02','2200-12-31 23:59:59',40000,'F0A','2018-11-04 12:31:33','p2p','p2p.market',1,'营销管理','',NULL,'','','0000000057f5e8d30157f5e8e959000e',NULL);
INSERT INTO `sys_resource` VALUES ('Menu','4028218166da2a890166da2aaf350005','system','2018-11-03 23:22:02',1,'2018-11-03 23:22:02','2200-12-31 23:59:59',40200,'F0A','2018-11-04 12:31:33','p2p','p2p.market.red',2,'优惠券管理','',NULL,'','','0000000057f5e8d30157f5e8e959000e','4028218166da2a890166da2aaf2f0004');
INSERT INTO `sys_resource` VALUES ('Menu','4028218166da2a890166da2aaf3b0006','system','2018-11-03 23:22:02',1,'2018-11-03 23:22:02','2200-12-31 23:59:59',40400,'F0A','2018-11-04 12:31:33','p2p','p2p.market.sms',2,'信息营销','',NULL,'','','0000000057f5e8d30157f5e8e959000e','4028218166da2a890166da2aaf2f0004');
INSERT INTO `sys_resource` VALUES ('Menu','4028218166da2a890166da2aaf420007','system','2018-11-03 23:22:02',1,'2018-11-03 23:22:02','2200-12-31 23:59:59',10200,'F0A','2018-11-04 12:31:33','p2p','p2p.product.credit',2,'债权转让','',NULL,'','','0000000057f5e8d30157f5e8e959000e','4028218166da2a890166da2aaf230002');
INSERT INTO `sys_resource` VALUES ('Menu','4028218166da2a890166da2aaf470008','system','2018-11-03 23:22:02',1,'2018-11-03 23:22:02','2200-12-31 23:59:59',40100,'F0A','2018-11-04 12:31:33','p2p','p2p.market.ad',2,'广告管理','',NULL,'','','0000000057f5e8d30157f5e8e959000e','4028218166da2a890166da2aaf2f0004');
INSERT INTO `sys_resource` VALUES ('Menu','4028218166da2a890166da2aaf4c0009','system','2018-11-03 23:22:02',1,'2018-11-03 23:22:02','2200-12-31 23:59:59',10100,'F0A','2018-11-04 12:31:33','p2p','p2p.product.manager',2,'项目管理','',NULL,'','','0000000057f5e8d30157f5e8e959000e','4028218166da2a890166da2aaf230002');
INSERT INTO `sys_resource` VALUES ('Menu','4028218166da2a890166da2aaf51000a','system','2018-11-03 23:22:02',1,'2018-11-03 23:22:02','2200-12-31 23:59:59',30000,'F0A','2018-11-04 12:31:33','p2p','p2p.customer',1,'客户管理','',NULL,'','','0000000057f5e8d30157f5e8e959000e',NULL);
INSERT INTO `sys_resource` VALUES ('Menu','4028218166da2a890166da2aaf57000b','system','2018-11-03 23:22:02',1,'2018-11-03 23:22:02','2200-12-31 23:59:59',40300,'F0A','2018-11-04 12:31:33','p2p','p2p.market.broker',2,'推广人管理','',NULL,'','','0000000057f5e8d30157f5e8e959000e','4028218166da2a890166da2aaf2f0004');
INSERT INTO `sys_resource` VALUES ('Menu','4028218166da2a890166da2aaf5d000c','system','2018-11-03 23:22:02',1,'2018-11-03 23:22:02','2200-12-31 23:59:59',50100,'F0A','2018-11-04 12:31:33','p2p','p2p.cms.manager',2,'内容管理','',NULL,'','','0000000057f5e8d30157f5e8e959000e','4028218166da2a890166da2aaf160001');
INSERT INTO `sys_resource` VALUES ('Menu','4028218166da2a890166da2aaf62000d','system','2018-11-03 23:22:02',1,'2018-11-03 23:22:02','2200-12-31 23:59:59',60100,'F0A','2018-11-04 12:31:33','p2p','p2p.system.profile',2,'系统管理','',NULL,'','','0000000057f5e8d30157f5e8e959000e','4028218166da2a890166da2aaef50000');
INSERT INTO `sys_resource` VALUES ('Menu','4028218166da2a890166da2aaf66000e','system','2018-11-03 23:22:02',1,'2018-11-03 23:22:02','2200-12-31 23:59:59',20000,'F0A','2018-11-04 12:31:33','p2p','p2p.bankroll',1,'资金管理','',NULL,'','','0000000057f5e8d30157f5e8e959000e',NULL);
INSERT INTO `sys_resource` VALUES ('Menu','4028218166da2a890166da2aaf6d000f','system','2018-11-03 23:22:02',1,'2018-11-03 23:22:02','2200-12-31 23:59:59',30100,'F0A','2018-11-04 12:31:33','p2p','p2p.customer.manager',2,'客户管理','',NULL,'','','0000000057f5e8d30157f5e8e959000e','4028218166da2a890166da2aaf51000a');
INSERT INTO `sys_resource` VALUES ('Menu','4028218166da2a890166da2aaf730010','system','2018-11-03 23:22:02',1,'2018-11-03 23:22:02','2200-12-31 23:59:59',0,'F0A','2018-11-04 12:31:33','p2p','p2p.member.borrowerCardList',3,'借款卡管理','/borrowerCard.html',NULL,'','','0000000057f5e8d30157f5e8e959000e','4028218166da2a890166da2aaf6d000f');
INSERT INTO `sys_resource` VALUES ('Menu','4028218166da2a890166da2aaf7a0011','system','2018-11-03 23:22:02',1,'2018-11-03 23:22:02','2200-12-31 23:59:59',10105,'F0A','2018-11-04 12:31:34','p2p','p2p.product.manager.productApplication',3,'项目申请','/product-application.html',NULL,'','','0000000057f5e8d30157f5e8e959000e','4028218166da2a890166da2aaf4c0009');
INSERT INTO `sys_resource` VALUES ('Menu','4028218166da2a890166da2aaf850012','system','2018-11-03 23:22:02',1,'2018-11-03 23:22:02','2200-12-31 23:59:59',10135,'F0A','2018-11-04 12:31:34','p2p','p2p.product.manager.select',3,'项目查询','/selectProduct.html',NULL,'','','0000000057f5e8d30157f5e8e959000e','4028218166da2a890166da2aaf4c0009');
INSERT INTO `sys_resource` VALUES ('Menu','4028218166da2a890166da2aaf8e0013','system','2018-11-03 23:22:02',1,'2018-11-03 23:22:03','2200-12-31 23:59:59',10140,'F0A','2018-11-04 12:31:34','p2p','p2p.product.manager.financial',3,'财务处理','/makeLoansList.html',NULL,'','','0000000057f5e8d30157f5e8e959000e','4028218166da2a890166da2aaf4c0009');
INSERT INTO `sys_resource` VALUES ('Function','4028218166da2a890166da2aaf940014','system','2018-11-03 23:22:02',1,'2018-11-03 23:22:03','2200-12-31 23:59:59',1,'F0A','2018-11-04 12:31:34','p2p','p2p.product.manager.productApplication.productDelete1',4,'废弃项目','/productDelete1.html',NULL,NULL,NULL,'0000000057f5e8d30157f5e8e959000e','4028218166da2a890166da2aaf7a0011');
INSERT INTO `sys_resource` VALUES ('Function','4028218166da2a890166da2aaf9a0015','system','2018-11-03 23:22:02',1,'2018-11-03 23:22:03','2200-12-31 23:59:59',1,'F0A','2018-11-04 12:31:34','p2p','p2p.product.manager.productApplication.productSave',4,'新建保存项目','/productSave.html',NULL,NULL,NULL,'0000000057f5e8d30157f5e8e959000e','4028218166da2a890166da2aaf7a0011');
INSERT INTO `sys_resource` VALUES ('Function','4028218166da2a890166da2aafa10016','system','2018-11-03 23:22:02',1,'2018-11-03 23:22:03','2200-12-31 23:59:59',1,'F0A','2018-11-04 12:31:34','p2p','p2p.product.manager.productApplication.productUpdate',4,'修改项目','/productUpdate.html',NULL,NULL,NULL,'0000000057f5e8d30157f5e8e959000e','4028218166da2a890166da2aaf7a0011');
INSERT INTO `sys_resource` VALUES ('Menu','4028218166da2a890166da2aafab0017','system','2018-11-03 23:22:02',1,'2018-11-03 23:22:03','2200-12-31 23:59:59',10115,'F0A','2018-11-04 12:31:34','p2p','p2p.product.manager.readyTender',3,'项目招标','/readyTenderProductList.html',NULL,'','','0000000057f5e8d30157f5e8e959000e','4028218166da2a890166da2aaf4c0009');
INSERT INTO `sys_resource` VALUES ('Menu','4028218166da2a890166da2aafb40018','system','2018-11-03 23:22:02',1,'2018-11-03 23:22:03','2200-12-31 23:59:59',10110,'F0A','2018-11-04 12:31:34','p2p','p2p.product.manager.review',3,'项目审核','/product-review.html',NULL,'','','0000000057f5e8d30157f5e8e959000e','4028218166da2a890166da2aaf4c0009');
INSERT INTO `sys_resource` VALUES ('Menu','4028218166da2a890166da2aafbc0019','system','2018-11-03 23:22:02',1,'2018-11-03 23:22:03','2200-12-31 23:59:59',10125,'F0A','2018-11-04 12:31:34','p2p','p2p.product.fullscale-failed.list',3,'流标处理','/full-scale-failed.html',NULL,'','','0000000057f5e8d30157f5e8e959000e','4028218166da2a890166da2aaf4c0009');
INSERT INTO `sys_resource` VALUES ('Menu','4028218166da2a890166da2aafc3001a','system','2018-11-03 23:22:02',1,'2018-11-03 23:22:03','2200-12-31 23:59:59',10120,'F0A','2018-11-04 12:31:34','p2p','p2p.product.manager.projectList',3,'满标审核','/full-scale.html',NULL,'','','0000000057f5e8d30157f5e8e959000e','4028218166da2a890166da2aaf4c0009');
INSERT INTO `sys_resource` VALUES ('Function','4028218166da2a890166da2aafc9001b','system','2018-11-03 23:22:02',1,'2018-11-03 23:22:03','2200-12-31 23:59:59',1,'F0A','2018-11-04 12:31:34','p2p','p2p.product.fullscale.aduit',4,'满标审核操作','/product-fullscale-audit.html',NULL,NULL,NULL,'0000000057f5e8d30157f5e8e959000e','4028218166da2a890166da2aafc3001a');
INSERT INTO `sys_resource` VALUES ('Function','4028218166da2a890166da2aafd0001c','system','2018-11-03 23:22:02',1,'2018-11-03 23:22:03','2200-12-31 23:59:59',1,'F0A','2018-11-04 12:31:34','p2p','p2p.product.fullscale.back',4,'流标退款处理','/product-fullscale-back.html',NULL,NULL,NULL,'0000000057f5e8d30157f5e8e959000e','4028218166da2a890166da2aafbc0019');
INSERT INTO `sys_resource` VALUES ('Menu','4028218166da2a890166da2aafd7001d','system','2018-11-03 23:22:02',1,'2018-11-03 23:22:03','2200-12-31 23:59:59',60190,'F0A','2018-11-04 12:31:33','p2p','p2p.sysOperationLog.list',3,'日志管理','/system/sysOperationLogList.html',NULL,'','','0000000057f5e8d30157f5e8e959000e','4028218166da2a890166da2aaf62000d');
INSERT INTO `sys_resource` VALUES ('Menu','4028218166da2a890166da2aafe3001e','system','2018-11-03 23:22:02',1,'2018-11-03 23:22:03','2200-12-31 23:59:59',60135,'F0A','2018-11-04 12:31:34','p2p','p2p.permission.user.list',3,'用户管理','/system/user/list.html',NULL,'','','0000000057f5e8d30157f5e8e959000e','4028218166da2a890166da2aaf62000d');
INSERT INTO `sys_resource` VALUES ('Function','4028218166da2a890166da2aafeb001f','system','2018-11-03 23:22:02',1,'2018-11-03 23:22:03','2200-12-31 23:59:59',1,'F0A','2018-11-04 12:31:34','p2p','p2p.permission.user.save',4,'保存编辑或新增用户','/system/user/save.html',NULL,NULL,NULL,'0000000057f5e8d30157f5e8e959000e','4028218166da2a890166da2aafe3001e');
INSERT INTO `sys_resource` VALUES ('Function','4028218166da2a890166da2aaff00020','system','2018-11-03 23:22:02',1,'2018-11-03 23:22:03','2200-12-31 23:59:59',1,'F0A','2018-11-04 12:31:34','p2p','p2p.permission.user.edit',4,'进入编辑或新增用户','/system/user/edit.html',NULL,NULL,NULL,'0000000057f5e8d30157f5e8e959000e','4028218166da2a890166da2aafe3001e');
INSERT INTO `sys_resource` VALUES ('Function','4028218166da2a890166da2aaff70021','system','2018-11-03 23:22:02',1,'2018-11-03 23:22:03','2200-12-31 23:59:59',1,'F0A','2018-11-04 12:31:34','p2p','p2p.permission.user.restPassword',4,'重置用户密码','/system/user/restPassword.html',NULL,NULL,NULL,'0000000057f5e8d30157f5e8e959000e','4028218166da2a890166da2aafe3001e');
INSERT INTO `sys_resource` VALUES ('Menu','4028218166da2a890166da2aaffc0022','system','2018-11-03 23:22:02',1,'2018-11-03 23:22:03','2200-12-31 23:59:59',0,'F0A','2018-11-04 12:31:33','p2p','p2p.member.balanceTreasureAcctOpen',3,'增金宝开户','/balanceTreasureList.html',NULL,'','','0000000057f5e8d30157f5e8e959000e','4028218166da2a890166da2aaf6d000f');
INSERT INTO `sys_resource` VALUES ('Menu','4028218166da2a890166da2ab0010023','system','2018-11-03 23:22:02',1,'2018-11-03 23:22:03','2200-12-31 23:59:59',20000,'F0A','2018-11-04 12:31:34','p2p','p2p.customer.manager.rechargeList',3,'提现充值记录','/rechargeList.html',NULL,'','','0000000057f5e8d30157f5e8e959000e','4028218166da2a890166da2aaf6d000f');
INSERT INTO `sys_resource` VALUES ('Menu','4028218166da2a890166da2ab00d0024','system','2018-11-03 23:22:02',1,'2018-11-03 23:22:03','2200-12-31 23:59:59',70205,'F0A','2018-11-04 12:31:34','p2p','p2p.sms.provider.list',3,'服务配置','/provider/list.html',NULL,'','','0000000057f5e8d30157f5e8e959000e','4028218166da2a890166da2aaf62000d');
INSERT INTO `sys_resource` VALUES ('Function','4028218166da2a890166da2ab0140025','system','2018-11-03 23:22:02',1,'2018-11-03 23:22:03','2200-12-31 23:59:59',1,'F0A','2018-11-04 12:31:34','p2p','p2p.sms.provider.edit',4,'服务编辑','/provider/edit.html',NULL,NULL,NULL,'0000000057f5e8d30157f5e8e959000e','4028218166da2a890166da2ab00d0024');
INSERT INTO `sys_resource` VALUES ('Menu','4028218166da2a890166da2ab01b0026','system','2018-11-03 23:22:02',1,'2018-11-03 23:22:03','2200-12-31 23:59:59',70210,'F0A','2018-11-04 12:31:34','p2p','p2p.sms.providerlog.list',3,'消息日志','/provider/loglist.html',NULL,'','','0000000057f5e8d30157f5e8e959000e','4028218166da2a890166da2aaf62000d');
INSERT INTO `sys_resource` VALUES ('Menu','4028218166da2a890166da2ab0240027','system','2018-11-03 23:22:02',1,'2018-11-03 23:22:03','2200-12-31 23:59:59',20213,'F0A','2018-11-04 12:31:33','p2p','p2p.bankroll.statistics.statisticsReportInvestor',3,'出借人账户','/statisticsReportInvestor.html',NULL,'','','0000000057f5e8d30157f5e8e959000e','4028218166da2a890166da2aaf6d000f');
INSERT INTO `sys_resource` VALUES ('Menu','4028218166da2a890166da2ab02e0028','system','2018-11-03 23:22:02',1,'2018-11-03 23:22:03','2200-12-31 23:59:59',10101,'F0A','2018-11-04 12:31:33','p2p','p2p.product.manager.asset',3,'资产管理','/product-asset.html',NULL,'','','0000000057f5e8d30157f5e8e959000e','4028218166da2a890166da2aaf4c0009');
INSERT INTO `sys_resource` VALUES ('Menu','4028218166da2a890166da2ab0360029','system','2018-11-03 23:22:02',1,'2018-11-03 23:22:03','2200-12-31 23:59:59',30,'F0A','2018-11-04 12:31:33','p2p','p2p.cms.fragment.fragmentList',3,'片段管理','/fragmentList.html',NULL,'','','0000000057f5e8d30157f5e8e959000e','4028218166da2a890166da2aaf5d000c');
INSERT INTO `sys_resource` VALUES ('Function','4028218166da2a890166da2ab03c002a','system','2018-11-03 23:22:02',1,'2018-11-03 23:22:03','2200-12-31 23:59:59',1,'F0A','2018-11-04 12:31:33','p2p','p2p.cms.fragment.edit',4,'进入编辑或新增','/fragmentEdit.html',NULL,NULL,NULL,'0000000057f5e8d30157f5e8e959000e','4028218166da2a890166da2ab0360029');
INSERT INTO `sys_resource` VALUES ('Function','4028218166da2a890166da2ab042002b','system','2018-11-03 23:22:02',1,'2018-11-03 23:22:03','2200-12-31 23:59:59',1,'F0A','2018-11-04 12:31:33','p2p','p2p.cms.fragment.save',4,'保存片段','/fragmentSave.html',NULL,NULL,NULL,'0000000057f5e8d30157f5e8e959000e','4028218166da2a890166da2ab0360029');
INSERT INTO `sys_resource` VALUES ('Menu','4028218166da2a890166da2ab04d002c','system','2018-11-03 23:22:02',1,'2018-11-03 23:22:03','2200-12-31 23:59:59',60130,'F0A','2018-11-04 12:31:34','p2p','p2p.permission.role.list',3,'角色管理','/system/role/list.html',NULL,'','','0000000057f5e8d30157f5e8e959000e','4028218166da2a890166da2aaf62000d');
INSERT INTO `sys_resource` VALUES ('Function','4028218166da2a890166da2ab05e002d','system','2018-11-03 23:22:02',1,'2018-11-03 23:22:03','2200-12-31 23:59:59',1,'F0A','2018-11-04 12:31:34','p2p','p2p.permission.role.save',4,'保存编辑或新增的角色','/system/role/save.html',NULL,NULL,NULL,'0000000057f5e8d30157f5e8e959000e','4028218166da2a890166da2ab04d002c');
INSERT INTO `sys_resource` VALUES ('Function','4028218166da2a890166da2ab06b002e','system','2018-11-03 23:22:02',1,'2018-11-03 23:22:03','2200-12-31 23:59:59',1,'F0A','2018-11-04 12:31:34','p2p','p2p.permission.role.edit',4,'进入编辑或新增角色','/system/role/edit.html',NULL,NULL,NULL,'0000000057f5e8d30157f5e8e959000e','4028218166da2a890166da2ab04d002c');
INSERT INTO `sys_resource` VALUES ('Menu','4028218166da2a890166da2ab073002f','system','2018-11-03 23:22:02',1,'2018-11-03 23:22:03','2200-12-31 23:59:59',50,'F0A','2018-11-04 12:31:33','p2p','p2p.cms.slide.slideList',3,'广告管理','/slideList.html',NULL,'','','0000000057f5e8d30157f5e8e959000e','4028218166da2a890166da2aaf470008');
INSERT INTO `sys_resource` VALUES ('Menu','4028218166da2a890166da2ab07e0030','system','2018-11-03 23:22:02',1,'2018-11-03 23:22:03','2200-12-31 23:59:59',10130,'F0A','2018-11-04 12:31:34','p2p','p2p.product.manager.repaymentList',3,'还款管理','/repayment.html',NULL,'','','0000000057f5e8d30157f5e8e959000e','4028218166da2a890166da2aaf4c0009');
INSERT INTO `sys_resource` VALUES ('Function','4028218166da2a890166da2ab0850031','system','2018-11-03 23:22:02',1,'2018-11-03 23:22:03','2200-12-31 23:59:59',1,'F0A','2018-11-04 12:31:34','p2p','p2p.product.repaymentList.doRepayApply',4,'还款申请','/doRepayApply.html',NULL,NULL,NULL,'0000000057f5e8d30157f5e8e959000e','4028218166da2a890166da2ab07e0030');
INSERT INTO `sys_resource` VALUES ('Menu','4028218166da2a890166da2ab08c0032','system','2018-11-03 23:22:02',1,'2018-11-03 23:22:02','2200-12-31 23:59:59',0,'F0A','2018-11-04 12:31:34','p2p','p2p.member.memberList',3,'会员管理','/kh-vipselect.html',NULL,'','','0000000057f5e8d30157f5e8e959000e','4028218166da2a890166da2aaf6d000f');
INSERT INTO `sys_resource` VALUES ('Menu','4028218166da2a890166da2ab0930033','system','2018-11-03 23:22:02',1,'2018-11-03 23:22:02','2200-12-31 23:59:59',70285,'F0A','2018-11-04 12:31:34','p2p','p2p.category.list',3,'配置管理','/category.html',NULL,'','','0000000057f5e8d30157f5e8e959000e','4028218166da2a890166da2aaf62000d');
INSERT INTO `sys_resource` VALUES ('Menu','4028218166da2a890166da2ab0990034','system','2018-11-03 23:22:02',1,'2018-11-03 23:22:02','2200-12-31 23:59:59',60180,'F0A','2018-11-04 12:31:34','p2p','p2p.system.profile.productTypeRuleList',3,'产品规则配置','/system/productTypeRuleList.html',NULL,'','','0000000057f5e8d30157f5e8e959000e','4028218166da2a890166da2aaf62000d');
INSERT INTO `sys_resource` VALUES ('Menu','4028218166da2a890166da2ab0a10035','system','2018-11-03 23:22:02',1,'2018-11-03 23:22:02','2200-12-31 23:59:59',660,'F0A','2018-11-04 12:31:34','p2p','p2p.product.creditTransferingList',3,'债权转让管理','/creditTransfering.html',NULL,'','','0000000057f5e8d30157f5e8e959000e','4028218166da2a890166da2aaf420007');
INSERT INTO `sys_resource` VALUES ('Function','4028218166da2a890166da2ab0a80036','system','2018-11-03 23:22:02',1,'2018-11-03 23:22:02','2200-12-31 23:59:59',1,'F0A','2018-11-04 12:31:34','p2p','p2p.product.creditTransferingList.withdrawCreditTransfering',4,'撤回违规转让中债权','/creditTransferingWithdraw.html',NULL,NULL,NULL,'0000000057f5e8d30157f5e8e959000e','4028218166da2a890166da2ab0a10035');
INSERT INTO `sys_resource` VALUES ('Menu','4028218166da2a890166da2ab0b10037','system','2018-11-03 23:22:02',1,'2018-11-03 23:22:02','2200-12-31 23:59:59',0,'F0A','2018-11-04 12:31:34','p2p','p2p.product.manager.repaymentList.overdueList',4,'逾期未还','/repayment-1.html',NULL,'','','0000000057f5e8d30157f5e8e959000e','4028218166da2a890166da2ab07e0030');
INSERT INTO `sys_resource` VALUES ('Function','4028218166da2a890166da2ab0b70038','system','2018-11-03 23:22:02',1,'2018-11-03 23:22:02','2200-12-31 23:59:59',1,'F0A','2018-11-04 12:31:34','p2p','p2p.product.manager.repaymentList.overdueList.overdueFeeDetail',5,'查看逾期还款明细项','/overdueFeeDetail.html',NULL,NULL,NULL,'0000000057f5e8d30157f5e8e959000e','4028218166da2a890166da2ab0b10037');
INSERT INTO `sys_resource` VALUES ('Menu','4028218166da2a890166da2ab0bf0039','system','2018-11-03 23:22:02',1,'2018-11-03 23:22:02','2200-12-31 23:59:59',10144,'F0A','2018-11-04 12:31:34','p2p','p2p.product.manager.financial.loanConfirmOperation',4,'确认放款','/loanConfirmOperation.html',NULL,'','','0000000057f5e8d30157f5e8e959000e','4028218166da2a890166da2aaf8e0013');
INSERT INTO `sys_resource` VALUES ('Menu','4028218166da2a890166da2ab0c7003a','system','2018-11-03 23:22:02',1,'2018-11-03 23:22:02','2200-12-31 23:59:59',10145,'F0A','2018-11-04 12:31:34','p2p','p2p.product.manager.financial.repaymentWaitList',4,'项目待还款','/project-daihuankuan.html',NULL,'','','0000000057f5e8d30157f5e8e959000e','4028218166da2a890166da2aaf8e0013');
INSERT INTO `sys_resource` VALUES ('Menu','4028218166da2a890166da2ab0d0003b','system','2018-11-03 23:22:02',1,'2018-11-03 23:22:02','2200-12-31 23:59:59',10147,'F0A','2018-11-04 12:31:34','p2p','p2p.product.manager.financial.refundMentWaitList',4,'项目待退款','/project-daituikuan.html',NULL,'','','0000000057f5e8d30157f5e8e959000e','4028218166da2a890166da2aaf8e0013');
INSERT INTO `sys_resource` VALUES ('Menu','4028218166da2a890166da2ab0d7003c','system','2018-11-03 23:22:02',1,'2018-11-03 23:22:02','2200-12-31 23:59:59',10142,'F0A','2018-11-04 12:31:34','p2p','p2p.product.manager.financial.loanOperation',4,'申请放款','/loanOperation.html',NULL,'','','0000000057f5e8d30157f5e8e959000e','4028218166da2a890166da2aaf8e0013');
INSERT INTO `sys_resource` VALUES ('Menu','4028218166da2a890166da2ab0dd003d','system','2018-11-03 23:22:02',1,'2018-11-03 23:22:02','2200-12-31 23:59:59',10148,'F0A','2018-11-04 12:31:34','p2p','p2p.product.manager.financial.refundOperation',4,'确认退款','/refundOperation.html',NULL,'','','0000000057f5e8d30157f5e8e959000e','4028218166da2a890166da2aaf8e0013');
INSERT INTO `sys_resource` VALUES ('Menu','4028218166da2a890166da2ab0e4003e','system','2018-11-03 23:22:02',1,'2018-11-03 23:22:02','2200-12-31 23:59:59',10146,'F0A','2018-11-04 12:31:34','p2p','p2p.product.manager.financial.repayOperation',4,'确认还款','/repayOperation.html',NULL,'','','0000000057f5e8d30157f5e8e959000e','4028218166da2a890166da2aaf8e0013');
INSERT INTO `sys_resource` VALUES ('Menu','4028218166da2a890166da2ab0f0003f','system','2018-11-03 23:22:02',1,'2018-11-03 23:22:02','2200-12-31 23:59:59',40,'F0A','2018-11-04 12:31:34','p2p','p2p.cms.link.linkList',3,'链接管理','/linkList.html',NULL,'','','0000000057f5e8d30157f5e8e959000e','4028218166da2a890166da2aaf5d000c');
INSERT INTO `sys_resource` VALUES ('Function','4028218166da2a890166da2ab0f80040','system','2018-11-03 23:22:02',1,'2018-11-03 23:22:02','2200-12-31 23:59:59',1,'F0A','2018-11-04 12:31:34','p2p','p2p.cms.link.edit',4,'进入编辑或新增链接','/linkEdit.html',NULL,NULL,NULL,'0000000057f5e8d30157f5e8e959000e','4028218166da2a890166da2ab0f0003f');
INSERT INTO `sys_resource` VALUES ('Menu','4028218166da2a890166da2ab1050041','system','2018-11-03 23:22:02',1,'2018-11-03 23:22:02','2200-12-31 23:59:59',10100,'F0A','2018-11-04 12:31:33','p2p','p2p.product.productOrderList',3,'认购记录','/order-full.html',NULL,'','','0000000057f5e8d30157f5e8e959000e','4028218166da2a890166da2aaf4c0009');
INSERT INTO `sys_resource` VALUES ('Menu','4028218166da2a890166da2ab10e0042','system','2018-11-03 23:22:02',1,'2018-11-03 23:22:02','2200-12-31 23:59:59',60182,'F0A','2018-11-04 12:31:34','p2p','p2p.system.profile.contractScene',3,'合同场景式存证','/system/contractScene.html',NULL,'','','0000000057f5e8d30157f5e8e959000e','4028218166da2a890166da2aaf62000d');
INSERT INTO `sys_resource` VALUES ('Menu','4028218166da2a890166da2ab1180043','system','2018-11-03 23:22:02',1,'2018-11-03 23:22:02','2200-12-31 23:59:59',20,'F0A','2018-11-04 12:31:34','p2p','p2p.cms.article.articleList',3,'文章管理','/articleList.html',NULL,'','','0000000057f5e8d30157f5e8e959000e','4028218166da2a890166da2aaf5d000c');
INSERT INTO `sys_resource` VALUES ('Function','4028218166da2a890166da2ab1220044','system','2018-11-03 23:22:02',1,'2018-11-03 23:22:02','2200-12-31 23:59:59',1,'F0A','2018-11-04 12:31:34','p2p','p2p.cms.article.delete',4,'删除文章','/articleDelete.html',NULL,NULL,NULL,'0000000057f5e8d30157f5e8e959000e','4028218166da2a890166da2ab1180043');
INSERT INTO `sys_resource` VALUES ('Function','4028218166da2a890166da2ab1290045','system','2018-11-03 23:22:02',1,'2018-11-03 23:22:02','2200-12-31 23:59:59',1,'F0A','2018-11-04 12:31:34','p2p','p2p.cms.article.edit',4,'进入编辑或新增文章','/articleEdit.html',NULL,NULL,NULL,'0000000057f5e8d30157f5e8e959000e','4028218166da2a890166da2ab1180043');
INSERT INTO `sys_resource` VALUES ('Function','4028218166da2a890166da2ab1310046','system','2018-11-03 23:22:02',1,'2018-11-03 23:22:02','2200-12-31 23:59:59',1,'F0A','2018-11-04 12:31:34','p2p','p2p.cms.article.save',4,'保存编辑或新增文章','/articleSave.html',NULL,NULL,NULL,'0000000057f5e8d30157f5e8e959000e','4028218166da2a890166da2ab1180043');
INSERT INTO `sys_resource` VALUES ('Menu','4028218166da2a890166da2ab1370047','system','2018-11-03 23:22:02',1,'2018-11-03 23:22:02','2200-12-31 23:59:59',0,'F0A','2018-11-04 12:31:34','p2p','p2p.member.realNmMemberList',3,'实名管理','/kh-name-2.html',NULL,'','','0000000057f5e8d30157f5e8e959000e','4028218166da2a890166da2aaf6d000f');
INSERT INTO `sys_resource` VALUES ('Menu','4028218166da2a890166da2ab1400048','system','2018-11-03 23:22:02',1,'2018-11-03 23:22:02','2200-12-31 23:59:59',75,'F0A','2018-11-04 12:31:34','p2p','p2p.product.credit.creditTransferSetupInfo',3,'债权转让设置','/creditTransferSetupInfo.html',NULL,'','','0000000057f5e8d30157f5e8e959000e','4028218166da2a890166da2aaf420007');
INSERT INTO `sys_resource` VALUES ('Function','4028218166da2a890166da2ab14a0049','system','2018-11-03 23:22:02',1,'2018-11-03 23:22:02','2200-12-31 23:59:59',1,'F0A','2018-11-04 12:31:34','p2p','p2p.product.credit.creditTransferSetupInfo.save',4,'修改债权转让设置','/creditTransferSetupSave.html',NULL,NULL,NULL,'0000000057f5e8d30157f5e8e959000e','4028218166da2a890166da2ab1400048');
INSERT INTO `sys_resource` VALUES ('Menu','4028218166da2a890166da2ab15e004a','system','2018-11-03 23:22:02',1,'2018-11-03 23:22:02','2200-12-31 23:59:59',60140,'F0A','2018-11-04 12:31:34','p2p','p2p.permission.bankQuota.list',3,'银行及限额配置','/system/bankQuota/list.html',NULL,'','','0000000057f5e8d30157f5e8e959000e','4028218166da2a890166da2aaf62000d');
INSERT INTO `sys_resource` VALUES ('Function','4028218166da2a890166da2ab167004b','system','2018-11-03 23:22:02',1,'2018-11-03 23:22:02','2200-12-31 23:59:59',1,'F0A','2018-11-04 12:31:34','p2p','p2p.permission.bankQuota.list.save',4,'编辑或新增银行保存','/system/bankQuota/save.html',NULL,NULL,NULL,'0000000057f5e8d30157f5e8e959000e','4028218166da2a890166da2ab15e004a');
INSERT INTO `sys_resource` VALUES ('Function','4028218166da2a890166da2ab170004c','system','2018-11-03 23:22:02',1,'2018-11-03 23:22:02','2200-12-31 23:59:59',1,'F0A','2018-11-04 12:31:34','p2p','p2p.permission.bankQuota.edit',4,'进入编辑或新增银行','/system/bankQuota/edit.html',NULL,NULL,NULL,'0000000057f5e8d30157f5e8e959000e','4028218166da2a890166da2ab15e004a');
INSERT INTO `sys_resource` VALUES ('Menu','4028218166da2a890166da2ab17a004d','system','2018-11-03 23:22:02',1,'2018-11-03 23:22:02','2200-12-31 23:59:59',10,'F0A','2018-11-04 12:31:33','p2p','p2p.sms.queue.list',3,'消息发送','/sendqueue/list.html',NULL,'','','0000000057f5e8d30157f5e8e959000e','4028218166da2a890166da2aaf3b0006');
INSERT INTO `sys_resource` VALUES ('Function','4028218166da2a890166da2ab184004e','system','2018-11-03 23:22:02',1,'2018-11-03 23:22:02','2200-12-31 23:59:59',1,'F0A','2018-11-04 12:31:33','p2p','p2p.sms.queue.cancelbatch',4,'撤销消息','/sendqueue/cancelbatch.html',NULL,NULL,NULL,'0000000057f5e8d30157f5e8e959000e','4028218166da2a890166da2ab17a004d');
INSERT INTO `sys_resource` VALUES ('Function','4028218166da2a890166da2ab18c004f','system','2018-11-03 23:22:02',1,'2018-11-03 23:22:02','2200-12-31 23:59:59',1,'F0A','2018-11-04 12:31:33','p2p','p2p.sms.queue.deletebatch',4,'删除消息','/sendqueue/deletebatch.html',NULL,NULL,NULL,'0000000057f5e8d30157f5e8e959000e','4028218166da2a890166da2ab17a004d');
INSERT INTO `sys_resource` VALUES ('Function','4028218166da2a890166da2ab1950050','system','2018-11-03 23:22:02',1,'2018-11-03 23:22:02','2200-12-31 23:59:59',1,'F0A','2018-11-04 12:31:33','p2p','p2p.sms.queue.edit',4,'修改消息','/sendqueue/edit.html',NULL,NULL,NULL,'0000000057f5e8d30157f5e8e959000e','4028218166da2a890166da2ab17a004d');
INSERT INTO `sys_resource` VALUES ('Menu','4028218166da2a890166da2ab1a00051','system','2018-11-03 23:22:02',1,'2018-11-03 23:22:02','2200-12-31 23:59:59',60171,'F0A','2018-11-04 12:31:34','p2p','p2p.contract.manager',3,'合同管理','/system/contract-manager.html',NULL,'','','0000000057f5e8d30157f5e8e959000e','4028218166da2a890166da2aaf62000d');
INSERT INTO `sys_resource` VALUES ('Menu','4028218166da2a890166da2ab1bb0052','system','2018-11-03 23:22:02',1,'2018-11-03 23:22:02','2200-12-31 23:59:59',600,'F0A','2018-11-04 12:31:34','p2p','p2p.market.couponrule.manage',3,'优惠券模板管理','/couponruleManage.html',NULL,'','','0000000057f5e8d30157f5e8e959000e','4028218166da2a890166da2aaf350005');
INSERT INTO `sys_resource` VALUES ('Menu','4028218166da2a890166da2ab1c30053','system','2018-11-03 23:22:02',1,'2018-11-03 23:22:02','2200-12-31 23:59:59',601,'F0A','2018-11-04 12:31:34','p2p','p2p.market.coupon.manage',3,'已发优惠券管理','/couponManage.html',NULL,'','','0000000057f5e8d30157f5e8e959000e','4028218166da2a890166da2aaf350005');
INSERT INTO `sys_resource` VALUES ('Menu','4028218166da2a890166da2ab1cd0054','system','2018-11-03 23:22:02',1,'2018-11-03 23:22:02','2200-12-31 23:59:59',602,'F0A','2018-11-04 12:31:34','p2p','p2p.market.coupon.setting.manage',3,'优惠券发放设置','/couponSetting.html',NULL,'','','0000000057f5e8d30157f5e8e959000e','4028218166da2a890166da2aaf350005');
INSERT INTO `sys_resource` VALUES ('Menu','4028218166da2a890166da2ab1d50055','system','2018-11-03 23:22:02',1,'2018-11-03 23:22:02','2200-12-31 23:59:59',603,'F0A','2018-11-04 12:31:34','p2p','p2p.market.couponUsed.manage',3,'优惠卷提现审核','/couponUsedMange.html',NULL,'','','0000000057f5e8d30157f5e8e959000e','4028218166da2a890166da2aaf350005');
INSERT INTO `sys_resource` VALUES ('Menu','4028218166da2a890166da2ab1de0056','system','2018-11-03 23:22:02',1,'2018-11-03 23:22:02','2200-12-31 23:59:59',60181,'F0A','2018-11-04 12:31:33','p2p','p2p.system.profile.syncbankcardno',3,'同步银行卡号','/system/syncBankcardNo.html',NULL,'','','0000000057f5e8d30157f5e8e959000e','4028218166da2a890166da2aaf62000d');
INSERT INTO `sys_resource` VALUES ('Menu','4028218166da2a890166da2ab2020057','system','2018-11-03 23:22:02',1,'2018-11-03 23:22:02','2200-12-31 23:59:59',0,'F0A','2018-11-04 12:31:34','p2p','p2p.sms.template.list',3,'模板管理','/template/list.html',NULL,'','','0000000057f5e8d30157f5e8e959000e','4028218166da2a890166da2aaf3b0006');
INSERT INTO `sys_resource` VALUES ('Function','4028218166da2a890166da2ab20c0058','system','2018-11-03 23:22:02',1,'2018-11-03 23:22:02','2200-12-31 23:59:59',1,'F0A','2018-11-04 12:31:34','p2p','p2p.sms.template.edit',4,'编辑模板','/template/edit.html',NULL,NULL,NULL,'0000000057f5e8d30157f5e8e959000e','4028218166da2a890166da2ab2020057');
INSERT INTO `sys_resource` VALUES ('Menu','4028218166da2a890166da2ab2160059','system','2018-11-03 23:22:02',1,'2018-11-03 23:22:02','2200-12-31 23:59:59',40310,'F0A','2018-11-04 12:31:34','p2p','p2p.market.broker.borkerspread',3,'推广会员管理','/borkerspread.html',NULL,'','','0000000057f5e8d30157f5e8e959000e','4028218166da2a890166da2aaf57000b');
INSERT INTO `sys_resource` VALUES ('Menu','4028218166da2a890166da2ab220005a','system','2018-11-03 23:22:02',1,'2018-11-03 23:22:02','2200-12-31 23:59:59',10401,'F0A','2018-11-04 12:31:34','p2p','p2p.product.oldsystem.member.manager',3,'老用户管理','/oldsystem/memberManager.html',NULL,'','','0000000057f5e8d30157f5e8e959000e','4028218166da2a890166da2aaf2a0003');
INSERT INTO `sys_resource` VALUES ('Menu','4028218166da2a890166da2ab228005b','system','2018-11-03 23:22:02',1,'2018-11-03 23:22:02','2200-12-31 23:59:59',10402,'F0A','2018-11-04 12:31:34','p2p','p2p.product.oldsystem.repay.manager',3,'还款管理','/oldsystem/repayManager.html',NULL,'','','0000000057f5e8d30157f5e8e959000e','4028218166da2a890166da2aaf2a0003');
INSERT INTO `sys_resource` VALUES ('Menu','4028218166da2a890166da2ab230005c','system','2018-11-03 23:22:02',1,'2018-11-03 23:22:02','2200-12-31 23:59:59',60170,'F0A','2018-11-04 12:31:34','p2p','p2p.calendar.manager',3,'节假日管理','/system/calendar.html',NULL,'','','0000000057f5e8d30157f5e8e959000e','4028218166da2a890166da2aaf62000d');
INSERT INTO `sys_resource` VALUES ('Menu','4028218166da2a890166da2ab236005d','system','2018-11-03 23:22:02',1,'2018-11-03 23:22:02','2200-12-31 23:59:59',10,'F0A','2018-11-04 12:31:34','p2p','p2p.cms.channel.channelList',3,'分类管理','/channelList.html',NULL,'','','0000000057f5e8d30157f5e8e959000e','4028218166da2a890166da2aaf5d000c');
INSERT INTO `sys_resource` VALUES ('Function','4028218166da2a890166da2ab242005e','system','2018-11-03 23:22:02',1,'2018-11-03 23:22:02','2200-12-31 23:59:59',1,'F0A','2018-11-04 12:31:34','p2p','p2p.cms.channel.edit',4,'编辑分类','/channelEdit.html',NULL,NULL,NULL,'0000000057f5e8d30157f5e8e959000e','4028218166da2a890166da2ab236005d');
INSERT INTO `sys_resource` VALUES ('Function','4028218166da2a890166da2ab249005f','system','2018-11-03 23:22:02',1,'2018-11-03 23:22:02','2200-12-31 23:59:59',1,'F0A','2018-11-04 12:31:34','p2p','p2p.cms.channel.save',4,'保存分类','/channelSave.html',NULL,NULL,NULL,'0000000057f5e8d30157f5e8e959000e','4028218166da2a890166da2ab236005d');
INSERT INTO `sys_resource` VALUES ('Function','4028218166da2a890166da2ab2510060','system','2018-11-03 23:22:02',1,'2018-11-03 23:22:02','2200-12-31 23:59:59',1,'F0A','2018-11-04 12:31:34','p2p','p2p.cms.channel.delete',4,'删除分类','/channelDelete.html',NULL,NULL,NULL,'0000000057f5e8d30157f5e8e959000e','4028218166da2a890166da2ab236005d');
INSERT INTO `sys_resource` VALUES ('Menu','4028218166da2a890166da2ab2570061','system','2018-11-03 23:22:02',1,'2018-11-03 23:22:02','2200-12-31 23:59:59',999,'F0A','2018-11-04 12:31:34','p2p','p2p.member.enterpriseList',3,'客户查询','/enterpriseList.html',NULL,'','','0000000057f5e8d30157f5e8e959000e','4028218166da2a890166da2aaf6d000f');
INSERT INTO `sys_resource` VALUES ('Menu','4028218166da2a890166da2ab25f0062','system','2018-11-03 23:22:02',1,'2018-11-03 23:22:02','2200-12-31 23:59:59',70280,'F0A','2018-11-04 12:31:34','p2p','p2p.taskConfig.list',3,'定时任务','/system/taskConfigList.html',NULL,'','','0000000057f5e8d30157f5e8e959000e','4028218166da2a890166da2aaf62000d');
INSERT INTO `sys_resource` VALUES ('Menu','4028218166da2a890166da2ab26f0063','system','2018-11-03 23:22:02',1,'2018-11-03 23:22:02','2200-12-31 23:59:59',10300,'F0A','2018-11-04 12:31:33','p2p','p2p.product.apply',2,'借款申请','',NULL,'','','0000000057f5e8d30157f5e8e959000e','4028218166da2a890166da2aaf230002');
INSERT INTO `sys_resource` VALUES ('Menu','4028218166da2a890166da2ab2790064','system','2018-11-03 23:22:02',1,'2018-11-03 23:22:02','2200-12-31 23:59:59',20200,'F0A','2018-11-04 12:31:33','p2p','p2p.bankroll.statistics',2,'统计管理','',NULL,'','','0000000057f5e8d30157f5e8e959000e','4028218166da2a890166da2aaf66000e');
INSERT INTO `sys_resource` VALUES ('Menu','4028218166da2a890166da2ab2810065','system','2018-11-03 23:22:02',1,'2018-11-03 23:22:02','2200-12-31 23:59:59',20300,'F0A','2018-11-04 12:31:33','p2p','p2p.bankroll.accounting',2,'财务管理','',NULL,'','','0000000057f5e8d30157f5e8e959000e','4028218166da2a890166da2aaf66000e');
INSERT INTO `sys_resource` VALUES ('Menu','4028218166da2a890166da2ab28f0066','system','2018-11-03 23:22:02',1,'2018-11-03 23:22:02','2200-12-31 23:59:59',10143,'F0A','2018-11-04 12:31:34','p2p','p2p.product.manager.financial.loanConfirmingList',4,'项目放款中','/project-fangkuanzhong.html',NULL,'','','0000000057f5e8d30157f5e8e959000e','4028218166da2a890166da2aaf8e0013');
INSERT INTO `sys_resource` VALUES ('Function','4028218166da2a890166da2ab29c0067','system','2018-11-03 23:22:02',1,'2018-11-03 23:22:02','2200-12-31 23:59:59',1,'F0A','2018-11-04 12:31:34','p2p','p2p.product.manager.readyTender.tenderingProductList',4,'查看招标中项目列表','/tenderingProductList.html',NULL,NULL,NULL,'0000000057f5e8d30157f5e8e959000e','4028218166da2a890166da2aafab0017');
INSERT INTO `sys_resource` VALUES ('Function','4028218166da2a890166da2ab2a90068','system','2018-11-03 23:22:02',1,'2018-11-03 23:22:02','2200-12-31 23:59:59',1,'F0A','2018-11-04 12:31:34','p2p','p2p.product.manager.readyTender.removeTender',4,'招标项目撤标操作','/removeTenderOperate.html',NULL,NULL,NULL,'0000000057f5e8d30157f5e8e959000e','4028218166da2a890166da2aafab0017');
INSERT INTO `sys_resource` VALUES ('Function','4028218166da2a890166da2ab2b00069','system','2018-11-03 23:22:02',1,'2018-11-03 23:22:02','2200-12-31 23:59:59',1,'F0A','2018-11-04 12:31:34','p2p','p2p.product.manager.select.view',4,'项目查询','/selectProduct.html',NULL,NULL,NULL,'0000000057f5e8d30157f5e8e959000e','4028218166da2a890166da2aaf850012');
INSERT INTO `sys_resource` VALUES ('Function','4028218166da2a890166da2ab2bb006a','system','2018-11-03 23:22:02',1,'2018-11-03 23:22:03','2200-12-31 23:59:59',1,'F0A','2018-11-04 12:31:34','p2p','p2p.product.manager.financial.makeLoansList.view',4,'项目待放款','/makeLoansList.html',NULL,NULL,NULL,'0000000057f5e8d30157f5e8e959000e','4028218166da2a890166da2aaf8e0013');
INSERT INTO `sys_resource` VALUES ('Function','4028218166da2a890166da2ab2c2006b','system','2018-11-03 23:22:02',1,'2018-11-03 23:22:03','2200-12-31 23:59:59',1,'F0A','2018-11-04 12:31:34','p2p','p2p.product.manager.readyTender.view',4,'查看待招标项目列表','/readyTenderProductList.html',NULL,NULL,NULL,'0000000057f5e8d30157f5e8e959000e','4028218166da2a890166da2aafab0017');
INSERT INTO `sys_resource` VALUES ('Function','4028218166da2a890166da2ab2ca006c','system','2018-11-03 23:22:02',1,'2018-11-03 23:22:03','2200-12-31 23:59:59',1,'F0A','2018-11-04 12:31:34','p2p','p2p.product.manager.review.productDoCheck',4,'审核项目','/productDoCheck.html',NULL,NULL,NULL,'0000000057f5e8d30157f5e8e959000e','4028218166da2a890166da2aafb40018');
INSERT INTO `sys_resource` VALUES ('Function','4028218166da2a890166da2ab2d1006d','system','2018-11-03 23:22:02',1,'2018-11-03 23:22:03','2200-12-31 23:59:59',1,'F0A','2018-11-04 12:31:34','p2p','p2p.product.manager.review.productCheck',4,'查看项目审核列表','/productCheck.html',NULL,NULL,NULL,'0000000057f5e8d30157f5e8e959000e','4028218166da2a890166da2aafb40018');
INSERT INTO `sys_resource` VALUES ('Function','4028218166da2a890166da2ab2d7006e','system','2018-11-03 23:22:02',1,'2018-11-03 23:22:03','2200-12-31 23:59:59',1,'F0A','2018-11-04 12:31:34','p2p','p2p.product.manager.projectList.view',4,'查看满标审核列表','/full-scale.html',NULL,NULL,NULL,'0000000057f5e8d30157f5e8e959000e','4028218166da2a890166da2aafc3001a');
INSERT INTO `sys_resource` VALUES ('Function','4028218166da2a890166da2ab2dd006f','system','2018-11-03 23:22:02',1,'2018-11-03 23:22:03','2200-12-31 23:59:59',1,'F0A','2018-11-04 12:31:34','p2p','p2p.permission.user.disable',4,'禁用用户','/system/user/disable.html',NULL,NULL,NULL,'0000000057f5e8d30157f5e8e959000e','4028218166da2a890166da2aafe3001e');
INSERT INTO `sys_resource` VALUES ('Function','4028218166da2a890166da2ab2e40070','system','2018-11-03 23:22:02',1,'2018-11-03 23:22:03','2200-12-31 23:59:59',1,'F0A','2018-11-04 12:31:34','p2p','p2p.permission.user.enable',4,'启用用户','/system/user/enable.html',NULL,NULL,NULL,'0000000057f5e8d30157f5e8e959000e','4028218166da2a890166da2aafe3001e');
INSERT INTO `sys_resource` VALUES ('Function','4028218166da2a890166da2ab2ed0071','system','2018-11-03 23:22:02',1,'2018-11-03 23:22:03','2200-12-31 23:59:59',1,'F0A','2018-11-04 12:31:34','p2p','p2p.sms.provider.disable',4,'禁用服务','/provider/disable.html',NULL,NULL,NULL,'0000000057f5e8d30157f5e8e959000e','4028218166da2a890166da2ab00d0024');
INSERT INTO `sys_resource` VALUES ('Function','4028218166da2a890166da2ab2f50072','system','2018-11-03 23:22:02',1,'2018-11-03 23:22:03','2200-12-31 23:59:59',1,'F0A','2018-11-04 12:31:34','p2p','p2p.sms.provider.enable',4,'启用服务','/provider/enable.html',NULL,NULL,NULL,'0000000057f5e8d30157f5e8e959000e','4028218166da2a890166da2ab00d0024');
INSERT INTO `sys_resource` VALUES ('Function','4028218166da2a890166da2ab2fd0073','system','2018-11-03 23:22:02',1,'2018-11-03 23:22:03','2200-12-31 23:59:59',1,'F0A','2018-11-04 12:31:34','p2p','p2p.sms.provider.save',5,'服务编辑','/provider/save.html',NULL,NULL,NULL,'0000000057f5e8d30157f5e8e959000e','4028218166da2a890166da2ab0140025');
INSERT INTO `sys_resource` VALUES ('Menu','4028218166da2a890166da2ab3030074','system','2018-11-03 23:22:02',1,'2018-11-03 23:22:03','2200-12-31 23:59:59',20213,'F0A','2018-11-04 12:31:33','p2p','p2p.bankroll.statistics.statisticsReportBorrower',3,'借款发起用户总表','/statisticsReportBorrower.html',NULL,'','','0000000057f5e8d30157f5e8e959000e','4028218166da2a890166da2ab2790064');
INSERT INTO `sys_resource` VALUES ('Menu','4028218166da2a890166da2ab30b0075','system','2018-11-03 23:22:02',1,'2018-11-03 23:22:03','2200-12-31 23:59:59',20214,'F0A','2018-11-04 12:31:33','p2p','p2p.bankroll.statistics.statisticsReportBorrowerCard',3,'收款人信息总表','/statisticsReportBorrowerCard.html',NULL,'','','0000000057f5e8d30157f5e8e959000e','4028218166da2a890166da2ab2790064');
INSERT INTO `sys_resource` VALUES ('Menu','4028218166da2a890166da2ab3130076','system','2018-11-03 23:22:02',1,'2018-11-03 23:22:03','2200-12-31 23:59:59',20210,'F0A','2018-11-04 12:31:33','p2p','p2p.bankroll.statistics.statisticsReportInfo1',3,'统计数据','/statisticsReportInfo1.html',NULL,'','','0000000057f5e8d30157f5e8e959000e','4028218166da2a890166da2ab2790064');
INSERT INTO `sys_resource` VALUES ('Menu','4028218166da2a890166da2ab31c0077','system','2018-11-03 23:22:02',1,'2018-11-03 23:22:03','2200-12-31 23:59:59',20215,'F0A','2018-11-04 12:31:33','p2p','p2p.bankroll.statistics.statisticsReportProductGrossProfits',3,'平台毛收','/statisticsReportProductGrossProfits.html',NULL,'','','0000000057f5e8d30157f5e8e959000e','4028218166da2a890166da2ab2790064');
INSERT INTO `sys_resource` VALUES ('Function','4028218166da2a890166da2ab3240078','system','2018-11-03 23:22:02',1,'2018-11-03 23:22:03','2200-12-31 23:59:59',1,'F0A','2018-11-04 12:31:33','p2p','p2p.cms.fragment.delete',4,'删除片段','/fragmentDelete.html',NULL,NULL,NULL,'0000000057f5e8d30157f5e8e959000e','4028218166da2a890166da2ab0360029');
INSERT INTO `sys_resource` VALUES ('Function','4028218166da2a890166da2ab32f0079','system','2018-11-03 23:22:02',1,'2018-11-03 23:22:03','2200-12-31 23:59:59',1,'F0A','2018-11-04 12:31:34','p2p','p2p.permission.role.disable',4,'禁用角色','/system/role/disable.html',NULL,NULL,NULL,'0000000057f5e8d30157f5e8e959000e','4028218166da2a890166da2ab04d002c');
INSERT INTO `sys_resource` VALUES ('Function','4028218166da2a890166da2ab339007a','system','2018-11-03 23:22:02',1,'2018-11-03 23:22:03','2200-12-31 23:59:59',1,'F0A','2018-11-04 12:31:34','p2p','p2p.permission.role.enable',4,'启用角色','/system/role/enable.html',NULL,NULL,NULL,'0000000057f5e8d30157f5e8e959000e','4028218166da2a890166da2ab04d002c');
INSERT INTO `sys_resource` VALUES ('Function','4028218166da2a890166da2ab341007b','system','2018-11-03 23:22:02',1,'2018-11-03 23:22:03','2200-12-31 23:59:59',1,'F0A','2018-11-04 12:31:34','p2p','p2p.product.manager.repaymentList.view',4,'查看还款中项目','/repayment.html',NULL,NULL,NULL,'0000000057f5e8d30157f5e8e959000e','4028218166da2a890166da2ab07e0030');
INSERT INTO `sys_resource` VALUES ('Function','4028218166da2a890166da2ab34b007c','system','2018-11-03 23:22:02',1,'2018-11-03 23:22:02','2200-12-31 23:59:59',1,'F0A','2018-11-04 12:31:34','p2p','p2p.product.creditTransferingList.list',4,'查看债权转让管理','/creditTransfering.html',NULL,NULL,NULL,'0000000057f5e8d30157f5e8e959000e','4028218166da2a890166da2ab0a10035');
INSERT INTO `sys_resource` VALUES ('Function','4028218166da2a890166da2ab353007d','system','2018-11-03 23:22:02',1,'2018-11-03 23:22:02','2200-12-31 23:59:59',1,'F0A','2018-11-04 12:31:34','p2p','p2p.product.manager.repaymentList.overdueList.view',5,'查看逾期未还列表','/repayment-1.html',NULL,NULL,NULL,'0000000057f5e8d30157f5e8e959000e','4028218166da2a890166da2ab0b10037');
INSERT INTO `sys_resource` VALUES ('Menu','4028218166da2a890166da2ab35a007e','system','2018-11-03 23:22:02',1,'2018-11-03 23:22:02','2200-12-31 23:59:59',20215,'F0A','2018-11-04 12:31:33','p2p','p2p.bankroll.statistics.queryAccnoDetailRequest',3,'内部户来账明细','/queryAccnoDetailRequest.html',NULL,'','','0000000057f5e8d30157f5e8e959000e','4028218166da2a890166da2ab2790064');
INSERT INTO `sys_resource` VALUES ('Function','4028218166da2a890166da2ab364007f','system','2018-11-03 23:22:02',1,'2018-11-03 23:22:02','2200-12-31 23:59:59',1,'F0A','2018-11-04 12:31:34','p2p','p2p.cms.link.save',4,'保存编辑或新增链接','/linkSave.html',NULL,NULL,NULL,'0000000057f5e8d30157f5e8e959000e','4028218166da2a890166da2ab0f0003f');
INSERT INTO `sys_resource` VALUES ('Function','4028218166da2a890166da2ab36f0080','system','2018-11-03 23:22:02',1,'2018-11-03 23:22:02','2200-12-31 23:59:59',1,'F0A','2018-11-04 12:31:34','p2p','p2p.cms.link.delete',4,'删除链接','/linkDelete.html',NULL,NULL,NULL,'0000000057f5e8d30157f5e8e959000e','4028218166da2a890166da2ab0f0003f');
INSERT INTO `sys_resource` VALUES ('Function','4028218166da2a890166da2ab3770081','system','2018-11-03 23:22:02',1,'2018-11-03 23:22:02','2200-12-31 23:59:59',1,'F0A','2018-11-04 12:31:33','p2p','p2p.product.productOrderList.orderFull',4,'所有订单','/order-full.html',NULL,NULL,NULL,'0000000057f5e8d30157f5e8e959000e','4028218166da2a890166da2ab1050041');
INSERT INTO `sys_resource` VALUES ('Function','4028218166da2a890166da2ab37f0082','system','2018-11-03 23:22:02',1,'2018-11-03 23:22:02','2200-12-31 23:59:59',1,'F0A','2018-11-04 12:31:34','p2p','p2p.cms.article.operate',4,'修改发布状态','/articleOperate.html',NULL,NULL,NULL,'0000000057f5e8d30157f5e8e959000e','4028218166da2a890166da2ab1180043');
INSERT INTO `sys_resource` VALUES ('Function','4028218166da2a890166da2ab3850083','system','2018-11-03 23:22:02',1,'2018-11-03 23:22:02','2200-12-31 23:59:59',1,'F0A','2018-11-04 12:31:34','p2p','p2p.product.credit.creditTransferSetupInfo.list',4,'查看债权转让设置','/creditTransferSetupInfo.html',NULL,NULL,NULL,'0000000057f5e8d30157f5e8e959000e','4028218166da2a890166da2ab1400048');
INSERT INTO `sys_resource` VALUES ('Function','4028218166da2a890166da2ab38c0084','system','2018-11-03 23:22:02',1,'2018-11-03 23:22:02','2200-12-31 23:59:59',1,'F0A','2018-11-04 12:31:34','p2p','p2p.permission.bankQuota.disable',4,'禁用银行','/system/bankQuota/disable.html',NULL,NULL,NULL,'0000000057f5e8d30157f5e8e959000e','4028218166da2a890166da2ab15e004a');
INSERT INTO `sys_resource` VALUES ('Function','4028218166da2a890166da2ab3920085','system','2018-11-03 23:22:02',1,'2018-11-03 23:22:02','2200-12-31 23:59:59',1,'F0A','2018-11-04 12:31:34','p2p','p2p.permission.bankQuota.enable',4,'启用银行','/system/bankQuota/enable.html',NULL,NULL,NULL,'0000000057f5e8d30157f5e8e959000e','4028218166da2a890166da2ab15e004a');
INSERT INTO `sys_resource` VALUES ('Function','4028218166da2a890166da2ab3970086','system','2018-11-03 23:22:02',1,'2018-11-03 23:22:02','2200-12-31 23:59:59',1,'F0A','2018-11-04 12:31:34','p2p','p2p.permission.bankQuota.delete',4,'删除银行','/system/bankQuota/delete.html',NULL,NULL,NULL,'0000000057f5e8d30157f5e8e959000e','4028218166da2a890166da2ab15e004a');
INSERT INTO `sys_resource` VALUES ('Function','4028218166da2a890166da2ab39d0087','system','2018-11-03 23:22:02',1,'2018-11-03 23:22:02','2200-12-31 23:59:59',1,'F0A','2018-11-04 12:31:34','p2p','p2p.permission.bankQuota.list.view',4,'查看银行配置','/system/bankQuota/list.html',NULL,NULL,NULL,'0000000057f5e8d30157f5e8e959000e','4028218166da2a890166da2ab15e004a');
INSERT INTO `sys_resource` VALUES ('Function','4028218166da2a890166da2ab3a30088','system','2018-11-03 23:22:02',1,'2018-11-03 23:22:02','2200-12-31 23:59:59',1,'F0A','2018-11-04 12:31:34','p2p','p2p.market.couponrule.manage.batchSendCouponAllMember',4,'批量全员发放优惠券','/batchSendCouponAllMember.html',NULL,NULL,NULL,'0000000057f5e8d30157f5e8e959000e','4028218166da2a890166da2ab1bb0052');
INSERT INTO `sys_resource` VALUES ('Function','4028218166da2a890166da2ab3aa0089','system','2018-11-03 23:22:02',1,'2018-11-03 23:22:02','2200-12-31 23:59:59',1,'F0A','2018-11-04 12:31:34','p2p','p2p.market.couponrule.manage.batchSendCoupon',4,'批量选择发放优惠券','/batchSendCoupon.html',NULL,NULL,NULL,'0000000057f5e8d30157f5e8e959000e','4028218166da2a890166da2ab1bb0052');
INSERT INTO `sys_resource` VALUES ('Function','4028218166da2a890166da2ab3b2008a','system','2018-11-03 23:22:02',1,'2018-11-03 23:22:02','2200-12-31 23:59:59',1,'F0A','2018-11-04 12:31:34','p2p','p2p.market.couponrule.manage.showCouponRuleEditForm',4,'新增编辑优惠券','/showCouponRuleEditForm.html',NULL,NULL,NULL,'0000000057f5e8d30157f5e8e959000e','4028218166da2a890166da2ab1bb0052');
INSERT INTO `sys_resource` VALUES ('Function','4028218166da2a890166da2ab3ba008b','system','2018-11-03 23:22:02',1,'2018-11-03 23:22:02','2200-12-31 23:59:59',1,'F0A','2018-11-04 12:31:34','p2p','p2p.market.couponrule.manage.showSendCouponForm',4,'发放优惠券','/showSendCouponForm.html',NULL,NULL,NULL,'0000000057f5e8d30157f5e8e959000e','4028218166da2a890166da2ab1bb0052');
INSERT INTO `sys_resource` VALUES ('Function','4028218166da2a890166da2ab3c1008c','system','2018-11-03 23:22:02',1,'2018-11-03 23:22:02','2200-12-31 23:59:59',1,'F0A','2018-11-04 12:31:34','p2p','p2p.market.couponrule.manage.updateCouponRuleStatus',4,'启用禁用删除优惠券','/updateCouponRuleStatus.html',NULL,NULL,NULL,'0000000057f5e8d30157f5e8e959000e','4028218166da2a890166da2ab1bb0052');
INSERT INTO `sys_resource` VALUES ('Function','4028218166da2a890166da2ab3c7008d','system','2018-11-03 23:22:02',1,'2018-11-03 23:22:02','2200-12-31 23:59:59',1,'F0A','2018-11-04 12:31:34','p2p','p2p.market.coupon.setting.manage.saveOrUpdateCouponSetting',4,'保存优惠券发放设置','/saveOrUpdateCouponSetting.html',NULL,NULL,NULL,'0000000057f5e8d30157f5e8e959000e','4028218166da2a890166da2ab1cd0054');
INSERT INTO `sys_resource` VALUES ('Function','4028218166da2a890166da2ab3cd008e','system','2018-11-03 23:22:02',1,'2018-11-03 23:22:02','2200-12-31 23:59:59',1,'F0A','2018-11-04 12:31:34','p2p','p2p.market.couponrule.manage.couponRuleManage',4,'查看优惠券模板','/couponruleManage.html',NULL,NULL,NULL,'0000000057f5e8d30157f5e8e959000e','4028218166da2a890166da2ab1bb0052');
INSERT INTO `sys_resource` VALUES ('Function','4028218166da2a890166da2ab3d4008f','system','2018-11-03 23:22:02',1,'2018-11-03 23:22:02','2200-12-31 23:59:59',1,'F0A','2018-11-04 12:31:34','p2p','p2p.market.coupon.setting.manage.couponSetting',4,'查看优惠券发放设置','/couponSetting.html',NULL,NULL,NULL,'0000000057f5e8d30157f5e8e959000e','4028218166da2a890166da2ab1cd0054');
INSERT INTO `sys_resource` VALUES ('Menu','4028218166da2a890166da2ab3da0090','system','2018-11-03 23:22:02',1,'2018-11-03 23:22:02','2200-12-31 23:59:59',20301,'F0A','2018-11-04 12:31:34','p2p','p2p.bankroll.accountingsubject',3,'科目设置','/accountsubject.html',NULL,'','','0000000057f5e8d30157f5e8e959000e','4028218166da2a890166da2ab2810065');
INSERT INTO `sys_resource` VALUES ('Menu','4028218166da2a890166da2ab3e10091','system','2018-11-03 23:22:02',1,'2018-11-03 23:22:02','2200-12-31 23:59:59',20302,'F0A','2018-11-04 12:31:34','p2p','p2p.bankroll.accountKeyin',3,'凭证录入','/accountKeyin.html',NULL,'','','0000000057f5e8d30157f5e8e959000e','4028218166da2a890166da2ab2810065');
INSERT INTO `sys_resource` VALUES ('Menu','4028218166da2a890166da2ab3e60092','system','2018-11-03 23:22:02',1,'2018-11-03 23:22:02','2200-12-31 23:59:59',20306,'F0A','2018-11-04 12:31:34','p2p','p2p.bankroll.accountMonthOver',3,'月结账','/accountMonthOver.html',NULL,'','','0000000057f5e8d30157f5e8e959000e','4028218166da2a890166da2ab2810065');
INSERT INTO `sys_resource` VALUES ('Menu','4028218166da2a890166da2ab3ed0093','system','2018-11-03 23:22:02',1,'2018-11-03 23:22:02','2200-12-31 23:59:59',20303,'F0A','2018-11-04 12:31:34','p2p','p2p.bankroll.accountSubjectBalance',3,'发生额查询','/accountSubjectBalance.html',NULL,'','','0000000057f5e8d30157f5e8e959000e','4028218166da2a890166da2ab2810065');
INSERT INTO `sys_resource` VALUES ('Menu','4028218166da2a890166da2ab3f30094','system','2018-11-03 23:22:02',1,'2018-11-03 23:22:02','2200-12-31 23:59:59',20304,'F0A','2018-11-04 12:31:34','p2p','p2p.bankroll.accountDetail',3,'明细账查询','/accountDetail.html',NULL,'','','0000000057f5e8d30157f5e8e959000e','4028218166da2a890166da2ab2810065');
INSERT INTO `sys_resource` VALUES ('Menu','4028218166da2a890166da2ab3f80095','system','2018-11-03 23:22:02',1,'2018-11-03 23:22:02','2200-12-31 23:59:59',20305,'F0A','2018-11-04 12:31:34','p2p','p2p.bankroll.accountSysVoucherList',3,'系统凭证设置','/accountSysVoucherList.html',NULL,'','','0000000057f5e8d30157f5e8e959000e','4028218166da2a890166da2ab2810065');
INSERT INTO `sys_resource` VALUES ('Function','4028218166da2a890166da2ab3ff0096','system','2018-11-03 23:22:02',1,'2018-11-03 23:22:02','2200-12-31 23:59:59',1,'F0A','2018-11-04 12:31:34','p2p','p2p.sms.template.disable',4,'禁用模板','/template/disable.html',NULL,NULL,NULL,'0000000057f5e8d30157f5e8e959000e','4028218166da2a890166da2ab2020057');
INSERT INTO `sys_resource` VALUES ('Function','4028218166da2a890166da2ab4070097','system','2018-11-03 23:22:02',1,'2018-11-03 23:22:02','2200-12-31 23:59:59',1,'F0A','2018-11-04 12:31:34','p2p','p2p.sms.template.enable',4,'启用模板','/template/enable.html',NULL,NULL,NULL,'0000000057f5e8d30157f5e8e959000e','4028218166da2a890166da2ab2020057');
INSERT INTO `sys_resource` VALUES ('Function','4028218166da2a890166da2ab40d0098','system','2018-11-03 23:22:02',1,'2018-11-03 23:22:02','2200-12-31 23:59:59',1,'F0A','2018-11-04 12:31:34','p2p','p2p.sms.template.clone',4,'克隆模板','/template/clone.html',NULL,NULL,NULL,'0000000057f5e8d30157f5e8e959000e','4028218166da2a890166da2ab2020057');
INSERT INTO `sys_resource` VALUES ('Function','4028218166da2a890166da2ab4140099','system','2018-11-03 23:22:02',1,'2018-11-03 23:22:02','2200-12-31 23:59:59',1,'F0A','2018-11-04 12:31:34','p2p','p2p.sms.template.save',5,'保存模板','/template/save.html',NULL,NULL,NULL,'0000000057f5e8d30157f5e8e959000e','4028218166da2a890166da2ab20c0058');
INSERT INTO `sys_resource` VALUES ('Menu','4028218166da2a890166da2ab422009a','system','2018-11-03 23:22:02',1,'2018-11-03 23:22:02','2200-12-31 23:59:59',900,'F0A','2018-11-04 12:31:34','p2p','p2p.product.loanapplication',3,'借款申请管理','/loan-application.html',NULL,'','','0000000057f5e8d30157f5e8e959000e','4028218166da2a890166da2ab26f0063');
/*!40000 ALTER TABLE `sys_resource` ENABLE KEYS */;
UNLOCK TABLES;

--
-- Table structure for table `sys_role`
--

DROP TABLE IF EXISTS `sys_role`;
/*!40101 SET @saved_cs_client     = @@character_set_client */;
/*!40101 SET character_set_client = utf8 */;
CREATE TABLE `sys_role` (
  `roleId` varchar(32) NOT NULL,
  `createBy` varchar(32) DEFAULT NULL,
  `createTime` datetime DEFAULT NULL,
  `version` int(11) DEFAULT NULL,
  `effTime` datetime NOT NULL,
  `expTime` datetime NOT NULL,
  `listSort` int(11) NOT NULL,
  `state` varchar(3) NOT NULL,
  `stateTime` datetime NOT NULL,
  `roleCd` varchar(64) NOT NULL,
  `roleDesc` varchar(255) DEFAULT NULL,
  `roleNm` varchar(128) DEFAULT NULL,
  PRIMARY KEY (`roleId`),
  UNIQUE KEY `UK_evlpl3q0dvydm0g101w4d6cxp` (`roleCd`)
) ENGINE=InnoDB DEFAULT CHARSET=utf8;
/*!40101 SET character_set_client = @saved_cs_client */;

--
-- Dumping data for table `sys_role`
--

LOCK TABLES `sys_role` WRITE;
/*!40000 ALTER TABLE `sys_role` DISABLE KEYS */;
INSERT INTO `sys_role` VALUES ('0000000057fade540157fae1dd570006','system','2016-10-25 16:08:08',0,'2016-10-25 16:08:08','2200-12-31 23:59:59',1,'F0A','2016-10-25 16:08:08','xiapeng',NULL,'夏朋');
INSERT INTO `sys_role` VALUES ('0000000058054f88015805574f40007c','system','2016-10-27 16:52:37',0,'2016-10-27 16:52:37','2200-12-31 23:59:59',1,'F0A','2016-10-27 16:52:37','chakan',NULL,'查看权限');
INSERT INTO `sys_role` VALUES ('ff8080815b23e6f6015b2732ffd60026','system','2017-04-01 09:48:25',0,'2017-04-01 09:48:25','2200-12-31 23:59:59',1,'F0A','2017-04-01 09:48:25','ceshi',NULL,'测试');
INSERT INTO `sys_role` VALUES ('ff8080815b27717f015b277b907b0000','system','2017-04-01 11:07:41',0,'2017-04-01 11:07:41','2200-12-31 23:59:59',1,'F0A','2017-04-01 11:07:41','checkdata',NULL,'123456');
INSERT INTO `sys_role` VALUES ('ff808081635c448301636ca44ecd0005','system','2018-05-17 13:48:17',2,'2018-05-17 13:48:17','2200-12-31 23:59:59',1,'F0A','2018-05-17 13:48:17','COO',NULL,'COO');
/*!40000 ALTER TABLE `sys_role` ENABLE KEYS */;
UNLOCK TABLES;

--
-- Table structure for table `sys_taskconfig`
--

DROP TABLE IF EXISTS `sys_taskconfig`;
/*!40101 SET @saved_cs_client     = @@character_set_client */;
/*!40101 SET character_set_client = utf8 */;
CREATE TABLE `sys_taskconfig` (
  `taskId` varchar(32) NOT NULL,
  `createBy` varchar(32) DEFAULT NULL,
  `createTime` datetime DEFAULT NULL,
  `version` int(11) DEFAULT NULL,
  `effTime` datetime NOT NULL,
  `expTime` datetime NOT NULL,
  `listSort` int(11) NOT NULL,
  `state` varchar(3) NOT NULL,
  `stateTime` datetime NOT NULL,
  `taskCd` varchar(64) DEFAULT NULL,
  `taskCron` varchar(128) DEFAULT NULL,
  `taskDesc` varchar(255) DEFAULT NULL,
  `taskFixedDelay` bigint(20) DEFAULT NULL,
  `taskFixedRate` bigint(20) DEFAULT NULL,
  `taskInitialDelay` bigint(20) DEFAULT NULL,
  `taskMethod` varchar(128) DEFAULT NULL,
  `taskNm` varchar(128) DEFAULT NULL,
  `taskRef` varchar(128) DEFAULT NULL,
  `taskRun` bit(1) DEFAULT NULL,
  `taskTrigger` varchar(128) DEFAULT NULL,
  `writeLog` bit(1) DEFAULT NULL,
  PRIMARY KEY (`taskId`),
  UNIQUE KEY `UK_c3rfog0l4kdafu0c73a96svas` (`taskCd`)
) ENGINE=InnoDB DEFAULT CHARSET=utf8;
/*!40101 SET character_set_client = @saved_cs_client */;

--
-- Dumping data for table `sys_taskconfig`
--

LOCK TABLES `sys_taskconfig` WRITE;
/*!40000 ALTER TABLE `sys_taskconfig` DISABLE KEYS */;
INSERT INTO `sys_taskconfig` VALUES ('1002','system','2016-12-13 01:16:09',3,'2016-12-13 01:16:09','2200-12-31 23:59:59',1,'F0X','2016-12-13 01:16:09','1002','2 0 8 * * ?','开始定时扫描还款计划逾期费用信息并修改',NULL,NULL,NULL,'execute','定时处理产品逾期还款计划的修改','overdueHandleJob','\0',NULL,'\0');
INSERT INTO `sys_taskconfig` VALUES ('1003','system','2016-12-13 01:16:09',5,'2016-12-13 01:16:09','2200-12-31 23:59:59',1,'F0X','2016-12-13 01:16:09','1003','3/30 * * * * ?','定时从待上架状态转为满标或流标状态，每30秒执行一次。',NULL,NULL,NULL,'execute','定时从待上架状态转为满标或流标状态','productToFullOrFlowScaleJob','\0',NULL,'\0');
INSERT INTO `sys_taskconfig` VALUES ('1004','system','2016-12-13 01:16:09',5,'2016-12-13 01:16:09','2200-12-31 23:59:59',1,'F0X','2016-12-13 01:16:09','1004','4/30 * * * * ?','定时从待上架状态转为已上架状态.每30秒执行一次  .',NULL,NULL,NULL,'execute','定时从待上架状态转为已上架状态','productToGroundJob','\0',NULL,'\0');
INSERT INTO `sys_taskconfig` VALUES ('1005','system','2017-03-08 11:35:42',8,'2017-03-08 11:35:42','2200-12-31 23:59:59',1,'F0X','2017-03-08 11:35:42','1005','0/30 * * * * ?','定时从已上架状态转为招标中状态,每30秒执行一次  .',NULL,NULL,NULL,'execute','定时从已上架状态转为招标中状态','productToTenderJob','\0',NULL,'\0');
INSERT INTO `sys_taskconfig` VALUES ('1008','system','2016-12-13 01:16:09',5,'2016-12-13 01:16:09','2200-12-31 23:59:59',1,'F0X','2016-12-13 01:16:09','1008','8 */5 * * * ?','产品流标待处理定时器。每5分钟执行一次',NULL,NULL,NULL,'execute','产品流标待处理定时器','scaleLostJob','\0',NULL,'\0');
INSERT INTO `sys_taskconfig` VALUES ('1010','system','2017-03-28 14:22:55',8,'2017-03-28 14:22:55','2200-12-31 23:59:59',1,'F0X','2017-03-28 14:22:55','1010','10 0 9 * * ?','客户生日时给用户发关怀信息.利用消息模板[triggerNode=member.birthday]',NULL,NULL,NULL,'execute','用户生日关怀定时器','birthdayJob','\0',NULL,'');
INSERT INTO `sys_taskconfig` VALUES ('1011','system','2016-12-13 01:16:09',4,'2016-12-13 01:16:09','2200-12-31 23:59:59',1,'F0X','2016-12-13 01:16:09','1011','11 1 8 * * ?','扫描5天内需要还款的项目，每天凌晨8:01:11执行一次。',NULL,NULL,NULL,'execute','定时处理5天内到期的产品','RepaymentHandleJob','\0',NULL,'\0');
INSERT INTO `sys_taskconfig` VALUES ('1012','system','2016-12-13 01:16:09',3,'2016-12-13 01:16:09','2200-12-31 23:59:59',1,'F0X','2016-12-13 01:16:09','1012','12 10 8 * * ?','扫描产品项目还款的时候是否逾期，并记录到计划还款明细表中',NULL,NULL,NULL,'execute','定时处理产品逾期','OverdueInterestJob','\0',NULL,'\0');
INSERT INTO `sys_taskconfig` VALUES ('1014','system','2017-03-09 15:41:41',11,'2017-03-09 15:41:41','2200-12-31 23:59:59',1,'F0X','2017-03-09 15:41:41','1014','14 */10 * * * ?','支付结果主动查询任务。每分钟执行一次。',NULL,NULL,NULL,'execute','支付结果主动查询任务','payQueryJob','\0',NULL,'\0');
INSERT INTO `sys_taskconfig` VALUES ('1015','system','2017-04-13 17:13:04',6,'2017-04-13 17:13:04','2200-12-31 23:59:59',1,'F0X','2017-04-13 17:13:04','1015','15 * * * * ?','每隔1分钟扫描消息队列并依次发送消息。开始时间：程序启动的那一分钟的第15秒开始，频率为：每1分钟执行1次',NULL,NULL,NULL,'execute','定时扫描队列发送消息定时器','messageSendJob','\0',NULL,'\0');
INSERT INTO `sys_taskconfig` VALUES ('1016','system','2017-03-28 14:24:21',10,'2017-03-28 14:24:21','2200-12-31 23:59:59',1,'F0X','2017-03-28 14:24:21','1016','16 */5 * * * ?','定时处理债权转让申请数据-更新债权单价和当日库存，判定该债权转让是否已到期。',NULL,NULL,NULL,'execute','定时处理债权转让申请数据-更新债权单价和当日库存','creditTransferHandleJob','\0',NULL,'\0');
INSERT INTO `sys_taskconfig` VALUES ('1017','system','2016-12-13 01:16:09',5,'2016-12-13 01:16:09','2200-12-31 23:59:59',1,'F0X','2016-12-13 01:16:09','1017','17 0 0 * * ?','定时处理过期红包数据',NULL,NULL,NULL,'execute','红包过期扫描定时器','CouponOverdueHandleJob','\0',NULL,'\0');
INSERT INTO `sys_taskconfig` VALUES ('1018','system','2017-04-13 16:37:44',8,'2017-04-13 16:37:44','2200-12-31 23:59:59',1,'F0X','2017-04-13 16:37:44','1018','8 */3 * * * ?','使用中优惠卷处理器 每分钟执行一次',NULL,NULL,NULL,'execute','使用中优惠劵处理器','useingCouponHandleJob','\0',NULL,'\0');
INSERT INTO `sys_taskconfig` VALUES ('1022','system','2016-12-13 01:16:09',5,'2016-12-13 01:16:09','2200-12-31 23:59:59',1,'F0X','2016-12-13 01:16:09','1022','22 */20 * * * ?','充值提现申请超时取消任务（单位:天）每20分钟执行一次',NULL,NULL,NULL,'execute','充值提现申请超时取消任务','rechargeApplyCancelJob','\0',NULL,'\0');
INSERT INTO `sys_taskconfig` VALUES ('1050','system','2016-12-13 01:16:09',3,'2016-12-13 01:16:09','2200-12-31 23:59:59',1,'F0X','2016-12-13 01:16:09','1050','0 1 1 * * ?','自动清理早期过期的访问记录，保证访问记录表不至于保存太多数据。',NULL,NULL,NULL,'execute','访问数据及短信请求数据清理定时器','cleanVisitDataJob','\0',NULL,'\0');
INSERT INTO `sys_taskconfig` VALUES ('2001','system','2018-08-29 10:22:20',14,'2018-08-29 10:22:20','2200-12-31 23:59:59',1,'F0X','2018-08-29 10:22:20','2001','21 * */5 * * ?','充值提现结果查询任务,每5分钟执行一次  ',NULL,NULL,NULL,'execute','充值提现结果查询任务','rechargeCashQueryJob','\0',NULL,'\0');
INSERT INTO `sys_taskconfig` VALUES ('2002','system','2017-03-10 10:50:41',28,'2017-03-10 10:50:41','2200-12-31 23:59:59',1,'F0X','2017-03-10 10:50:41','2002','22 */2 9-20 * * ?','项目自动投标处理',NULL,NULL,NULL,'execute','项目自动投标处理','productAutoBidJob','\0',NULL,'\0');
INSERT INTO `sys_taskconfig` VALUES ('2003','system','2017-01-11 11:46:46',2,'2017-01-11 11:46:46','2200-12-31 23:59:59',1,'F0X','2017-01-11 11:46:46','2003','0 1 0 1 * ?','账务系统月结账。每月月初执行一次。',NULL,NULL,NULL,'execute','账务系统月结账','accountMonthOverJob','\0',NULL,'\0');
INSERT INTO `sys_taskconfig` VALUES ('402821816661122e0166611308760000','system','2018-10-11 11:02:09',0,'2018-10-11 11:02:09','2200-12-31 23:59:59',1,'F0X','2018-10-11 11:02:09','20011','0 1 0 1 * ?','账务系统月结账。每月月初执行一次。',NULL,NULL,NULL,'execute','重置风险评估','restRiskResultJob','\0',NULL,'\0');
INSERT INTO `sys_taskconfig` VALUES ('4028b88162047ba90162047bc6810000','system','2018-08-29 10:27:19',4,'2018-08-29 10:27:19','2200-12-31 23:59:59',1,'F0X','2018-08-29 10:27:19','2004','14 * 2 * * ?','合同盖章定时处理',NULL,NULL,NULL,'execute','合同盖章定时器','contractSignJob','\0',NULL,'\0');
INSERT INTO `sys_taskconfig` VALUES ('4028b88162195fe40162196012df0000','system','2018-08-29 10:27:06',4,'2018-08-29 10:27:06','2200-12-31 23:59:59',1,'F0X','2018-08-29 10:27:06','2005','30 * 2 * * ?','合同盖章定时处理',NULL,NULL,NULL,'execute','合同证据链定时器','contractSceneJob','\0',NULL,'\0');
INSERT INTO `sys_taskconfig` VALUES ('ff8080815b655c16015b655c27de0000','system','2017-04-13 17:18:25',8,'2017-04-13 17:18:25','2200-12-31 23:59:59',1,'F0X','2017-04-13 17:18:25','1023','23 0 9 * * ?','红包过期失效前提醒',NULL,NULL,NULL,'execute','超时债权购买订单处理器','couponBeforeOverdueHandleJob','\0',NULL,'\0');
INSERT INTO `sys_taskconfig` VALUES ('ff8080815e999c2d015e999e0bbc0000','system','2017-09-19 18:10:25',0,'2017-09-19 18:10:25','2200-12-31 23:59:59',1,'F0X','2017-09-19 18:10:25','1020','20 20 0 1 * ?','',NULL,NULL,NULL,'execute','取消合伙人资格定时器','brokerCancleJob','\0',NULL,'\0');
INSERT INTO `sys_taskconfig` VALUES ('ff8080815e999c2d015e999e0c370001','system','2017-09-19 18:10:25',0,'2017-09-19 18:10:25','2200-12-31 23:59:59',1,'F0X','2017-09-19 18:10:25','1006','6 6 0 1 * ?','',NULL,NULL,NULL,'execute','合伙人升级定时器','brokerUpgradeJob','\0',NULL,'\0');
INSERT INTO `sys_taskconfig` VALUES ('ff8080815e999c2d015e999e0cce0002','system','2017-09-19 18:10:25',0,'2017-09-19 18:10:25','2200-12-31 23:59:59',1,'F0X','2017-09-19 18:10:25','1019','19 19 0 1 * ?','',NULL,NULL,NULL,'execute','合伙人佣金提成取消定时器','commCancleJob','\0',NULL,'\0');
INSERT INTO `sys_taskconfig` VALUES ('ff8080815e999c2d015e999e0e270003','system','2017-09-19 18:10:25',0,'2017-09-19 18:10:25','2200-12-31 23:59:59',1,'F0X','2017-09-19 18:10:25','1021','21 */1 * * * ?','债权投资订单对账定时器',NULL,NULL,NULL,'execute','债权购买支付结果主动查询任务','PayQueryCreditJob','\0',NULL,'\0');
INSERT INTO `sys_taskconfig` VALUES ('ff808081650d3f5a01650d3f91650000','system','2018-08-06 11:19:54',0,'2018-08-06 11:19:54','2200-12-31 23:59:59',1,'F0X','2018-08-06 11:19:54','3001','0 15 12 * * ?','还款中项目定时检查',NULL,NULL,NULL,'execute','还款中项目定时检查','timingCheckJob','\0',NULL,'\0');
/*!40000 ALTER TABLE `sys_taskconfig` ENABLE KEYS */;
UNLOCK TABLES;

--
-- Table structure for table `sys_tasklog`
--

DROP TABLE IF EXISTS `sys_tasklog`;
/*!40101 SET @saved_cs_client     = @@character_set_client */;
/*!40101 SET character_set_client = utf8 */;
CREATE TABLE `sys_tasklog` (
  `taskLogId` varchar(32) NOT NULL,
  `createBy` varchar(32) DEFAULT NULL,
  `createTime` datetime DEFAULT NULL,
  `version` int(11) DEFAULT NULL,
  `execDate` date DEFAULT NULL,
  `execTime` datetime DEFAULT NULL,
  `message` varchar(1000) DEFAULT NULL,
  `status` int(11) DEFAULT NULL,
  `taskCd` varchar(64) DEFAULT NULL,
  `taskNm` varchar(128) DEFAULT NULL,
  PRIMARY KEY (`taskLogId`)
) ENGINE=InnoDB DEFAULT CHARSET=utf8;
/*!40101 SET character_set_client = @saved_cs_client */;

--
-- Dumping data for table `sys_tasklog`
--

LOCK TABLES `sys_tasklog` WRITE;
/*!40000 ALTER TABLE `sys_tasklog` DISABLE KEYS */;
/*!40000 ALTER TABLE `sys_tasklog` ENABLE KEYS */;
UNLOCK TABLES;

--
-- Table structure for table `sys_user`
--

DROP TABLE IF EXISTS `sys_user`;
/*!40101 SET @saved_cs_client     = @@character_set_client */;
/*!40101 SET character_set_client = utf8 */;
CREATE TABLE `sys_user` (
  `userId` varchar(32) NOT NULL,
  `createBy` varchar(32) DEFAULT NULL,
  `createTime` datetime DEFAULT NULL,
  `version` int(11) DEFAULT NULL,
  `effTime` datetime DEFAULT NULL,
  `expTime` datetime DEFAULT NULL,
  `listSort` int(11) DEFAULT NULL,
  `state` varchar(3) DEFAULT NULL,
  `stateTime` datetime DEFAULT NULL,
  `isAdmin` int(11) DEFAULT NULL,
  `lastIp` varchar(16) DEFAULT NULL,
  `lastLogin` datetime DEFAULT NULL,
  `password` varchar(32) DEFAULT NULL,
  `userCd` varchar(32) DEFAULT NULL,
  `userNm` varchar(128) DEFAULT NULL,
  PRIMARY KEY (`userId`),
  UNIQUE KEY `UK_f5um4svcta7vmh6tksuwvg6fb` (`userCd`)
) ENGINE=InnoDB DEFAULT CHARSET=utf8;
/*!40101 SET character_set_client = @saved_cs_client */;

--
-- Dumping data for table `sys_user`
--

LOCK TABLES `sys_user` WRITE;
/*!40000 ALTER TABLE `sys_user` DISABLE KEYS */;
INSERT INTO `sys_user` VALUES ('0000000057fade540157fae223d30073','system','2016-10-25 16:08:26',0,'2016-10-25 16:08:26','2200-12-31 23:59:59',1,'F0A','2016-10-25 16:08:26',0,NULL,NULL,'c7122a1349c22cb3c009da3613d242ab','xiapeng','夏朋');
INSERT INTO `sys_user` VALUES ('1000','system','2016-09-18 17:00:05',3,'2016-09-18 17:00:05','2114-12-31 23:59:59',1,'F0A','2016-09-18 17:00:05',1,'127.0.0.1','2015-03-24 19:41:18','c7122a1349c22cb3c009da3613d242ab','admin','系统管理员');
INSERT INTO `sys_user` VALUES ('2000','system','2016-09-18 17:00:05',0,'2016-09-18 17:00:05','2114-12-31 23:59:59',1,'F0X','2016-09-18 17:00:05',1,'127.0.0.1','2015-03-24 19:41:18','c7122a1349c22cb3c009da3613d242ab','system','系统用户');
INSERT INTO `sys_user` VALUES ('ff808081550119b20155059a65fb0071','system','2016-09-18 17:00:05',1,'2016-09-18 17:00:05','2018-05-28 17:17:58',1,'F0X','2018-05-28 17:17:58',0,NULL,NULL,'c7122a1349c22cb3c009da3613d242ab','fang','fangxuanzheng');
INSERT INTO `sys_user` VALUES ('ff8080815b23e6f6015b2732beac0024','system','2017-04-01 09:48:08',0,'2017-04-01 09:48:08','2200-12-31 23:59:59',2,'F0A','2017-04-01 09:48:08',0,NULL,NULL,'c7122a1349c22cb3c009da3613d242ab','zhengda','正大');
INSERT INTO `sys_user` VALUES ('ff8080815b27717f015b277c128b0006','system','2017-04-01 11:08:14',0,'2017-04-01 11:08:14','2200-12-31 23:59:59',1,'F0A','2017-04-01 11:08:14',0,NULL,NULL,'c7122a1349c22cb3c009da3613d242ab','wxm','wxm');
INSERT INTO `sys_user` VALUES ('ff808081616f785101617080a46d0000','system','2018-02-07 21:42:14',0,'2018-02-07 21:42:14','2200-12-31 23:59:59',1,'F0A','2018-02-07 21:42:14',0,NULL,NULL,'c7122a1349c22cb3c009da3613d242ab','test','test');
/*!40000 ALTER TABLE `sys_user` ENABLE KEYS */;
UNLOCK TABLES;

--
-- Table structure for table `sys_user_role`
--

DROP TABLE IF EXISTS `sys_user_role`;
/*!40101 SET @saved_cs_client     = @@character_set_client */;
/*!40101 SET character_set_client = utf8 */;
CREATE TABLE `sys_user_role` (
  `userRoleId` varchar(32) NOT NULL,
  `createBy` varchar(32) DEFAULT NULL,
  `createTime` datetime DEFAULT NULL,
  `version` int(11) DEFAULT NULL,
  `effTime` datetime NOT NULL,
  `expTime` datetime NOT NULL,
  `listSort` int(11) NOT NULL,
  `state` varchar(3) NOT NULL,
  `stateTime` datetime NOT NULL,
  `roleId` varchar(32) DEFAULT NULL,
  `userId` varchar(32) DEFAULT NULL,
  PRIMARY KEY (`userRoleId`),
  KEY `FK_8uk74b467ws5k8xi7ivekvx5e` (`roleId`),
  KEY `FK_pvdaavr91tnlrmeg3t7o12gin` (`userId`),
  CONSTRAINT `FK_8uk74b467ws5k8xi7ivekvx5e` FOREIGN KEY (`roleId`) REFERENCES `sys_role` (`roleId`),
  CONSTRAINT `FK_pvdaavr91tnlrmeg3t7o12gin` FOREIGN KEY (`userId`) REFERENCES `sys_user` (`userId`)
) ENGINE=InnoDB DEFAULT CHARSET=utf8;
/*!40101 SET character_set_client = @saved_cs_client */;

--
-- Dumping data for table `sys_user_role`
--

LOCK TABLES `sys_user_role` WRITE;
/*!40000 ALTER TABLE `sys_user_role` DISABLE KEYS */;
INSERT INTO `sys_user_role` VALUES ('0000000057fade540157fae223e00074','system','2016-10-25 16:08:26',0,'2016-10-25 16:08:26','2200-12-31 23:59:59',1,'F0A','2016-10-25 16:08:26','0000000057fade540157fae1dd570006','0000000057fade540157fae223d30073');
INSERT INTO `sys_user_role` VALUES ('0000000058054f880158055773320099','system','2016-10-27 16:52:47',0,'2016-10-27 16:52:47','2200-12-31 23:59:59',1,'F0A','2016-10-27 16:52:47','0000000058054f88015805574f40007c','ff808081550119b20155059a65fb0071');
INSERT INTO `sys_user_role` VALUES ('00000000580a9c7f01580aafa7010007','system','2016-10-28 17:47:13',0,'2016-10-28 17:47:13','2200-12-31 23:59:59',1,'F0A','2016-10-28 17:47:13','0000000058054f88015805574f40007c','0000000057fade540157fae223d30073');
INSERT INTO `sys_user_role` VALUES ('ff8080815b23e6f6015b2732bec60025','system','2017-04-01 09:48:08',1,'2017-04-01 09:48:08','2017-04-01 09:48:36',1,'F0X','2017-04-01 09:48:36','0000000058054f88015805574f40007c','ff8080815b23e6f6015b2732beac0024');
INSERT INTO `sys_user_role` VALUES ('ff8080815b23e6f6015b27332b05006f','system','2017-04-01 09:48:36',0,'2017-04-01 09:48:36','2200-12-31 23:59:59',1,'F0A','2017-04-01 09:48:36','ff8080815b23e6f6015b2732ffd60026','ff8080815b23e6f6015b2732beac0024');
INSERT INTO `sys_user_role` VALUES ('ff8080815b27717f015b277c12a50007','system','2017-04-01 11:08:14',0,'2017-04-01 11:08:14','2200-12-31 23:59:59',1,'F0A','2017-04-01 11:08:14','ff8080815b27717f015b277b907b0000','ff8080815b27717f015b277c128b0006');
INSERT INTO `sys_user_role` VALUES ('ff808081616f785101617080a4ba0001','system','2018-02-07 21:42:14',0,'2018-02-07 21:42:14','2200-12-31 23:59:59',1,'F0A','2018-02-07 21:42:14','0000000058054f88015805574f40007c','ff808081616f785101617080a46d0000');
/*!40000 ALTER TABLE `sys_user_role` ENABLE KEYS */;
UNLOCK TABLES;

--
-- Table structure for table `sysoperationlog`
--

DROP TABLE IF EXISTS `sysoperationlog`;
/*!40101 SET @saved_cs_client     = @@character_set_client */;
/*!40101 SET character_set_client = utf8 */;
CREATE TABLE `sysoperationlog` (
  `logId` varchar(32) NOT NULL,
  `createBy` varchar(32) DEFAULT NULL,
  `createTime` datetime DEFAULT NULL,
  `version` int(11) DEFAULT NULL,
  `operateContent` varchar(200) DEFAULT NULL,
  `operateObj` varchar(32) DEFAULT NULL,
  `operateObjName` varchar(200) DEFAULT NULL,
  `operateObjType` varchar(32) DEFAULT NULL,
  `operateTime` datetime DEFAULT NULL,
  `operateType` int(11) DEFAULT NULL,
  `operatorAccount` varchar(32) DEFAULT NULL,
  `operatorId` varchar(32) DEFAULT NULL,
  `operatorType` varchar(255) DEFAULT NULL,
  `remark` varchar(200) DEFAULT NULL,
  PRIMARY KEY (`logId`)
) ENGINE=InnoDB DEFAULT CHARSET=utf8;
/*!40101 SET character_set_client = @saved_cs_client */;

--
-- Dumping data for table `sysoperationlog`
--

LOCK TABLES `sysoperationlog` WRITE;
/*!40000 ALTER TABLE `sysoperationlog` DISABLE KEYS */;
INSERT INTO `sysoperationlog` VALUES ('4028218166da2a890166da2bae2b00a8','system','2018-11-03 23:23:08',0,'[项目申请提交]银票宝:待审核','4028218166da2a890166da2b6b9500a4','银票宝','1','2018-11-03 23:23:08',3,'admin','1000','20','');
INSERT INTO `sysoperationlog` VALUES ('4028218166da2a890166da2bbf0d00ad','system','2018-11-03 23:23:12',0,'[项目申请审核]银票宝2375期招标中','4028218166da2a890166da2b6b9500a4','银票宝2375期','1','2018-11-03 23:23:12',3,'admin','1000','20','');
INSERT INTO `sysoperationlog` VALUES ('4028218166da2a890166dcd835bf00b2','system','2018-11-04 11:50:49',0,'[项目申请提交]银票宝:待审核','4028218166da2a890166dcc0fcd100b0','银票宝','1','2018-11-04 11:50:49',3,'admin','1000','20','');
INSERT INTO `sysoperationlog` VALUES ('4028218166da2a890166dcf1543600b7','system','2018-11-04 12:18:15',0,'[项目申请审核]银票宝2376期招标中','4028218166da2a890166dcc0fcd100b0','银票宝2376期','1','2018-11-04 12:18:15',3,'admin','1000','20','');
INSERT INTO `sysoperationlog` VALUES ('4028218166dcfd5d0166de3fe455000b','system','2018-11-04 18:23:41',0,'[满标处理]P-181104112527121929:满标待审->待放款','4028218166da2a890166dcc0fcd100b0','P-181104112527121929','1','2018-11-04 18:23:41',3,'admin','1000','20',NULL);
INSERT INTO `sysoperationlog` VALUES ('4028218166dcfd5d0166de4431030010','system','2018-11-04 18:28:23',0,'[项目申请提交]银票宝:待审核','4028218166dcfd5d0166de422b05000e','银票宝','1','2018-11-04 18:28:23',3,'admin','1000','20','');
INSERT INTO `sysoperationlog` VALUES ('4028218166dcfd5d0166de48860b0015','system','2018-11-04 18:33:07',0,'[项目申请审核]银票宝2377期待招标','4028218166dcfd5d0166de422b05000e','银票宝2377期','1','2018-11-04 18:33:07',3,'admin','1000','20','');
/*!40000 ALTER TABLE `sysoperationlog` ENABLE KEYS */;
UNLOCK TABLES;

--
-- Table structure for table `tax_rate_config`
--

DROP TABLE IF EXISTS `tax_rate_config`;
/*!40101 SET @saved_cs_client     = @@character_set_client */;
/*!40101 SET character_set_client = utf8 */;
CREATE TABLE `tax_rate_config` (
  `id` varchar(32) NOT NULL,
  `createBy` varchar(32) DEFAULT NULL,
  `createTime` datetime DEFAULT NULL,
  `version` int(11) DEFAULT NULL,
  `maxLimitAmt` decimal(19,4) DEFAULT NULL,
  `minLimitAmt` decimal(19,4) DEFAULT NULL,
  `quickDeductionAmt` decimal(19,4) DEFAULT NULL,
  `taxRate` decimal(19,4) DEFAULT NULL,
  PRIMARY KEY (`id`)
) ENGINE=InnoDB DEFAULT CHARSET=utf8;
/*!40101 SET character_set_client = @saved_cs_client */;

--
-- Dumping data for table `tax_rate_config`
--

LOCK TABLES `tax_rate_config` WRITE;
/*!40000 ALTER TABLE `tax_rate_config` DISABLE KEYS */;
/*!40000 ALTER TABLE `tax_rate_config` ENABLE KEYS */;
UNLOCK TABLES;

--
-- Table structure for table `telcommunicationrecord`
--

DROP TABLE IF EXISTS `telcommunicationrecord`;
/*!40101 SET @saved_cs_client     = @@character_set_client */;
/*!40101 SET character_set_client = utf8 */;
CREATE TABLE `telcommunicationrecord` (
  `recordId` varchar(32) NOT NULL,
  `createBy` varchar(32) DEFAULT NULL,
  `createTime` datetime DEFAULT NULL,
  `version` int(11) DEFAULT NULL,
  `commuText` varchar(500) DEFAULT NULL,
  `commuTime` datetime DEFAULT NULL,
  `memberAccount` varchar(32) DEFAULT NULL,
  `memberId` varchar(32) DEFAULT NULL,
  `operatorAccount` varchar(32) DEFAULT NULL,
  `operatorId` varchar(32) DEFAULT NULL,
  `orderCd` varchar(32) DEFAULT NULL,
  `orderId` varchar(32) DEFAULT NULL,
  `productId` varchar(32) DEFAULT NULL,
  `productNm` varchar(32) DEFAULT NULL,
  `status` int(11) DEFAULT NULL,
  PRIMARY KEY (`recordId`)
) ENGINE=InnoDB DEFAULT CHARSET=utf8;
/*!40101 SET character_set_client = @saved_cs_client */;

--
-- Dumping data for table `telcommunicationrecord`
--

LOCK TABLES `telcommunicationrecord` WRITE;
/*!40000 ALTER TABLE `telcommunicationrecord` DISABLE KEYS */;
/*!40000 ALTER TABLE `telcommunicationrecord` ENABLE KEYS */;
UNLOCK TABLES;

--
-- Table structure for table `test_call`
--

DROP TABLE IF EXISTS `test_call`;
/*!40101 SET @saved_cs_client     = @@character_set_client */;
/*!40101 SET character_set_client = utf8 */;
CREATE TABLE `test_call` (
  `param` mediumtext,
  `id` int(11) NOT NULL AUTO_INCREMENT,
  PRIMARY KEY (`id`)
) ENGINE=InnoDB DEFAULT CHARSET=utf8 AVG_ROW_LENGTH=1;
/*!40101 SET character_set_client = @saved_cs_client */;

--
-- Dumping data for table `test_call`
--

LOCK TABLES `test_call` WRITE;
/*!40000 ALTER TABLE `test_call` DISABLE KEYS */;
/*!40000 ALTER TABLE `test_call` ENABLE KEYS */;
UNLOCK TABLES;

--
-- Table structure for table `tradedetail`
--

DROP TABLE IF EXISTS `tradedetail`;
/*!40101 SET @saved_cs_client     = @@character_set_client */;
/*!40101 SET character_set_client = utf8 */;
CREATE TABLE `tradedetail` (
  `tradeDetailId` varchar(32) NOT NULL,
  `createBy` varchar(32) DEFAULT NULL,
  `createTime` datetime DEFAULT NULL,
  `version` int(11) DEFAULT NULL,
  `accountCd` varchar(255) DEFAULT NULL,
  `itemAmount` decimal(19,2) DEFAULT NULL,
  `itemTypeCd` varchar(6) DEFAULT NULL,
  `itemTypeNm` varchar(255) DEFAULT NULL,
  `nodeFlag` varchar(255) DEFAULT NULL,
  `nodePk` varchar(255) DEFAULT NULL,
  `remark` varchar(255) DEFAULT NULL,
  `rollInout` int(11) DEFAULT NULL,
  `serialNbr` varchar(255) DEFAULT NULL,
  `status` int(11) DEFAULT NULL,
  `memberId` varchar(32) DEFAULT NULL,
  `productId` varchar(32) DEFAULT NULL,
  `currentBalance` varchar(255) DEFAULT NULL,
  `operationSrc` int(11) DEFAULT NULL,
  PRIMARY KEY (`tradeDetailId`),
  KEY `FK_qrsa3hebksk22gkrcxribk8yp` (`memberId`),
  KEY `FK_8v35bdjcfghe35f3nckl0ntge` (`productId`),
  KEY `FK_serialNbr` (`serialNbr`),
  CONSTRAINT `FK_qrsa3hebksk22gkrcxribk8yp` FOREIGN KEY (`memberId`) REFERENCES `member` (`memberId`)
) ENGINE=InnoDB DEFAULT CHARSET=utf8;
/*!40101 SET character_set_client = @saved_cs_client */;

--
-- Dumping data for table `tradedetail`
--

LOCK TABLES `tradedetail` WRITE;
/*!40000 ALTER TABLE `tradedetail` DISABLE KEYS */;
INSERT INTO `tradedetail` VALUES ('4028218166dcfcf40166dcff7da70001','system','2018-11-04 12:33:43',0,'PP201803150920300012000053',2000.00,'100100','出借','2','4028218166dcfcf40166dcff7d140000','【P-181104112527121929】银票宝2376期-出借-2000.00元',1,'PP1810121746916',1,'ff80808162272ed1016227340b250002','4028218166da2a890166dcc0fcd100b0',NULL,NULL);
INSERT INTO `tradedetail` VALUES ('4028218166dcfcf40166dcffd23d0007','system','2018-11-04 12:34:05',0,'PP201803150920300012000053',7951.00,'100100','出借','2','4028218166dcfcf40166dcffd21d0006','【P-181104112527121929】银票宝2376期-出借-7951.00元',1,'PP1810121746916',1,'ff80808162272ed1016227340b250002','4028218166da2a890166dcc0fcd100b0',NULL,NULL);
/*!40000 ALTER TABLE `tradedetail` ENABLE KEYS */;
UNLOCK TABLES;

--
-- Table structure for table `tradedetailrecord`
--

DROP TABLE IF EXISTS `tradedetailrecord`;
/*!40101 SET @saved_cs_client     = @@character_set_client */;
/*!40101 SET character_set_client = utf8 */;
CREATE TABLE `tradedetailrecord` (
  `tradeDetailId` varchar(32) NOT NULL,
  `createBy` varchar(32) DEFAULT NULL,
  `createTime` datetime DEFAULT NULL,
  `version` int(11) DEFAULT NULL,
  `deleted` int(11) DEFAULT NULL,
  `updateBy` varchar(255) NOT NULL,
  `updateTime` datetime NOT NULL,
  `feeType` int(11) DEFAULT NULL,
  `hasChecked` int(11) DEFAULT NULL,
  `inMemberId` varchar(32) DEFAULT NULL,
  `isMainRecord` int(11) DEFAULT NULL,
  `itemTypeCd` varchar(6) DEFAULT NULL,
  `itemTypeNm` varchar(64) DEFAULT NULL,
  `outMemberId` varchar(32) DEFAULT NULL,
  `remark` varchar(200) DEFAULT NULL,
  `saveStatus` int(11) DEFAULT NULL,
  `status` int(11) DEFAULT NULL,
  `tradeAmount` decimal(19,2) DEFAULT NULL,
  `tradeEndTime` datetime DEFAULT NULL,
  `tradeId` varchar(32) DEFAULT NULL,
  PRIMARY KEY (`tradeDetailId`)
) ENGINE=InnoDB DEFAULT CHARSET=utf8;
/*!40101 SET character_set_client = @saved_cs_client */;

--
-- Dumping data for table `tradedetailrecord`
--

LOCK TABLES `tradedetailrecord` WRITE;
/*!40000 ALTER TABLE `tradedetailrecord` DISABLE KEYS */;
/*!40000 ALTER TABLE `tradedetailrecord` ENABLE KEYS */;
UNLOCK TABLES;

--
-- Table structure for table `tradesummary`
--

DROP TABLE IF EXISTS `tradesummary`;
/*!40101 SET @saved_cs_client     = @@character_set_client */;
/*!40101 SET character_set_client = utf8 */;
CREATE TABLE `tradesummary` (
  `tradeId` varchar(32) NOT NULL,
  `createBy` varchar(32) DEFAULT NULL,
  `createTime` datetime DEFAULT NULL,
  `version` int(11) DEFAULT NULL,
  `deleted` int(11) DEFAULT NULL,
  `updateBy` varchar(255) NOT NULL,
  `updateTime` datetime NOT NULL,
  `hasChecked` int(11) DEFAULT NULL,
  `inOutFlag` int(11) DEFAULT NULL,
  `memberId` varchar(32) DEFAULT NULL,
  `realCd` varchar(32) DEFAULT NULL,
  `remark` varchar(200) DEFAULT NULL,
  `serialId` varchar(32) DEFAULT NULL,
  `sourceDataId` varchar(32) DEFAULT NULL,
  `sourceDataName` varchar(64) DEFAULT NULL,
  `status` int(11) DEFAULT NULL,
  `tradeAmount` decimal(19,2) DEFAULT NULL,
  `tradeEndTime` datetime DEFAULT NULL,
  `tradeType` int(11) DEFAULT NULL,
  PRIMARY KEY (`tradeId`)
) ENGINE=InnoDB DEFAULT CHARSET=utf8;
/*!40101 SET character_set_client = @saved_cs_client */;

--
-- Dumping data for table `tradesummary`
--

LOCK TABLES `tradesummary` WRITE;
/*!40000 ALTER TABLE `tradesummary` DISABLE KEYS */;
/*!40000 ALTER TABLE `tradesummary` ENABLE KEYS */;
UNLOCK TABLES;

--
-- Table structure for table `transaction_flow`
--

DROP TABLE IF EXISTS `transaction_flow`;
/*!40101 SET @saved_cs_client     = @@character_set_client */;
/*!40101 SET character_set_client = utf8 */;
CREATE TABLE `transaction_flow` (
  `id` varchar(32) NOT NULL,
  `createBy` varchar(32) DEFAULT NULL,
  `createTime` datetime DEFAULT NULL,
  `version` int(11) DEFAULT NULL,
  `callbackParams` varchar(4000) DEFAULT NULL,
  `callbackTime` datetime DEFAULT NULL,
  `callbackUrl` varchar(4000) DEFAULT NULL,
  `requestParams` varchar(4000) DEFAULT NULL,
  `requestTime` datetime DEFAULT NULL,
  `requestUrl` varchar(4000) DEFAULT NULL,
  PRIMARY KEY (`id`)
) ENGINE=InnoDB DEFAULT CHARSET=utf8;
/*!40101 SET character_set_client = @saved_cs_client */;

--
-- Dumping data for table `transaction_flow`
--

LOCK TABLES `transaction_flow` WRITE;
/*!40000 ALTER TABLE `transaction_flow` DISABLE KEYS */;
/*!40000 ALTER TABLE `transaction_flow` ENABLE KEYS */;
UNLOCK TABLES;

--
-- Table structure for table `transferdetail`
--

DROP TABLE IF EXISTS `transferdetail`;
/*!40101 SET @saved_cs_client     = @@character_set_client */;
/*!40101 SET character_set_client = utf8 */;
CREATE TABLE `transferdetail` (
  `transferDetailId` varchar(32) NOT NULL,
  `createBy` varchar(32) DEFAULT NULL,
  `createTime` datetime DEFAULT NULL,
  `version` int(11) DEFAULT NULL,
  `itemAmount` decimal(19,2) DEFAULT NULL,
  `itemTypeCd` varchar(6) DEFAULT NULL,
  `itemTypeNm` varchar(64) DEFAULT NULL,
  `memberIdA` varchar(32) DEFAULT NULL,
  `memberIdZ` varchar(32) DEFAULT NULL,
  `bankInvestTransferId` varchar(32) DEFAULT NULL,
  PRIMARY KEY (`transferDetailId`),
  KEY `FK_ildgb4wtxk22rlb3w5t5j8e8k` (`bankInvestTransferId`),
  CONSTRAINT `FK_ildgb4wtxk22rlb3w5t5j8e8k` FOREIGN KEY (`bankInvestTransferId`) REFERENCES `bankinvesttransfer` (`bankInvestTransferId`)
) ENGINE=InnoDB DEFAULT CHARSET=utf8;
/*!40101 SET character_set_client = @saved_cs_client */;

--
-- Dumping data for table `transferdetail`
--

LOCK TABLES `transferdetail` WRITE;
/*!40000 ALTER TABLE `transferdetail` DISABLE KEYS */;
/*!40000 ALTER TABLE `transferdetail` ENABLE KEYS */;
UNLOCK TABLES;

--
-- Table structure for table `transferspecial`
--

DROP TABLE IF EXISTS `transferspecial`;
/*!40101 SET @saved_cs_client     = @@character_set_client */;
/*!40101 SET character_set_client = utf8 */;
CREATE TABLE `transferspecial` (
  `transferSpecialId` varchar(32) NOT NULL,
  `createBy` varchar(32) DEFAULT NULL,
  `createTime` datetime DEFAULT NULL,
  `version` int(11) DEFAULT NULL,
  `deleted` int(11) DEFAULT NULL,
  `updateBy` varchar(255) NOT NULL,
  `updateTime` datetime NOT NULL,
  `amount` decimal(19,2) DEFAULT NULL,
  `ceateByName` varchar(128) DEFAULT NULL,
  `inAccountCd` varchar(64) DEFAULT NULL,
  `inMemberId` varchar(32) DEFAULT NULL,
  `inPhone` varchar(13) DEFAULT NULL,
  `inRealCd` varchar(32) DEFAULT NULL,
  `inRealNm` varchar(64) DEFAULT NULL,
  `orderId` varchar(32) DEFAULT NULL,
  `outAccountCd` varchar(64) DEFAULT NULL,
  `outMemberId` varchar(32) DEFAULT NULL,
  `outPhone` varchar(13) DEFAULT NULL,
  `outRealCd` varchar(32) DEFAULT NULL,
  `outRealNm` varchar(64) DEFAULT NULL,
  `outsideOrderNo` varchar(32) DEFAULT NULL,
  `outsideSerialNo` varchar(32) DEFAULT NULL,
  `remark` varchar(255) DEFAULT NULL,
  `status` int(11) DEFAULT NULL,
  PRIMARY KEY (`transferSpecialId`)
) ENGINE=InnoDB DEFAULT CHARSET=utf8;
/*!40101 SET character_set_client = @saved_cs_client */;

--
-- Dumping data for table `transferspecial`
--

LOCK TABLES `transferspecial` WRITE;
/*!40000 ALTER TABLE `transferspecial` DISABLE KEYS */;
/*!40000 ALTER TABLE `transferspecial` ENABLE KEYS */;
UNLOCK TABLES;

--
-- Table structure for table `user_summary`
--

DROP TABLE IF EXISTS `user_summary`;
/*!40101 SET @saved_cs_client     = @@character_set_client */;
/*!40101 SET character_set_client = utf8 */;
CREATE TABLE `user_summary` (
  `id` varchar(32) NOT NULL,
  `createBy` varchar(32) DEFAULT NULL,
  `createTime` datetime DEFAULT NULL,
  `version` int(11) DEFAULT NULL,
  `amountAward` decimal(19,2) DEFAULT NULL,
  `amountAwardInvest` decimal(19,2) DEFAULT NULL,
  `amountAwardRow` int(11) DEFAULT NULL,
  `amountCash` decimal(19,2) DEFAULT NULL,
  `amountCashRow` int(11) DEFAULT NULL,
  `amountDueRepayAll` decimal(19,2) DEFAULT NULL,
  `amountDueRepayCapital` decimal(19,2) DEFAULT NULL,
  `amountDueRepayInterest` decimal(19,2) DEFAULT NULL,
  `amountDueRepayRow` int(11) DEFAULT NULL,
  `amountDueRepayedAll` decimal(19,2) DEFAULT NULL,
  `amountDueRepayedCapital` decimal(19,2) DEFAULT NULL,
  `amountDueRepayedInterest` decimal(19,2) DEFAULT NULL,
  `amountDueRepayedRow` int(11) DEFAULT NULL,
  `amountDueinAll` decimal(19,2) DEFAULT NULL,
  `amountDueinCapital` decimal(19,2) DEFAULT NULL,
  `amountDueinInterest` decimal(19,2) DEFAULT NULL,
  `amountDueinRow` int(11) DEFAULT NULL,
  `amountInedAll` decimal(19,2) DEFAULT NULL,
  `amountInedCapital` decimal(19,2) DEFAULT NULL,
  `amountInedInterest` decimal(19,2) DEFAULT NULL,
  `amountInedRow` int(11) DEFAULT NULL,
  `amountInterestFee` decimal(19,2) DEFAULT NULL,
  `amountInvest` decimal(19,2) DEFAULT NULL,
  `amountInvestRow` int(11) DEFAULT NULL,
  `amountInvit` decimal(19,2) DEFAULT NULL,
  `amountRecharge` decimal(19,2) DEFAULT NULL,
  `amountRechargeRow` int(11) DEFAULT NULL,
  `memberId` varchar(32) DEFAULT NULL,
  `investIntegral` decimal(19,2) DEFAULT NULL,
  PRIMARY KEY (`id`),
  KEY `FK_fws4rahva8b6fessy9ent1m0v` (`memberId`),
  CONSTRAINT `FK_fws4rahva8b6fessy9ent1m0v` FOREIGN KEY (`memberId`) REFERENCES `member` (`memberId`)
) ENGINE=InnoDB DEFAULT CHARSET=utf8;
/*!40101 SET character_set_client = @saved_cs_client */;

--
-- Dumping data for table `user_summary`
--

LOCK TABLES `user_summary` WRITE;
/*!40000 ALTER TABLE `user_summary` DISABLE KEYS */;
INSERT INTO `user_summary` VALUES ('4028218166da2a310166da5524f60003','webAPISystem','2018-11-04 00:08:25',0,0.00,0.00,0,0.00,0,0.00,0.00,0.00,0,0.00,0.00,0.00,0,0.00,0.00,0.00,0,0.00,0.00,0.00,0,0.00,0.00,0,0.00,0.00,0,'4028218166da2a310166da5524eb0002',0.00);
/*!40000 ALTER TABLE `user_summary` ENABLE KEYS */;
UNLOCK TABLES;

--
-- Table structure for table `visitdata`
--

DROP TABLE IF EXISTS `visitdata`;
/*!40101 SET @saved_cs_client     = @@character_set_client */;
/*!40101 SET character_set_client = utf8 */;
CREATE TABLE `visitdata` (
  `dataId` varchar(32) NOT NULL,
  `createBy` varchar(32) DEFAULT NULL,
  `createTime` datetime DEFAULT NULL,
  `version` int(11) DEFAULT NULL,
  `userData` varchar(255) DEFAULT NULL,
  `visitIp` varchar(50) DEFAULT NULL,
  `visitType` varchar(128) DEFAULT NULL,
  PRIMARY KEY (`dataId`)
) ENGINE=InnoDB DEFAULT CHARSET=utf8;
/*!40101 SET character_set_client = @saved_cs_client */;

--
-- Dumping data for table `visitdata`
--

LOCK TABLES `visitdata` WRITE;
/*!40000 ALTER TABLE `visitdata` DISABLE KEYS */;
INSERT INTO `visitdata` VALUES ('4028218166da2a310166da5415b50001','system','2018-11-04 00:07:16',0,'18982283448','127.0.0.1','before.register.send.mCheckCode');
INSERT INTO `visitdata` VALUES ('ff8080816668f48c01667c3101380017','system','2018-10-16 17:24:38',0,'15801927933','218.81.1.149','before.register.send.mCheckCode');
INSERT INTO `visitdata` VALUES ('ff8080816668f48c01667c336aae0019','system','2018-10-16 17:27:16',0,'15801927933','218.81.1.149','before.register.send.mCheckCode');
INSERT INTO `visitdata` VALUES ('ff808081667fbd010166824106a90001','system','2018-10-17 21:39:52',0,'13962922257','61.172.208.11','before.register.send.mCheckCode');
/*!40000 ALTER TABLE `visitdata` ENABLE KEYS */;
UNLOCK TABLES;
/*!40103 SET TIME_ZONE=@OLD_TIME_ZONE */;

/*!40101 SET SQL_MODE=@OLD_SQL_MODE */;
/*!40014 SET FOREIGN_KEY_CHECKS=@OLD_FOREIGN_KEY_CHECKS */;
/*!40014 SET UNIQUE_CHECKS=@OLD_UNIQUE_CHECKS */;
/*!40101 SET CHARACTER_SET_CLIENT=@OLD_CHARACTER_SET_CLIENT */;
/*!40101 SET CHARACTER_SET_RESULTS=@OLD_CHARACTER_SET_RESULTS */;
/*!40101 SET COLLATION_CONNECTION=@OLD_COLLATION_CONNECTION */;
/*!40111 SET SQL_NOTES=@OLD_SQL_NOTES */;

-- Dump completed
